"事故類型及型態子類別名稱","發生年度","發生月份","發生日期","發生時間","天候名稱","光線名稱","速限.第1當事者","道路型態子類別名稱","事故位置子類別名稱","路面狀況.路面鋪裝名稱","路面狀況.路面狀態名稱","道路障礙.視距品質名稱","號誌.號誌動作名稱","車道劃分設施.分向設施大類別名稱","車道劃分設施.分道設施.快慢車道間名稱","車道劃分設施.分道設施.路面邊線名稱","當事者事故發生時年齡","行動電話或電腦或其他相類功能裝置名稱","經度","緯度","縣市","鄉鎮"
"撞路樹、電桿","2019",1,10,13,"陰","日間自然光線",50,"直路","一般車道(未劃分快慢車道)","柏油","乾燥","良好","無號誌","行車分向線","未繪設快慢車道分隔線","有",41,"未使用",121.193945,25.049263,"桃園市","大園區"
"路口交岔撞","2019",1,10,17,"晴","日間自然光線",40,"四岔路","交叉路口內","柏油","乾燥","良好","無號誌","無","未繪設快慢車道分隔線","無",57,"未使用",120.337079,22.60267,"高雄市","鳳山區"
"路口交岔撞","2019",1,10,17,"晴","日間自然光線",40,"四岔路","交叉路口內","柏油","乾燥","良好","無號誌","無","未繪設快慢車道分隔線","無",41,"未使用",120.337079,22.60267,"高雄市","鳳山區"
"側撞","2019",1,10,18,"陰","夜間(或隧道、地下道、涵洞)有照明",50,"三岔路","交叉路口內","柏油","乾燥","良好","無號誌","雙向禁止超車線","快慢車道分隔線","無",26,"未使用",121.580085,25.084712,"臺北市","內湖區"
"側撞","2019",1,10,18,"陰","夜間(或隧道、地下道、涵洞)有照明",50,"三岔路","交叉路口內","柏油","乾燥","良好","無號誌","雙向禁止超車線","快慢車道分隔線","無",64,"未使用",121.580085,25.084712,"臺北市","內湖區"
"側撞","2019",1,10,18,"陰","夜間(或隧道、地下道、涵洞)有照明",50,"三岔路","交叉路口內","柏油","乾燥","良好","無號誌","雙向禁止超車線","快慢車道分隔線","無",25,"未使用",121.580085,25.084712,"臺北市","內湖區"
"側撞","2019",1,10,18,"陰","夜間(或隧道、地下道、涵洞)有照明",50,"三岔路","交叉路口內","柏油","乾燥","良好","無號誌","雙向禁止超車線","快慢車道分隔線","無",2,"未使用",121.580085,25.084712,"臺北市","內湖區"
"側撞","2019",1,10,18,"晴","夜間(或隧道、地下道、涵洞)有照明",50,"直路","快車道","柏油","乾燥","良好","正常","中央分向島","快慢車道分隔線","有",23,"未使用",120.548172,23.718308,"雲林縣","斗六市"
"側撞","2019",1,10,18,"晴","夜間(或隧道、地下道、涵洞)有照明",50,"直路","快車道","柏油","乾燥","良好","正常","中央分向島","快慢車道分隔線","有",18,"未使用",120.548172,23.718308,"雲林縣","斗六市"
"其他","2019",1,11,5,"晴","夜間(或隧道、地下道、涵洞)有照明",110,"直路","快車道","柏油","乾燥","良好","無號誌","中央分向島","未繪設快慢車道分隔線","有",60,"不明",120.472782,23.775474,"雲林縣","西螺鎮"
"其他","2019",1,11,5,"晴","夜間(或隧道、地下道、涵洞)有照明",110,"直路","快車道","柏油","乾燥","良好","無號誌","中央分向島","未繪設快慢車道分隔線","有",39,"未使用",120.472782,23.775474,"雲林縣","西螺鎮"
"其他","2019",1,11,5,"晴","夜間(或隧道、地下道、涵洞)有照明",110,"直路","快車道","柏油","乾燥","良好","無號誌","中央分向島","未繪設快慢車道分隔線","有",60,"非汽(機)車駕駛人",120.472782,23.775474,"雲林縣","西螺鎮"
"其他","2019",1,11,5,"晴","夜間(或隧道、地下道、涵洞)有照明",110,"直路","快車道","柏油","乾燥","良好","無號誌","中央分向島","未繪設快慢車道分隔線","有",57,"未使用",120.472782,23.775474,"雲林縣","西螺鎮"
"側撞","2019",1,11,9,"晴","日間自然光線",70,"其他","一般車道(未劃分快慢車道)","柏油","乾燥","良好","正常","中央分向島","未繪設快慢車道分隔線","有",62,"未使用",121.834675,24.6259,"宜蘭縣","蘇澳鎮"
"側撞","2019",1,11,9,"晴","日間自然光線",70,"其他","一般車道(未劃分快慢車道)","柏油","乾燥","良好","正常","中央分向島","未繪設快慢車道分隔線","有",35,"未使用",121.834675,24.6259,"宜蘭縣","蘇澳鎮"
"側撞","2019",1,11,9,"晴","日間自然光線",50,"直路","快車道","柏油","乾燥","良好","無號誌","中央分向島","快慢車道分隔線","無",24,"未使用",120.686063,24.178273,"臺中市","北屯區"
"側撞","2019",1,11,9,"晴","日間自然光線",50,"直路","快車道","柏油","乾燥","良好","無號誌","中央分向島","快慢車道分隔線","無",55,"未使用",120.686063,24.178273,"臺中市","北屯區"
"側撞","2019",1,11,9,"晴","日間自然光線",50,"直路","快車道","柏油","乾燥","良好","無號誌","中央分向島","快慢車道分隔線","無",46,"未使用",120.686063,24.178273,"臺中市","北屯區"
"路口交岔撞","2019",1,11,10,"陰","日間自然光線",30,"四岔路","交叉路口內","柏油","乾燥","良好","無號誌","無","未繪設快慢車道分隔線","無",42,"不明",120.820949,24.604039,"苗栗縣","後龍鎮"
"路口交岔撞","2019",1,11,10,"陰","日間自然光線",30,"四岔路","交叉路口內","柏油","乾燥","良好","無號誌","無","未繪設快慢車道分隔線","無",78,"不明",120.820949,24.604039,"苗栗縣","後龍鎮"
"追撞","2019",1,11,11,"晴","日間自然光線",50,"直路","一般車道(未劃分快慢車道)","柏油","乾燥","良好","正常","雙向禁止超車線","未繪設快慢車道分隔線","有",36,"未使用",121.625749,23.987787,"花蓮縣","花蓮市"
"追撞","2019",1,11,11,"晴","日間自然光線",50,"直路","一般車道(未劃分快慢車道)","柏油","乾燥","良好","正常","雙向禁止超車線","未繪設快慢車道分隔線","有",32,"未使用",121.625749,23.987787,"花蓮縣","花蓮市"
"其他","2019",1,11,15,"晴","日間自然光線",50,"四岔路","交叉路口內","柏油","乾燥","良好","無號誌","中央分向島","快慢車道分隔線","有",30,"未使用",120.582754,24.283085,"臺中市","清水區"
"其他","2019",1,11,15,"晴","日間自然光線",50,"四岔路","交叉路口內","柏油","乾燥","良好","無號誌","中央分向島","快慢車道分隔線","有",64,"非汽(機)車駕駛人",120.582754,24.283085,"臺中市","清水區"
"撞路樹、電桿","2019",1,11,16,"晴","日間自然光線",70,"直路","一般車道(未劃分快慢車道)","柏油","乾燥","良好","無號誌","中央分向島","未繪設快慢車道分隔線","有",33,"未使用",120.341811,23.96576,"彰化縣","芳苑鄉"
"撞路樹、電桿","2019",1,11,16,"晴","日間自然光線",70,"直路","一般車道(未劃分快慢車道)","柏油","乾燥","良好","無號誌","中央分向島","未繪設快慢車道分隔線","有",34,"未使用",120.341811,23.96576,"彰化縣","芳苑鄉"
"側撞","2019",1,11,21,"晴","日間自然光線",60,"四岔路","交叉路口內","柏油","乾燥","良好","正常","單向禁止超車線","未繪設快慢車道分隔線","有",42,"未使用",121.429309,25.06335,"新北市","泰山區"
"側撞","2019",1,11,21,"晴","日間自然光線",60,"四岔路","交叉路口內","柏油","乾燥","良好","正常","單向禁止超車線","未繪設快慢車道分隔線","有",30,"未使用",121.429309,25.06335,"新北市","泰山區"
"撞橋樑、建築物","2019",1,11,23,"晴","夜間(或隧道、地下道、涵洞)有照明",40,"橋樑","一般車道(未劃分快慢車道)","柏油","乾燥","良好","無號誌","無","未繪設快慢車道分隔線","無",26,"未使用",121.520318,23.880646,"花蓮縣","壽豐鄉"
"撞護欄(樁)","2019",1,12,0,"晴","夜間(或隧道、地下道、涵洞)有照明",50,"橋樑","快車道","柏油","乾燥","良好","無號誌","無","未繪設快慢車道分隔線","有",39,"未使用",121.47145,25.020326,"新北市","板橋區"
"其他","2019",1,12,1,"晴","夜間(或隧道、地下道、涵洞)有照明",50,"四岔路","交叉路口內","柏油","乾燥","良好","正常","雙向禁止超車線","快慢車道分隔線","無",47,"非汽(機)車駕駛人",120.333588,22.605671,"高雄市","前鎮區"
"其他","2019",1,12,1,"晴","夜間(或隧道、地下道、涵洞)有照明",50,"四岔路","交叉路口內","柏油","乾燥","良好","正常","雙向禁止超車線","快慢車道分隔線","無",22,"未使用",120.333588,22.605671,"高雄市","前鎮區"
"其他","2019",1,12,12,"晴","日間自然光線",40,"直路","一般車道(未劃分快慢車道)","柏油","乾燥","良好","無號誌","無","未繪設快慢車道分隔線","無",63,"不明",120.714284,24.138817,"臺中市","太平區"
"其他","2019",1,12,12,"晴","日間自然光線",40,"直路","一般車道(未劃分快慢車道)","柏油","乾燥","良好","無號誌","無","未繪設快慢車道分隔線","無",6,"非汽(機)車駕駛人",120.714284,24.138817,"臺中市","太平區"
"其他","2019",1,12,13,"晴","日間自然光線",40,"直路","快車道","柏油","乾燥","良好","正常","中央分向島","快慢車道分隔線","有",75,"未使用",121.372332,24.93799,"新北市","三峽區"
"其他","2019",1,12,13,"晴","日間自然光線",40,"直路","快車道","柏油","乾燥","良好","正常","中央分向島","快慢車道分隔線","有",37,"未使用",121.372332,24.93799,"新北市","三峽區"
"撞護欄(樁)","2019",1,12,14,"晴","日間自然光線",90,"直路","快車道","柏油","乾燥","良好","無號誌","中央分向島","未繪設快慢車道分隔線","有",46,"未使用",121.539365,24.958751,"新北市","新店區"
"撞護欄(樁)","2019",1,12,14,"晴","日間自然光線",90,"直路","快車道","柏油","乾燥","良好","無號誌","中央分向島","未繪設快慢車道分隔線","有",67,"未使用",121.539365,24.958751,"新北市","新店區"
"撞護欄(樁)","2019",1,12,14,"晴","日間自然光線",90,"直路","快車道","柏油","乾燥","良好","無號誌","中央分向島","未繪設快慢車道分隔線","有",44,"未使用",121.539365,24.958751,"新北市","新店區"
"撞護欄(樁)","2019",1,12,14,"晴","日間自然光線",90,"直路","快車道","柏油","乾燥","良好","無號誌","中央分向島","未繪設快慢車道分隔線","有",29,"未使用",121.539365,24.958751,"新北市","新店區"
"側撞","2019",1,12,14,"晴","日間自然光線",50,"三岔路","交叉路口內","柏油","乾燥","良好","無號誌","中央分向島","快慢車道分隔線","有",19,"未使用",120.144498,22.996091,"臺南市","安平區"
"側撞","2019",1,12,14,"晴","日間自然光線",50,"三岔路","交叉路口內","柏油","乾燥","良好","無號誌","中央分向島","快慢車道分隔線","有",36,"未使用",120.144498,22.996091,"臺南市","安平區"
"側撞","2019",1,12,14,"晴","日間自然光線",50,"三岔路","交叉路口內","柏油","乾燥","良好","無號誌","中央分向島","快慢車道分隔線","有",19,"未使用",120.144498,22.996091,"臺南市","安平區"
"穿越道路中","2019",1,12,19,"晴","夜間(或隧道、地下道、涵洞)有照明",40,"直路","快車道","柏油","乾燥","良好","正常","雙向禁止超車線","快慢車道分隔線","有",51,"非汽(機)車駕駛人",121.413873,24.955711,"新北市","土城區"
"穿越道路中","2019",1,12,19,"晴","夜間(或隧道、地下道、涵洞)有照明",40,"直路","快車道","柏油","乾燥","良好","正常","雙向禁止超車線","快慢車道分隔線","有",24,"未使用",121.413873,24.955711,"新北市","土城區"
"對撞","2019",1,12,19,"陰","夜間(或隧道、地下道、涵洞)有照明",110,"直路","快車道","柏油","乾燥","良好","無號誌","中央分向島","未繪設快慢車道分隔線","有",37,"未使用",120.689749,24.244086,"臺中市","神岡區"
"對撞","2019",1,12,19,"陰","夜間(或隧道、地下道、涵洞)有照明",110,"直路","快車道","柏油","乾燥","良好","無號誌","中央分向島","未繪設快慢車道分隔線","有",85,"未使用",120.689749,24.244086,"臺中市","神岡區"
"對撞","2019",1,12,19,"陰","夜間(或隧道、地下道、涵洞)有照明",110,"直路","快車道","柏油","乾燥","良好","無號誌","中央分向島","未繪設快慢車道分隔線","有",37,"未使用",120.689749,24.244086,"臺中市","神岡區"
"對撞","2019",1,12,19,"陰","夜間(或隧道、地下道、涵洞)有照明",110,"直路","快車道","柏油","乾燥","良好","無號誌","中央分向島","未繪設快慢車道分隔線","有",60,"未使用",120.689749,24.244086,"臺中市","神岡區"
"追撞","2019",1,13,2,"晴","夜間(或隧道、地下道、涵洞)有照明",110,"直路","快車道","柏油","乾燥","良好","無號誌","中央分向島","未繪設快慢車道分隔線","有",18,"未使用",120.358876,23.431245,"嘉義縣","水上鄉"
"追撞","2019",1,13,2,"晴","夜間(或隧道、地下道、涵洞)有照明",110,"直路","快車道","柏油","乾燥","良好","無號誌","中央分向島","未繪設快慢車道分隔線","有",60,"未使用",120.358876,23.431245,"嘉義縣","水上鄉"
"追撞","2019",1,13,2,"晴","夜間(或隧道、地下道、涵洞)有照明",110,"直路","快車道","柏油","乾燥","良好","無號誌","中央分向島","未繪設快慢車道分隔線","有",18,"非汽(機)車駕駛人",120.358876,23.431245,"嘉義縣","水上鄉"
"追撞","2019",1,13,2,"晴","夜間(或隧道、地下道、涵洞)有照明",110,"直路","快車道","柏油","乾燥","良好","無號誌","中央分向島","未繪設快慢車道分隔線","有",39,"未使用",120.358876,23.431245,"嘉義縣","水上鄉"
"追撞","2019",1,13,2,"晴","夜間(或隧道、地下道、涵洞)有照明",110,"直路","快車道","柏油","乾燥","良好","無號誌","中央分向島","未繪設快慢車道分隔線","有",25,"未使用",120.358876,23.431245,"嘉義縣","水上鄉"
"追撞","2019",1,13,2,"晴","夜間(或隧道、地下道、涵洞)有照明",110,"直路","快車道","柏油","乾燥","良好","無號誌","中央分向島","未繪設快慢車道分隔線","有",54,"不明",120.358876,23.431245,"嘉義縣","水上鄉"
"同向通行中","2019",1,13,5,"晴","夜間(或隧道、地下道、涵洞)有照明",50,"四岔路","快車道","柏油","乾燥","良好","正常","雙向禁止超車線","快慢車道分隔線","有",52,"未使用",120.647394,24.43418,"苗栗縣","苑裡鎮"
"同向通行中","2019",1,13,5,"晴","夜間(或隧道、地下道、涵洞)有照明",50,"四岔路","快車道","柏油","乾燥","良好","正常","雙向禁止超車線","快慢車道分隔線","有",83,"非汽(機)車駕駛人",120.647394,24.43418,"苗栗縣","苑裡鎮"
"其他","2019",1,13,5,"晴","晨或暮光",50,"四岔路","交叉路口內","柏油","乾燥","良好","正常","中央分向島","未繪設快慢車道分隔線","有",40,"不明",120.596731,22.3819,"屏東縣","枋寮鄉"
"其他","2019",1,13,5,"晴","晨或暮光",50,"四岔路","交叉路口內","柏油","乾燥","良好","正常","中央分向島","未繪設快慢車道分隔線","有",76,"非汽(機)車駕駛人",120.596731,22.3819,"屏東縣","枋寮鄉"
"其他","2019",1,13,11,"晴","日間自然光線",20,"直路","一般車道(未劃分快慢車道)","柏油","乾燥","良好","無號誌","無","未繪設快慢車道分隔線","有",39,"未使用",121.008339,24.765243,"新竹縣","寶山鄉"
"衝出路外","2019",1,13,14,"晴","日間自然光線",50,"彎曲路及附近","路肩、路緣","柏油","乾燥","不良","無號誌","單向禁止超車線","未繪設快慢車道分隔線","有",23,"未使用",120.530795,23.076731,"臺南市","南化區"
"撞路樹、電桿","2019",1,13,16,"陰","日間自然光線",50,"直路","一般車道(未劃分快慢車道)","柏油","乾燥","良好","無號誌","行車分向線","未繪設快慢車道分隔線","有",70,"不明",121.034688,25.014291,"桃園市","新屋區"
"側撞","2019",1,13,16,"晴","日間自然光線",70,"直路","一般車道(未劃分快慢車道)","柏油","乾燥","良好","無號誌","無","未繪設快慢車道分隔線","無",45,"未使用",120.408234,23.558945,"嘉義縣","民雄鄉"
"側撞","2019",1,13,16,"晴","日間自然光線",70,"直路","一般車道(未劃分快慢車道)","柏油","乾燥","良好","無號誌","無","未繪設快慢車道分隔線","無",76,"未使用",120.408234,23.558945,"嘉義縣","民雄鄉"
"側撞","2019",1,13,17,"晴","晨或暮光",60,"三岔路","交叉路口內","柏油","乾燥","良好","正常","無","未繪設快慢車道分隔線","無",53,"未使用",120.3642,22.71203,"高雄市","仁武區"
"側撞","2019",1,13,17,"晴","晨或暮光",60,"三岔路","交叉路口內","柏油","乾燥","良好","正常","無","未繪設快慢車道分隔線","無",18,"未使用",120.3642,22.71203,"高雄市","仁武區"
"穿越道路中","2019",1,13,18,"晴","夜間(或隧道、地下道、涵洞)有照明",50,"直路","一般車道(未劃分快慢車道)","柏油","乾燥","良好","無號誌","雙向禁止超車線","未繪設快慢車道分隔線","有",23,"不明",120.774332,23.941834,"南投縣","中寮鄉"
"穿越道路中","2019",1,13,18,"晴","夜間(或隧道、地下道、涵洞)有照明",50,"直路","一般車道(未劃分快慢車道)","柏油","乾燥","良好","無號誌","雙向禁止超車線","未繪設快慢車道分隔線","有",87,"非汽(機)車駕駛人",120.774332,23.941834,"南投縣","中寮鄉"
"穿越道路中","2019",1,13,18,"晴","夜間(或隧道、地下道、涵洞)有照明",50,"三岔路","交叉路口內","柏油","乾燥","良好","正常","中央分向島","未繪設快慢車道分隔線","有",53,"未使用",121.510881,25.080026,"臺北市","士林區"
"穿越道路中","2019",1,13,18,"晴","夜間(或隧道、地下道、涵洞)有照明",50,"三岔路","交叉路口內","柏油","乾燥","良好","正常","中央分向島","未繪設快慢車道分隔線","有",58,"非汽(機)車駕駛人",121.510881,25.080026,"臺北市","士林區"
"衝出路外","2019",1,13,19,"雨","夜間(或隧道、地下道、涵洞)有照明",50,"直路","一般車道(未劃分快慢車道)","柏油","濕潤","良好","無號誌","行車分向線","未繪設快慢車道分隔線","有",62,"未使用",121.783773,24.654037,"宜蘭縣","冬山鄉"
"撞工程施工","2019",1,14,2,"晴","夜間(或隧道、地下道、涵洞)有照明",50,"彎曲路及附近","路肩、路緣","柏油","乾燥","良好","無號誌","中央分向島","快慢車道分隔線","無",22,"不明",121.607209,25.081066,"臺北市","內湖區"
"追撞","2019",1,14,4,"晴","夜間(或隧道、地下道、涵洞)有照明",60,"直路","一般車道(未劃分快慢車道)","柏油","乾燥","良好","無號誌","雙向禁止超車線","快慢車道分隔線","有",71,"不明",120.480341,23.1045,"臺南市","玉井區"
"追撞","2019",1,14,4,"晴","夜間(或隧道、地下道、涵洞)有照明",60,"直路","一般車道(未劃分快慢車道)","柏油","乾燥","良好","無號誌","雙向禁止超車線","快慢車道分隔線","有",48,"未使用",120.480341,23.1045,"臺南市","玉井區"
"追撞","2019",1,14,4,"晴","夜間(或隧道、地下道、涵洞)有照明",60,"直路","一般車道(未劃分快慢車道)","柏油","乾燥","良好","無號誌","雙向禁止超車線","快慢車道分隔線","有",71,"不明",120.480341,23.1045,"臺南市","玉井區"
"側撞","2019",1,14,8,"晴","日間自然光線",50,"四岔路","交叉路口內","柏油","乾燥","良好","無號誌","無","未繪設快慢車道分隔線","無",78,"未使用",120.35643,23.382379,"臺南市","後壁區"
"側撞","2019",1,14,8,"晴","日間自然光線",50,"四岔路","交叉路口內","柏油","乾燥","良好","無號誌","無","未繪設快慢車道分隔線","無",46,"未使用",120.35643,23.382379,"臺南市","後壁區"
"路口交岔撞","2019",1,14,9,"晴","日間自然光線",50,"四岔路","交叉路口內","柏油","乾燥","良好","無號誌","無","未繪設快慢車道分隔線","無",22,"未使用",120.542404,24.226379,"臺中市","梧棲區"
"路口交岔撞","2019",1,14,9,"晴","日間自然光線",50,"四岔路","交叉路口內","柏油","乾燥","良好","無號誌","無","未繪設快慢車道分隔線","無",50,"未使用",120.542404,24.226379,"臺中市","梧棲區"
"路口交岔撞","2019",1,14,17,"晴","日間自然光線",40,"四岔路","交叉路口內","柏油","乾燥","良好","無號誌","無","未繪設快慢車道分隔線","無",32,"不明",120.252897,23.795116,"雲林縣","麥寮鄉"
"路口交岔撞","2019",1,14,17,"晴","日間自然光線",40,"四岔路","交叉路口內","柏油","乾燥","良好","無號誌","無","未繪設快慢車道分隔線","無",47,"不明",120.252897,23.795116,"雲林縣","麥寮鄉"
"路口交岔撞","2019",1,14,21,"晴","夜間(或隧道、地下道、涵洞)有照明",50,"四岔路","交叉路口內","柏油","乾燥","良好","正常","中央分向島","寛式快慢車道分隔島(50公分以上)","無",61,"未使用",120.28528,22.725537,"高雄市","楠梓區"
"路口交岔撞","2019",1,14,21,"晴","夜間(或隧道、地下道、涵洞)有照明",50,"四岔路","交叉路口內","柏油","乾燥","良好","正常","中央分向島","寛式快慢車道分隔島(50公分以上)","無",44,"未使用",120.28528,22.725537,"高雄市","楠梓區"
"對撞","2019",1,15,8,"晴","日間自然光線",60,"彎曲路及附近","一般車道(未劃分快慢車道)","柏油","乾燥","良好","無號誌","雙向禁止超車線","未繪設快慢車道分隔線","有",30,"未使用",120.395981,23.347046,"臺南市","白河區"
"對撞","2019",1,15,8,"晴","日間自然光線",60,"彎曲路及附近","一般車道(未劃分快慢車道)","柏油","乾燥","良好","無號誌","雙向禁止超車線","未繪設快慢車道分隔線","有",35,"未使用",120.395981,23.347046,"臺南市","白河區"
"撞護欄(樁)","2019",1,15,12,"晴","日間自然光線",40,"彎曲路及附近","一般車道(未劃分快慢車道)","柏油","乾燥","良好","無號誌","行車分向線","未繪設快慢車道分隔線","有",16,"不明",121.528254,25.130503,"臺北市","北投區"
"撞護欄(樁)","2019",1,15,12,"晴","日間自然光線",40,"彎曲路及附近","一般車道(未劃分快慢車道)","柏油","乾燥","良好","無號誌","行車分向線","未繪設快慢車道分隔線","有",17,"非汽(機)車駕駛人",121.528254,25.130503,"臺北市","北投區"
"穿越道路中","2019",1,15,15,"晴","晨或暮光",50,"多岔路","交叉路口內","柏油","乾燥","良好","無號誌","雙向禁止超車線","未繪設快慢車道分隔線","有",27,"未使用",121.42639,24.990655,"新北市","板橋區"
"穿越道路中","2019",1,15,15,"晴","晨或暮光",50,"多岔路","交叉路口內","柏油","乾燥","良好","無號誌","雙向禁止超車線","未繪設快慢車道分隔線","有",77,"非汽(機)車駕駛人",121.42639,24.990655,"新北市","板橋區"
"側撞","2019",1,15,17,"晴","日間自然光線",50,"四岔路","交叉口附近","柏油","乾燥","良好","正常","雙向禁止超車線","未繪設快慢車道分隔線","有",63,"未使用",121.46377,25.082184,"新北市","蘆洲區"
"側撞","2019",1,15,17,"晴","日間自然光線",50,"四岔路","交叉口附近","柏油","乾燥","良好","正常","雙向禁止超車線","未繪設快慢車道分隔線","有",59,"未使用",121.46377,25.082184,"新北市","蘆洲區"
"側撞","2019",1,15,18,"晴","夜間(或隧道、地下道、涵洞)有照明",60,"三岔路","交叉路口內","柏油","乾燥","良好","正常","中央分向島","未繪設快慢車道分隔線","有",36,"未使用",120.693307,23.761296,"南投縣","竹山鎮"
"側撞","2019",1,15,18,"晴","夜間(或隧道、地下道、涵洞)有照明",60,"三岔路","交叉路口內","柏油","乾燥","良好","正常","中央分向島","未繪設快慢車道分隔線","有",79,"未使用",120.693307,23.761296,"南投縣","竹山鎮"
"同向擦撞","2019",1,15,21,"晴","夜間(或隧道、地下道、涵洞)有照明",50,"直路","一般車道(未劃分快慢車道)","柏油","乾燥","良好","無號誌","中央分向島","未繪設快慢車道分隔線","無",63,"未使用",120.655145,24.168831,"臺中市","西屯區"
"同向擦撞","2019",1,15,21,"晴","夜間(或隧道、地下道、涵洞)有照明",50,"直路","一般車道(未劃分快慢車道)","柏油","乾燥","良好","無號誌","中央分向島","未繪設快慢車道分隔線","無",18,"未使用",120.655145,24.168831,"臺中市","西屯區"
"穿越道路中","2019",1,16,5,"雨","夜間(或隧道、地下道、涵洞)有照明",50,"三岔路","交叉口附近","柏油","濕潤","良好","無號誌","雙向禁止超車線","快慢車道分隔線","無",63,"未使用",120.67529,24.09779,"臺中市","大里區"
"穿越道路中","2019",1,16,5,"雨","夜間(或隧道、地下道、涵洞)有照明",50,"三岔路","交叉口附近","柏油","濕潤","良好","無號誌","雙向禁止超車線","快慢車道分隔線","無",73,"非汽(機)車駕駛人",120.67529,24.09779,"臺中市","大里區"
"追撞","2019",1,16,5,"雨","夜間(或隧道、地下道、涵洞)有照明",50,"直路","一般車道(未劃分快慢車道)","柏油","濕潤","良好","無號誌","行車分向線","未繪設快慢車道分隔線","有",34,"不明",120.581465,24.350113,"臺中市","大安區"
"追撞","2019",1,16,5,"雨","夜間(或隧道、地下道、涵洞)有照明",50,"直路","一般車道(未劃分快慢車道)","柏油","濕潤","良好","無號誌","行車分向線","未繪設快慢車道分隔線","有",42,"不明",120.581465,24.350113,"臺中市","大安區"
"撞護欄(樁)","2019",1,16,12,"陰","日間自然光線",90,"直路","快車道","柏油","濕潤","良好","無號誌","中央分向島","未繪設快慢車道分隔線","有",28,"不明",121.205057,24.928902,"桃園市","平鎮區"
"撞路樹、電桿","2019",1,16,13,"晴","日間自然光線",40,"直路","慢車道","柏油","乾燥","良好","無號誌","中央分向島","快慢車道分隔線","有",108,"",120.359262,22.698507,"高雄市","仁武區"
"撞路樹、電桿","2019",1,16,13,"晴","日間自然光線",40,"直路","慢車道","柏油","乾燥","良好","無號誌","中央分向島","快慢車道分隔線","有",41,"未使用",120.359262,22.698507,"高雄市","仁武區"
"穿越道路中","2019",1,16,19,"雨","夜間(或隧道、地下道、涵洞)有照明",60,"三岔路","穿越道附近","柏油","濕潤","良好","正常","無","未繪設快慢車道分隔線","無",45,"未使用",121.281663,24.872455,"桃園市","大溪區"
"穿越道路中","2019",1,16,19,"雨","夜間(或隧道、地下道、涵洞)有照明",60,"三岔路","穿越道附近","柏油","濕潤","良好","正常","無","未繪設快慢車道分隔線","無",51,"未使用",121.281663,24.872455,"桃園市","大溪區"
"穿越道路中","2019",1,16,19,"雨","夜間(或隧道、地下道、涵洞)有照明",60,"三岔路","穿越道附近","柏油","濕潤","良好","正常","無","未繪設快慢車道分隔線","無",64,"非汽(機)車駕駛人",121.281663,24.872455,"桃園市","大溪區"
"其他","2019",1,16,20,"雨","夜間(或隧道、地下道、涵洞)有照明",40,"直路","一般車道(未劃分快慢車道)","柏油","濕潤","良好","無號誌","無","未繪設快慢車道分隔線","有",50,"不明",120.728986,24.237926,"臺中市","豐原區"
"側撞","2019",1,16,22,"雨","夜間(或隧道、地下道、涵洞)有照明",50,"三岔路","交叉路口內","柏油","濕潤","良好","正常","行車分向線","未繪設快慢車道分隔線","無",55,"未使用",121.459237,25.133559,"新北市","淡水區"
"側撞","2019",1,16,22,"雨","夜間(或隧道、地下道、涵洞)有照明",50,"三岔路","交叉路口內","柏油","濕潤","良好","正常","行車分向線","未繪設快慢車道分隔線","無",21,"不明",121.459237,25.133559,"新北市","淡水區"
"穿越道路中","2019",1,17,5,"晴","夜間(或隧道、地下道、涵洞)有照明",50,"多岔路","交叉路口內","柏油","濕潤","良好","正常","無","未繪設快慢車道分隔線","無",24,"未使用",120.668893,24.132052,"臺中市","西區"
"穿越道路中","2019",1,17,5,"晴","夜間(或隧道、地下道、涵洞)有照明",50,"多岔路","交叉路口內","柏油","濕潤","良好","正常","無","未繪設快慢車道分隔線","無",76,"非汽(機)車駕駛人",120.668893,24.132052,"臺中市","西區"
"衝出路外","2019",1,17,6,"陰","晨或暮光",60,"直路","路肩、路緣","柏油","濕潤","良好","無號誌","行車分向線","快慢車道分隔線","有",44,"不明",120.591008,22.391132,"屏東縣","枋寮鄉"
"穿越道路中","2019",1,17,8,"陰","日間自然光線",50,"四岔路","交叉口附近","柏油","乾燥","良好","正常","雙向禁止超車線","快慢車道分隔線","有",24,"未使用",121.483964,25.017654,"新北市","板橋區"
"穿越道路中","2019",1,17,8,"陰","日間自然光線",50,"四岔路","交叉口附近","柏油","乾燥","良好","正常","雙向禁止超車線","快慢車道分隔線","有",79,"非汽(機)車駕駛人",121.483964,25.017654,"新北市","板橋區"
"追撞","2019",1,17,11,"陰","夜間(或隧道、地下道、涵洞)有照明",60,"直路","一般車道(未劃分快慢車道)","柏油","濕潤","良好","無號誌","行車分向線","未繪設快慢車道分隔線","有",83,"不明",121.855657,24.60915,"宜蘭縣","蘇澳鎮"
"追撞","2019",1,17,11,"陰","夜間(或隧道、地下道、涵洞)有照明",60,"直路","一般車道(未劃分快慢車道)","柏油","濕潤","良好","無號誌","行車分向線","未繪設快慢車道分隔線","有",33,"未使用",121.855657,24.60915,"宜蘭縣","蘇澳鎮"
"其他","2019",1,17,11,"陰","日間自然光線",50,"直路","一般車道(未劃分快慢車道)","柏油","乾燥","良好","正常","行車分向線","未繪設快慢車道分隔線","有",64,"未使用",120.998813,24.836371,"新竹縣","竹北市"