"事故類型及型態子類別名稱","發生年度","發生月份","發生日期","發生時間","天候名稱","光線名稱","速限.第1當事者","道路型態子類別名稱","事故位置子類別名稱","路面狀況.路面鋪裝名稱","路面狀況.路面狀態名稱","道路障礙.視距品質名稱","號誌.號誌動作名稱","車道劃分設施.分向設施大類別名稱","車道劃分設施.分道設施.快慢車道間名稱","車道劃分設施.分道設施.路面邊線名稱","當事者事故發生時年齡","行動電話或電腦或其他相類功能裝置名稱","經度","緯度","縣市","鄉鎮"
"其他","2019",1,17,11,"陰","日間自然光線",50,"直路","一般車道(未劃分快慢車道)","柏油","乾燥","良好","正常","行車分向線","未繪設快慢車道分隔線","有",43,"未使用",120.998813,24.836371,"新竹縣","竹北市"
"其他","2019",1,17,11,"陰","日間自然光線",50,"直路","一般車道(未劃分快慢車道)","柏油","乾燥","良好","正常","行車分向線","未繪設快慢車道分隔線","有",29,"非汽(機)車駕駛人",120.998813,24.836371,"新竹縣","竹北市"
"撞動物","2019",1,17,18,"晴","夜間(或隧道、地下道、涵洞)有照明",50,"直路","一般車道(未劃分快慢車道)","柏油","乾燥","良好","無號誌","行車分向線","未繪設快慢車道分隔線","有",108,"",120.30487,22.750168,"高雄市","橋頭區"
"撞動物","2019",1,17,18,"晴","夜間(或隧道、地下道、涵洞)有照明",50,"直路","一般車道(未劃分快慢車道)","柏油","乾燥","良好","無號誌","行車分向線","未繪設快慢車道分隔線","有",52,"未使用",120.30487,22.750168,"高雄市","橋頭區"
"穿越道路中","2019",1,17,19,"晴","日間自然光線",60,"三岔路","交叉路口內","柏油","乾燥","良好","無號誌","雙向禁止超車線","未繪設快慢車道分隔線","有",55,"不明",120.73214,24.341434,"臺中市","后里區"
"穿越道路中","2019",1,17,19,"晴","日間自然光線",60,"三岔路","交叉路口內","柏油","乾燥","良好","無號誌","雙向禁止超車線","未繪設快慢車道分隔線","有",73,"非汽(機)車駕駛人",120.73214,24.341434,"臺中市","后里區"
"側撞","2019",1,17,20,"晴","夜間(或隧道、地下道、涵洞)有照明",50,"三岔路","交叉路口內","柏油","乾燥","良好","正常","行車分向線","未繪設快慢車道分隔線","有",31,"未使用",121.485541,25.022253,"新北市","板橋區"
"側撞","2019",1,17,20,"晴","夜間(或隧道、地下道、涵洞)有照明",50,"三岔路","交叉路口內","柏油","乾燥","良好","正常","行車分向線","未繪設快慢車道分隔線","有",45,"未使用",121.485541,25.022253,"新北市","板橋區"
"其他","2019",1,18,0,"晴","夜間(或隧道、地下道、涵洞)無照明",90,"直路","快車道","柏油","乾燥","良好","無號誌","中央分向島","未繪設快慢車道分隔線","有",31,"未使用",120.750308,24.553714,"苗栗縣","西湖鄉"
"其他","2019",1,18,0,"晴","夜間(或隧道、地下道、涵洞)無照明",90,"直路","快車道","柏油","乾燥","良好","無號誌","中央分向島","未繪設快慢車道分隔線","有",65,"未使用",120.750308,24.553714,"苗栗縣","西湖鄉"
"其他","2019",1,18,0,"晴","夜間(或隧道、地下道、涵洞)無照明",90,"直路","快車道","柏油","乾燥","良好","無號誌","中央分向島","未繪設快慢車道分隔線","有",35,"未使用",120.750308,24.553714,"苗栗縣","西湖鄉"
"其他","2019",1,18,0,"晴","夜間(或隧道、地下道、涵洞)無照明",90,"直路","快車道","柏油","乾燥","良好","無號誌","中央分向島","未繪設快慢車道分隔線","有",49,"未使用",120.750308,24.553714,"苗栗縣","西湖鄉"
"其他","2019",1,18,0,"晴","夜間(或隧道、地下道、涵洞)無照明",90,"直路","快車道","柏油","乾燥","良好","無號誌","中央分向島","未繪設快慢車道分隔線","有",26,"未使用",120.750308,24.553714,"苗栗縣","西湖鄉"
"其他","2019",1,18,0,"晴","夜間(或隧道、地下道、涵洞)無照明",90,"直路","快車道","柏油","乾燥","良好","無號誌","中央分向島","未繪設快慢車道分隔線","有",31,"未使用",120.750308,24.553714,"苗栗縣","西湖鄉"
"其他","2019",1,18,0,"晴","夜間(或隧道、地下道、涵洞)無照明",90,"直路","快車道","柏油","乾燥","良好","無號誌","中央分向島","未繪設快慢車道分隔線","有",44,"未使用",120.750308,24.553714,"苗栗縣","西湖鄉"
"其他","2019",1,18,0,"晴","夜間(或隧道、地下道、涵洞)無照明",90,"直路","快車道","柏油","乾燥","良好","無號誌","中央分向島","未繪設快慢車道分隔線","有",43,"使用手持或有礙駕駛安全",120.750308,24.553714,"苗栗縣","西湖鄉"
"其他","2019",1,18,0,"晴","夜間(或隧道、地下道、涵洞)無照明",90,"直路","快車道","柏油","乾燥","良好","無號誌","中央分向島","未繪設快慢車道分隔線","有",31,"未使用",120.750308,24.553714,"苗栗縣","西湖鄉"
"其他","2019",1,18,0,"晴","夜間(或隧道、地下道、涵洞)無照明",90,"直路","快車道","柏油","乾燥","良好","無號誌","中央分向島","未繪設快慢車道分隔線","有",33,"未使用",120.750308,24.553714,"苗栗縣","西湖鄉"
"撞交通島","2019",1,18,1,"晴","夜間(或隧道、地下道、涵洞)有照明",60,"直路","一般車道(未劃分快慢車道)","柏油","乾燥","良好","無號誌","中央分向島","未繪設快慢車道分隔線","有",58,"未使用",120.706305,23.767007,"南投縣","竹山鎮"
"穿越道路中","2019",1,18,7,"晴","日間自然光線",40,"三岔路","交叉路口內","柏油","乾燥","良好","無號誌","無","未繪設快慢車道分隔線","無",38,"不明",121.288603,24.841551,"桃園市","大溪區"
"穿越道路中","2019",1,18,7,"晴","日間自然光線",40,"三岔路","交叉路口內","柏油","乾燥","良好","無號誌","無","未繪設快慢車道分隔線","無",86,"非汽(機)車駕駛人",121.288603,24.841551,"桃園市","大溪區"
"其他","2019",1,18,8,"晴","日間自然光線",50,"直路","一般車道(未劃分快慢車道)","柏油","乾燥","良好","無號誌","中央分向島","未繪設快慢車道分隔線","無",51,"不明",121.549091,25.024376,"臺北市","大安區"
"其他","2019",1,18,8,"晴","日間自然光線",50,"直路","一般車道(未劃分快慢車道)","柏油","乾燥","良好","無號誌","中央分向島","未繪設快慢車道分隔線","無",28,"不明",121.549091,25.024376,"臺北市","大安區"
"其他","2019",1,18,8,"晴","日間自然光線",50,"直路","一般車道(未劃分快慢車道)","柏油","乾燥","良好","無號誌","中央分向島","未繪設快慢車道分隔線","無",42,"不明",121.549091,25.024376,"臺北市","大安區"
"撞護欄(樁)","2019",1,18,11,"晴","日間自然光線",50,"彎曲路及附近","一般車道(未劃分快慢車道)","柏油","乾燥","良好","無號誌","雙向禁止超車線","未繪設快慢車道分隔線","無",19,"未使用",121.720409,25.163811,"基隆市","安樂區"
"路口交岔撞","2019",1,18,12,"晴","日間自然光線",50,"四岔路","交叉路口內","柏油","乾燥","良好","正常","無","未繪設快慢車道分隔線","無",28,"未使用",120.435377,23.793404,"雲林縣","西螺鎮"
"路口交岔撞","2019",1,18,12,"晴","日間自然光線",50,"四岔路","交叉路口內","柏油","乾燥","良好","正常","無","未繪設快慢車道分隔線","無",77,"未使用",120.435377,23.793404,"雲林縣","西螺鎮"
"側撞","2019",1,18,13,"晴","日間自然光線",50,"四岔路","交叉路口內","柏油","乾燥","良好","正常","無","未繪設快慢車道分隔線","有",22,"未使用",120.31516,23.881973,"彰化縣","芳苑鄉"
"側撞","2019",1,18,13,"晴","日間自然光線",50,"四岔路","交叉路口內","柏油","乾燥","良好","正常","無","未繪設快慢車道分隔線","有",34,"非汽(機)車駕駛人",120.31516,23.881973,"彰化縣","芳苑鄉"
"側撞","2019",1,18,13,"晴","日間自然光線",50,"四岔路","交叉路口內","柏油","乾燥","良好","正常","無","未繪設快慢車道分隔線","有",23,"未使用",120.31516,23.881973,"彰化縣","芳苑鄉"
"側撞","2019",1,18,13,"晴","日間自然光線",50,"四岔路","交叉路口內","柏油","乾燥","良好","正常","無","未繪設快慢車道分隔線","有",38,"非汽(機)車駕駛人",120.31516,23.881973,"彰化縣","芳苑鄉"
"側撞","2019",1,18,13,"晴","日間自然光線",50,"三岔路","一般車道(未劃分快慢車道)","柏油","乾燥","良好","無號誌","雙向禁止超車線","未繪設快慢車道分隔線","有",19,"未使用",120.867611,24.679311,"苗栗縣","竹南鎮"
"側撞","2019",1,18,13,"晴","日間自然光線",50,"三岔路","一般車道(未劃分快慢車道)","柏油","乾燥","良好","無號誌","雙向禁止超車線","未繪設快慢車道分隔線","有",33,"未使用",120.867611,24.679311,"苗栗縣","竹南鎮"
"路口交岔撞","2019",1,19,3,"晴","夜間(或隧道、地下道、涵洞)有照明",50,"四岔路","交叉路口內","柏油","乾燥","良好","正常","無","未繪設快慢車道分隔線","無",25,"未使用",120.234787,22.99834,"臺南市","東區"
"路口交岔撞","2019",1,19,3,"晴","夜間(或隧道、地下道、涵洞)有照明",50,"四岔路","交叉路口內","柏油","乾燥","良好","正常","無","未繪設快慢車道分隔線","無",66,"不明",120.234787,22.99834,"臺南市","東區"
"衝出路外","2019",1,19,17,"晴","日間自然光線",60,"直路","其他","柏油","乾燥","良好","無號誌","雙向禁止超車線","快慢車道分隔線","無",26,"未使用",120.256692,23.818222,"雲林縣","麥寮鄉"
"對向擦撞","2019",1,19,18,"晴","夜間(或隧道、地下道、涵洞)有照明",50,"彎曲路及附近","一般車道(未劃分快慢車道)","柏油","乾燥","良好","無號誌","雙向禁止超車線","未繪設快慢車道分隔線","有",19,"不明",120.574767,23.767547,"雲林縣","林內鄉"
"對向擦撞","2019",1,19,18,"晴","夜間(或隧道、地下道、涵洞)有照明",50,"彎曲路及附近","一般車道(未劃分快慢車道)","柏油","乾燥","良好","無號誌","雙向禁止超車線","未繪設快慢車道分隔線","有",37,"未使用",120.574767,23.767547,"雲林縣","林內鄉"
"側撞","2019",1,19,18,"陰","夜間(或隧道、地下道、涵洞)有照明",50,"四岔路","交叉路口內","柏油","乾燥","良好","無號誌","雙向禁止超車線","未繪設快慢車道分隔線","有",74,"未使用",120.47633,22.593272,"屏東縣","萬丹鄉"
"側撞","2019",1,19,18,"陰","夜間(或隧道、地下道、涵洞)有照明",50,"四岔路","交叉路口內","柏油","乾燥","良好","無號誌","雙向禁止超車線","未繪設快慢車道分隔線","有",26,"未使用",120.47633,22.593272,"屏東縣","萬丹鄉"
"側撞","2019",1,19,18,"陰","夜間(或隧道、地下道、涵洞)有照明",50,"四岔路","交叉路口內","柏油","乾燥","良好","無號誌","雙向禁止超車線","未繪設快慢車道分隔線","有",68,"非汽(機)車駕駛人",120.47633,22.593272,"屏東縣","萬丹鄉"
"穿越道路中","2019",1,19,20,"晴","夜間(或隧道、地下道、涵洞)有照明",60,"直路","行人穿越道","柏油","乾燥","良好","正常","雙向禁止超車線","未繪設快慢車道分隔線","有",23,"非汽(機)車駕駛人",120.480065,23.966727,"彰化縣","溪湖鎮"
"穿越道路中","2019",1,19,20,"晴","夜間(或隧道、地下道、涵洞)有照明",60,"直路","行人穿越道","柏油","乾燥","良好","正常","雙向禁止超車線","未繪設快慢車道分隔線","有",23,"未使用",120.480065,23.966727,"彰化縣","溪湖鎮"
"同向擦撞","2019",1,20,4,"雨","夜間(或隧道、地下道、涵洞)有照明",40,"直路","慢車道","柏油","濕潤","良好","正常","中央分向島","快慢車道分隔線","無",25,"不明",120.317481,22.67201,"高雄市","左營區"
"同向擦撞","2019",1,20,4,"雨","夜間(或隧道、地下道、涵洞)有照明",40,"直路","慢車道","柏油","濕潤","良好","正常","中央分向島","快慢車道分隔線","無",42,"未使用",120.317481,22.67201,"高雄市","左營區"
"撞護欄(樁)","2019",1,20,5,"晴","夜間(或隧道、地下道、涵洞)有照明",40,"多岔路","交叉口附近","柏油","乾燥","良好","正常","中央分向島","寛式快慢車道分隔島(50公分以上)","無",28,"未使用",120.663759,24.154618,"臺中市","西區"
"撞護欄(樁)","2019",1,20,5,"晴","夜間(或隧道、地下道、涵洞)有照明",40,"多岔路","交叉口附近","柏油","乾燥","良好","正常","中央分向島","寛式快慢車道分隔島(50公分以上)","無",28,"未使用",120.663759,24.154618,"臺中市","西區"
"穿越道路中","2019",1,20,11,"晴","日間自然光線",60,"直路","一般車道(未劃分快慢車道)","柏油","乾燥","良好","無號誌","雙向禁止超車線","未繪設快慢車道分隔線","有",22,"未使用",120.543464,23.951447,"彰化縣","埔心鄉"
"穿越道路中","2019",1,20,11,"晴","日間自然光線",60,"直路","一般車道(未劃分快慢車道)","柏油","乾燥","良好","無號誌","雙向禁止超車線","未繪設快慢車道分隔線","有",76,"非汽(機)車駕駛人",120.543464,23.951447,"彰化縣","埔心鄉"
"其他","2019",1,20,14,"晴","日間自然光線",30,"隧道","一般車道(未劃分快慢車道)","柏油","乾燥","良好","無號誌","雙向禁止超車線","未繪設快慢車道分隔線","有",51,"不明",121.488821,24.208908,"花蓮縣","秀林鄉"
"穿越道路中","2019",1,20,19,"陰","夜間(或隧道、地下道、涵洞)有照明",50,"三岔路","交叉路口內","柏油","乾燥","良好","無號誌","無","未繪設快慢車道分隔線","無",18,"未使用",121.238561,24.9174,"桃園市","平鎮區"
"穿越道路中","2019",1,20,19,"陰","夜間(或隧道、地下道、涵洞)有照明",50,"三岔路","交叉路口內","柏油","乾燥","良好","無號誌","無","未繪設快慢車道分隔線","無",80,"非汽(機)車駕駛人",121.238561,24.9174,"桃園市","平鎮區"
"路口交岔撞","2019",1,21,7,"晴","日間自然光線",50,"四岔路","交叉路口內","柏油","乾燥","不良","無號誌","無","未繪設快慢車道分隔線","無",92,"未使用",120.625239,24.115308,"臺中市","南屯區"
"路口交岔撞","2019",1,21,7,"晴","日間自然光線",50,"四岔路","交叉路口內","柏油","乾燥","不良","無號誌","無","未繪設快慢車道分隔線","無",35,"未使用",120.625239,24.115308,"臺中市","南屯區"
"同向通行中","2019",1,21,11,"晴","日間自然光線",60,"直路","路肩、路緣","柏油","乾燥","良好","無號誌","中央分向島","未繪設快慢車道分隔線","有",28,"未使用",120.506099,24.042727,"彰化縣","秀水鄉"
"同向通行中","2019",1,21,11,"晴","日間自然光線",60,"直路","路肩、路緣","柏油","乾燥","良好","無號誌","中央分向島","未繪設快慢車道分隔線","有",80,"非汽(機)車駕駛人",120.506099,24.042727,"彰化縣","秀水鄉"
"衝出路外","2019",1,21,17,"陰","晨或暮光",50,"直路","其他","柏油","乾燥","良好","無號誌","行車分向線","未繪設快慢車道分隔線","有",87,"不明",121.227857,23.145266,"花蓮縣","富里鄉"
"其他","2019",1,21,19,"晴","夜間(或隧道、地下道、涵洞)有照明",50,"直路","一般車道(未劃分快慢車道)","柏油","乾燥","良好","無號誌","雙向禁止超車線","未繪設快慢車道分隔線","有",51,"未使用",119.614248,23.550533,"澎湖縣","馬公市"
"其他","2019",1,21,19,"晴","夜間(或隧道、地下道、涵洞)有照明",50,"直路","一般車道(未劃分快慢車道)","柏油","乾燥","良好","無號誌","雙向禁止超車線","未繪設快慢車道分隔線","有",41,"不明",119.614248,23.550533,"澎湖縣","馬公市"
"對撞","2019",1,21,20,"晴","夜間(或隧道、地下道、涵洞)有照明",60,"直路","快車道","柏油","乾燥","良好","無號誌","中央分向島","寛式快慢車道分隔島(50公分以上)","有",54,"不明",120.314493,22.641737,"高雄市","三民區"
"對撞","2019",1,21,20,"晴","夜間(或隧道、地下道、涵洞)有照明",60,"直路","快車道","柏油","乾燥","良好","無號誌","中央分向島","寛式快慢車道分隔島(50公分以上)","有",56,"未使用",120.314493,22.641737,"高雄市","三民區"
"對撞","2019",1,21,21,"晴","夜間(或隧道、地下道、涵洞)有照明",60,"直路","快車道","柏油","乾燥","良好","無號誌","中央分向島","快慢車道分隔線","有",44,"未使用",120.532602,22.644398,"屏東縣","麟洛鄉"
"對撞","2019",1,21,21,"晴","夜間(或隧道、地下道、涵洞)有照明",60,"直路","快車道","柏油","乾燥","良好","無號誌","中央分向島","快慢車道分隔線","有",21,"未使用",120.532602,22.644398,"屏東縣","麟洛鄉"
"對撞","2019",1,21,21,"晴","夜間(或隧道、地下道、涵洞)有照明",60,"直路","快車道","柏油","乾燥","良好","無號誌","中央分向島","快慢車道分隔線","有",22,"未使用",120.532602,22.644398,"屏東縣","麟洛鄉"
"對撞","2019",1,21,21,"晴","夜間(或隧道、地下道、涵洞)有照明",60,"直路","快車道","柏油","乾燥","良好","無號誌","中央分向島","快慢車道分隔線","有",21,"未使用",120.532602,22.644398,"屏東縣","麟洛鄉"
"撞交通島","2019",1,22,1,"雨","夜間(或隧道、地下道、涵洞)有照明",50,"直路","公車專用道","柏油","濕潤","良好","無號誌","中央分向島","未繪設快慢車道分隔線","無",18,"未使用",121.538115,25.007997,"臺北市","文山區"
"撞交通島","2019",1,22,1,"雨","夜間(或隧道、地下道、涵洞)有照明",50,"直路","公車專用道","柏油","濕潤","良好","無號誌","中央分向島","未繪設快慢車道分隔線","無",18,"非汽(機)車駕駛人",121.538115,25.007997,"臺北市","文山區"
"穿越道路中","2019",1,22,5,"晴","日間自然光線",50,"三岔路","交叉路口內","柏油","乾燥","良好","無號誌","中央分向島","未繪設快慢車道分隔線","無",23,"未使用",121.487227,25.057126,"新北市","三重區"
"穿越道路中","2019",1,22,5,"晴","日間自然光線",50,"三岔路","交叉路口內","柏油","乾燥","良好","無號誌","中央分向島","未繪設快慢車道分隔線","無",85,"非汽(機)車駕駛人",121.487227,25.057126,"新北市","三重區"
"路上翻車、摔倒","2019",1,23,7,"晴","日間自然光線",40,"多岔路","交叉口附近","柏油","乾燥","良好","無號誌","無","未繪設快慢車道分隔線","有",63,"未使用",120.614055,22.620445,"屏東縣","萬巒鄉"
"側撞","2019",1,23,8,"晴","日間自然光線",60,"多岔路","交叉路口內","柏油","乾燥","良好","正常","無","未繪設快慢車道分隔線","無",54,"未使用",120.184769,23.011716,"臺南市","北區"
"側撞","2019",1,23,8,"晴","日間自然光線",60,"多岔路","交叉路口內","柏油","乾燥","良好","正常","無","未繪設快慢車道分隔線","無",85,"未使用",120.184769,23.011716,"臺南市","北區"
"側撞","2019",1,23,8,"晴","日間自然光線",60,"多岔路","交叉路口內","柏油","乾燥","良好","正常","無","未繪設快慢車道分隔線","無",55,"未使用",120.184769,23.011716,"臺南市","北區"
"同向擦撞","2019",1,23,14,"晴","日間自然光線",50,"多岔路","交叉路口內","柏油","乾燥","良好","正常","中央分向島","未繪設快慢車道分隔線","有",44,"未使用",120.703441,24.200853,"臺中市","潭子區"
"同向擦撞","2019",1,23,14,"晴","日間自然光線",50,"多岔路","交叉路口內","柏油","乾燥","良好","正常","中央分向島","未繪設快慢車道分隔線","有",35,"未使用",120.703441,24.200853,"臺中市","潭子區"
"側撞","2019",1,23,16,"晴","日間自然光線",50,"直路","一般車道(未劃分快慢車道)","柏油","乾燥","良好","無號誌","雙向禁止超車線","快慢車道分隔線","無",20,"未使用",120.964023,23.967875,"南投縣","埔里鎮"
"側撞","2019",1,23,16,"晴","日間自然光線",50,"直路","一般車道(未劃分快慢車道)","柏油","乾燥","良好","無號誌","雙向禁止超車線","快慢車道分隔線","無",80,"未使用",120.964023,23.967875,"南投縣","埔里鎮"
"側撞","2019",1,23,17,"陰","日間自然光線",70,"四岔路","交叉路口內","柏油","乾燥","良好","正常","無","未繪設快慢車道分隔線","無",26,"不明",120.344306,23.479602,"嘉義縣","太保市"
"側撞","2019",1,23,17,"陰","日間自然光線",70,"四岔路","交叉路口內","柏油","乾燥","良好","正常","無","未繪設快慢車道分隔線","無",30,"不明",120.344306,23.479602,"嘉義縣","太保市"
"穿越道路中","2019",1,23,18,"晴","夜間(或隧道、地下道、涵洞)有照明",30,"直路","一般車道(未劃分快慢車道)","柏油","乾燥","良好","無號誌","雙向禁止超車線","未繪設快慢車道分隔線","無",49,"未使用",121.584134,25.055568,"臺北市","內湖區"
"穿越道路中","2019",1,23,18,"晴","夜間(或隧道、地下道、涵洞)有照明",30,"直路","一般車道(未劃分快慢車道)","柏油","乾燥","良好","無號誌","雙向禁止超車線","未繪設快慢車道分隔線","無",80,"非汽(機)車駕駛人",121.584134,25.055568,"臺北市","內湖區"
"追撞","2019",1,23,18,"晴","夜間(或隧道、地下道、涵洞)有照明",50,"直路","一般車道(未劃分快慢車道)","柏油","乾燥","良好","無號誌","雙向禁止超車線","未繪設快慢車道分隔線","有",43,"不明",121.284277,25.041105,"桃園市","蘆竹區"
"追撞","2019",1,23,18,"晴","夜間(或隧道、地下道、涵洞)有照明",50,"直路","一般車道(未劃分快慢車道)","柏油","乾燥","良好","無號誌","雙向禁止超車線","未繪設快慢車道分隔線","有",65,"未使用",121.284277,25.041105,"桃園市","蘆竹區"
"其他","2019",1,23,19,"晴","夜間(或隧道、地下道、涵洞)有照明",50,"其他","其他","柏油","乾燥","良好","無號誌","中央分向島","未繪設快慢車道分隔線","有",44,"不明",121.457156,25.091173,"新北市","蘆洲區"
"其他","2019",1,23,19,"晴","夜間(或隧道、地下道、涵洞)有照明",50,"其他","其他","柏油","乾燥","良好","無號誌","中央分向島","未繪設快慢車道分隔線","有",19,"不明",121.457156,25.091173,"新北市","蘆洲區"
"其他","2019",1,23,19,"晴","夜間(或隧道、地下道、涵洞)有照明",50,"其他","其他","柏油","乾燥","良好","無號誌","中央分向島","未繪設快慢車道分隔線","有",18,"非汽(機)車駕駛人",121.457156,25.091173,"新北市","蘆洲區"
"其他","2019",1,23,19,"晴","夜間(或隧道、地下道、涵洞)有照明",50,"其他","其他","柏油","乾燥","良好","無號誌","中央分向島","未繪設快慢車道分隔線","有",18,"非汽(機)車駕駛人",121.457156,25.091173,"新北市","蘆洲區"
"其他","2019",1,23,22,"晴","夜間(或隧道、地下道、涵洞)有照明",40,"四岔路","交叉路口內","柏油","乾燥","良好","正常","無","未繪設快慢車道分隔線","無",53,"不明",120.687623,24.094668,"臺中市","大里區"
"其他","2019",1,23,22,"晴","夜間(或隧道、地下道、涵洞)有照明",40,"四岔路","交叉路口內","柏油","乾燥","良好","正常","無","未繪設快慢車道分隔線","無",53,"不明",120.687623,24.094668,"臺中市","大里區"
"其他","2019",1,23,22,"晴","夜間(或隧道、地下道、涵洞)有照明",40,"四岔路","交叉路口內","柏油","乾燥","良好","正常","無","未繪設快慢車道分隔線","無",40,"不明",120.687623,24.094668,"臺中市","大里區"
"其他","2019",1,23,22,"晴","夜間(或隧道、地下道、涵洞)有照明",40,"四岔路","交叉路口內","柏油","乾燥","良好","正常","無","未繪設快慢車道分隔線","無",45,"非汽(機)車駕駛人",120.687623,24.094668,"臺中市","大里區"
"其他","2019",1,23,22,"晴","夜間(或隧道、地下道、涵洞)有照明",40,"四岔路","交叉路口內","柏油","乾燥","良好","正常","無","未繪設快慢車道分隔線","無",64,"不明",120.687623,24.094668,"臺中市","大里區"
"其他","2019",1,23,22,"晴","夜間(或隧道、地下道、涵洞)有照明",40,"四岔路","交叉路口內","柏油","乾燥","良好","正常","無","未繪設快慢車道分隔線","無",33,"未使用",120.687623,24.094668,"臺中市","大里區"
"其他","2019",1,23,22,"晴","夜間(或隧道、地下道、涵洞)有照明",40,"四岔路","交叉路口內","柏油","乾燥","良好","正常","無","未繪設快慢車道分隔線","無",36,"未使用",120.687623,24.094668,"臺中市","大里區"
"追撞","2019",1,24,2,"晴","夜間(或隧道、地下道、涵洞)有照明",40,"直路","慢車道","柏油","乾燥","良好","正常","無","未繪設快慢車道分隔線","無",27,"不明",120.652594,24.160774,"臺中市","西屯區"
"追撞","2019",1,24,2,"晴","夜間(或隧道、地下道、涵洞)有照明",40,"直路","慢車道","柏油","乾燥","良好","正常","無","未繪設快慢車道分隔線","無",31,"不明",120.652594,24.160774,"臺中市","西屯區"
"側撞","2019",1,24,9,"晴","日間自然光線",40,"直路","一般車道(未劃分快慢車道)","柏油","乾燥","良好","無號誌","雙向禁止超車線","未繪設快慢車道分隔線","有",26,"不明",120.189237,23.569559,"雲林縣","口湖鄉"
"側撞","2019",1,24,9,"晴","日間自然光線",40,"直路","一般車道(未劃分快慢車道)","柏油","乾燥","良好","無號誌","雙向禁止超車線","未繪設快慢車道分隔線","有",65,"不明",120.189237,23.569559,"雲林縣","口湖鄉"
"路上翻車、摔倒","2019",1,24,9,"陰","日間自然光線",40,"彎曲路及附近","一般車道(未劃分快慢車道)","柏油","乾燥","良好","無號誌","雙向禁止超車線","未繪設快慢車道分隔線","有",60,"不明",121.841555,24.52164,"宜蘭縣","南澳鄉"
"路口交岔撞","2019",1,24,10,"晴","日間自然光線",70,"四岔路","交叉路口內","柏油","乾燥","良好","正常","無","未繪設快慢車道分隔線","無",70,"未使用",120.309089,23.019013,"臺南市","新化區"
"路口交岔撞","2019",1,24,10,"晴","日間自然光線",70,"四岔路","交叉路口內","柏油","乾燥","良好","正常","無","未繪設快慢車道分隔線","無",38,"未使用",120.309089,23.019013,"臺南市","新化區"
"路口交岔撞","2019",1,24,10,"晴","日間自然光線",70,"四岔路","交叉路口內","柏油","乾燥","良好","正常","無","未繪設快慢車道分隔線","無",39,"非汽(機)車駕駛人",120.309089,23.019013,"臺南市","新化區"
"撞路樹、電桿","2019",1,24,10,"晴","日間自然光線",50,"彎曲路及附近","路肩、路緣","柏油","乾燥","良好","無號誌","中央分向島","未繪設快慢車道分隔線","有",18,"未使用",121.182234,25.006139,"桃園市","中壢區"
"側撞","2019",1,24,12,"晴","日間自然光線",50,"多岔路","交叉口附近","柏油","乾燥","良好","正常","雙向禁止超車線","未繪設快慢車道分隔線","有",19,"未使用",120.469026,24.010443,"彰化縣","埔鹽鄉"
"側撞","2019",1,24,12,"晴","日間自然光線",50,"多岔路","交叉口附近","柏油","乾燥","良好","正常","雙向禁止超車線","未繪設快慢車道分隔線","有",38,"未使用",120.469026,24.010443,"彰化縣","埔鹽鄉"
"穿越道路中","2019",1,24,17,"晴","日間自然光線",50,"直路","一般車道(未劃分快慢車道)","柏油","乾燥","良好","無號誌","行車分向線","未繪設快慢車道分隔線","有",22,"未使用",120.245678,22.783876,"高雄市","彌陀區"
"穿越道路中","2019",1,24,17,"晴","日間自然光線",50,"直路","一般車道(未劃分快慢車道)","柏油","乾燥","良好","無號誌","行車分向線","未繪設快慢車道分隔線","有",56,"未使用",120.245678,22.783876,"高雄市","彌陀區"
"穿越道路中","2019",1,24,17,"晴","日間自然光線",50,"直路","一般車道(未劃分快慢車道)","柏油","乾燥","良好","無號誌","行車分向線","未繪設快慢車道分隔線","有",83,"非汽(機)車駕駛人",120.245678,22.783876,"高雄市","彌陀區"
"其他","2019",1,24,19,"晴","夜間(或隧道、地下道、涵洞)有照明",50,"直路","一般車道(未劃分快慢車道)","柏油","乾燥","良好","無號誌","雙向禁止超車線","未繪設快慢車道分隔線","有",48,"未使用",120.237606,23.572009,"雲林縣","水林鄉"
"其他","2019",1,24,19,"晴","夜間(或隧道、地下道、涵洞)有照明",50,"直路","一般車道(未劃分快慢車道)","柏油","乾燥","良好","無號誌","雙向禁止超車線","未繪設快慢車道分隔線","有",46,"未使用",120.237606,23.572009,"雲林縣","水林鄉"
"撞路樹、電桿","2019",1,24,21,"晴","夜間(或隧道、地下道、涵洞)有照明",50,"彎曲路及附近","一般車道(未劃分快慢車道)","柏油","乾燥","良好","無號誌","雙向禁止超車線","未繪設快慢車道分隔線","有",37,"未使用",120.254164,23.506014,"嘉義縣","六腳鄉"
"穿越道路中","2019",1,25,6,"晴","晨或暮光",50,"直路","一般車道(未劃分快慢車道)","柏油","乾燥","良好","無號誌","行車分向線","未繪設快慢車道分隔線","有",56,"未使用",120.222126,23.19105,"臺南市","麻豆區"
"穿越道路中","2019",1,25,6,"晴","晨或暮光",50,"直路","一般車道(未劃分快慢車道)","柏油","乾燥","良好","無號誌","行車分向線","未繪設快慢車道分隔線","有",86,"非汽(機)車駕駛人",120.222126,23.19105,"臺南市","麻豆區"
"其他","2019",1,25,7,"晴","日間自然光線",50,"直路","一般車道(未劃分快慢車道)","柏油","乾燥","良好","無號誌","雙向禁止超車線","未繪設快慢車道分隔線","無",35,"未使用",121.35,24.95,"新北市","鶯歌區"