"事故類型及型態子類別名稱","發生年度","發生月份","發生日期","發生時間","天候名稱","光線名稱","速限.第1當事者","道路型態子類別名稱","事故位置子類別名稱","路面狀況.路面鋪裝名稱","路面狀況.路面狀態名稱","道路障礙.視距品質名稱","號誌.號誌動作名稱","車道劃分設施.分向設施大類別名稱","車道劃分設施.分道設施.快慢車道間名稱","車道劃分設施.分道設施.路面邊線名稱","當事者事故發生時年齡","行動電話或電腦或其他相類功能裝置名稱","經度","緯度","縣市","鄉鎮"
"其他","2019",1,25,7,"晴","日間自然光線",50,"直路","一般車道(未劃分快慢車道)","柏油","乾燥","良好","無號誌","雙向禁止超車線","未繪設快慢車道分隔線","無",43,"未使用",121.35,24.95,"新北市","鶯歌區"
"其他","2019",1,25,7,"晴","日間自然光線",50,"直路","一般車道(未劃分快慢車道)","柏油","乾燥","良好","無號誌","雙向禁止超車線","未繪設快慢車道分隔線","無",11,"非汽(機)車駕駛人",121.35,24.95,"新北市","鶯歌區"
"撞路樹、電桿","2019",1,25,9,"晴","日間自然光線",50,"直路","一般車道(未劃分快慢車道)","柏油","乾燥","良好","無號誌","單向禁止超車線","未繪設快慢車道分隔線","有",69,"未使用",120.454031,22.525527,"屏東縣","新園鄉"
"側撞","2019",1,25,10,"晴","日間自然光線",40,"三岔路","交叉路口內","柏油","乾燥","良好","正常","無","未繪設快慢車道分隔線","無",84,"未使用",120.210433,23.010733,"臺南市","北區"
"側撞","2019",1,25,10,"晴","日間自然光線",40,"三岔路","交叉路口內","柏油","乾燥","良好","正常","無","未繪設快慢車道分隔線","無",60,"未使用",120.210433,23.010733,"臺南市","北區"
"路口交岔撞","2019",1,25,12,"晴","日間自然光線",20,"直路","一般車道(未劃分快慢車道)","柏油","乾燥","良好","無號誌","雙向禁止超車線","未繪設快慢車道分隔線","有",52,"未使用",121.541854,24.610954,"宜蘭縣","大同鄉"
"路口交岔撞","2019",1,25,12,"晴","日間自然光線",20,"直路","一般車道(未劃分快慢車道)","柏油","乾燥","良好","無號誌","雙向禁止超車線","未繪設快慢車道分隔線","有",58,"未使用",121.541854,24.610954,"宜蘭縣","大同鄉"
"路上翻車、摔倒","2019",1,25,12,"晴","日間自然光線",50,"直路","一般車道(未劃分快慢車道)","柏油","乾燥","良好","無號誌","行車分向線","未繪設快慢車道分隔線","有",40,"不明",121.057167,24.959107,"桃園市","新屋區"
"其他","2019",1,25,12,"晴","日間自然光線",40,"直路","機車專用道","柏油","乾燥","良好","無號誌","中央分向島","窄式快慢車道分隔島(無柵欄)","有",19,"未使用",120.847094,24.680638,"苗栗縣","竹南鎮"
"其他","2019",1,25,12,"晴","日間自然光線",40,"直路","機車專用道","柏油","乾燥","良好","無號誌","中央分向島","窄式快慢車道分隔島(無柵欄)","有",43,"未使用",120.847094,24.680638,"苗栗縣","竹南鎮"
"追撞","2019",1,25,14,"晴","日間自然光線",110,"直路","快車道","柏油","乾燥","良好","無號誌","中央分向島","未繪設快慢車道分隔線","有",34,"不明",120.648534,24.339139,"臺中市","外埔區"
"追撞","2019",1,25,14,"晴","日間自然光線",110,"直路","快車道","柏油","乾燥","良好","無號誌","中央分向島","未繪設快慢車道分隔線","有",30,"未使用",120.648534,24.339139,"臺中市","外埔區"
"追撞","2019",1,25,14,"晴","日間自然光線",110,"直路","快車道","柏油","乾燥","良好","無號誌","中央分向島","未繪設快慢車道分隔線","有",58,"未使用",120.648534,24.339139,"臺中市","外埔區"
"其他","2019",1,25,15,"晴","日間自然光線",50,"四岔路","交叉口附近","柏油","乾燥","良好","無號誌","雙向禁止超車線","未繪設快慢車道分隔線","有",83,"未使用",120.799095,24.630524,"苗栗縣","後龍鎮"
"其他","2019",1,25,15,"晴","日間自然光線",50,"四岔路","交叉口附近","柏油","乾燥","良好","無號誌","雙向禁止超車線","未繪設快慢車道分隔線","有",68,"未使用",120.799095,24.630524,"苗栗縣","後龍鎮"
"路口交岔撞","2019",1,25,18,"晴","夜間(或隧道、地下道、涵洞)有照明",50,"四岔路","交叉口附近","柏油","乾燥","良好","無號誌","雙向禁止超車線","未繪設快慢車道分隔線","有",77,"不明",120.360751,23.67472,"雲林縣","土庫鎮"
"路口交岔撞","2019",1,25,18,"晴","夜間(或隧道、地下道、涵洞)有照明",50,"四岔路","交叉口附近","柏油","乾燥","良好","無號誌","雙向禁止超車線","未繪設快慢車道分隔線","有",42,"未使用",120.360751,23.67472,"雲林縣","土庫鎮"
"衝出路外","2019",1,25,19,"陰","夜間(或隧道、地下道、涵洞)無照明",40,"彎曲路及附近","一般車道(未劃分快慢車道)","柏油","乾燥","不良","無號誌","無","未繪設快慢車道分隔線","有",59,"未使用",121.202091,23.05362,"臺東縣","池上鄉"
"同向擦撞","2019",1,25,21,"晴","夜間(或隧道、地下道、涵洞)有照明",50,"直路","機車專用道","柏油","乾燥","良好","無號誌","中央分向島","窄式快慢車道分隔島(無柵欄)","有",69,"未使用",120.498315,22.655161,"屏東縣","屏東市"
"同向擦撞","2019",1,25,21,"晴","夜間(或隧道、地下道、涵洞)有照明",50,"直路","機車專用道","柏油","乾燥","良好","無號誌","中央分向島","窄式快慢車道分隔島(無柵欄)","有",24,"未使用",120.498315,22.655161,"屏東縣","屏東市"
"撞路樹、電桿","2019",1,26,4,"晴","夜間(或隧道、地下道、涵洞)有照明",50,"直路","一般車道(未劃分快慢車道)","柏油","乾燥","良好","無號誌","雙向禁止超車線","未繪設快慢車道分隔線","有",56,"未使用",120.922968,24.808777,"新竹市","香山區"
"撞路樹、電桿","2019",1,26,4,"晴","夜間(或隧道、地下道、涵洞)有照明",50,"直路","一般車道(未劃分快慢車道)","柏油","乾燥","良好","無號誌","雙向禁止超車線","未繪設快慢車道分隔線","有",24,"未使用",120.922968,24.808777,"新竹市","香山區"
"撞路樹、電桿","2019",1,26,4,"晴","夜間(或隧道、地下道、涵洞)有照明",50,"直路","一般車道(未劃分快慢車道)","柏油","乾燥","良好","無號誌","雙向禁止超車線","未繪設快慢車道分隔線","有",30,"非汽(機)車駕駛人",120.922968,24.808777,"新竹市","香山區"
"路口交岔撞","2019",1,26,8,"晴","日間自然光線",50,"三岔路","交叉路口內","柏油","乾燥","良好","正常","雙向禁止超車線","未繪設快慢車道分隔線","有",70,"未使用",120.65047,24.440455,"苗栗縣","苑裡鎮"
"路口交岔撞","2019",1,26,8,"晴","日間自然光線",50,"三岔路","交叉路口內","柏油","乾燥","良好","正常","雙向禁止超車線","未繪設快慢車道分隔線","有",89,"未使用",120.65047,24.440455,"苗栗縣","苑裡鎮"
"撞橋樑、建築物","2019",1,26,13,"陰","日間自然光線",50,"彎曲路及附近","其他","柏油","乾燥","良好","無號誌","行車分向線","快慢車道分隔線","有",20,"不明",120.350124,23.490907,"嘉義縣","太保市"
"撞橋樑、建築物","2019",1,26,13,"陰","日間自然光線",50,"彎曲路及附近","其他","柏油","乾燥","良好","無號誌","行車分向線","快慢車道分隔線","有",19,"非汽(機)車駕駛人",120.350124,23.490907,"嘉義縣","太保市"
"側撞","2019",1,26,16,"晴","日間自然光線",50,"三岔路","交叉路口內","柏油","乾燥","良好","無號誌","無","未繪設快慢車道分隔線","無",72,"未使用",120.38934,23.578046,"嘉義縣","溪口鄉"
"側撞","2019",1,26,16,"晴","日間自然光線",50,"三岔路","交叉路口內","柏油","乾燥","良好","無號誌","無","未繪設快慢車道分隔線","無",24,"未使用",120.38934,23.578046,"嘉義縣","溪口鄉"
"其他","2019",1,26,19,"晴","夜間(或隧道、地下道、涵洞)有照明",40,"高架道路","快車道","柏油","乾燥","良好","無號誌","中央分向島","未繪設快慢車道分隔線","無",40,"未使用",121.493657,25.017806,"臺北市","萬華區"
"其他","2019",1,26,19,"晴","夜間(或隧道、地下道、涵洞)有照明",40,"高架道路","快車道","柏油","乾燥","良好","無號誌","中央分向島","未繪設快慢車道分隔線","無",6,"未使用",121.493657,25.017806,"臺北市","萬華區"
"其他","2019",1,26,19,"晴","夜間(或隧道、地下道、涵洞)有照明",40,"高架道路","快車道","柏油","乾燥","良好","無號誌","中央分向島","未繪設快慢車道分隔線","無",8,"未使用",121.493657,25.017806,"臺北市","萬華區"
"其他","2019",1,26,19,"晴","夜間(或隧道、地下道、涵洞)有照明",40,"高架道路","快車道","柏油","乾燥","良好","無號誌","中央分向島","未繪設快慢車道分隔線","無",64,"未使用",121.493657,25.017806,"臺北市","萬華區"
"其他","2019",1,27,2,"晴","夜間(或隧道、地下道、涵洞)無照明",110,"直路","快車道","柏油","乾燥","良好","無號誌","中央分向島","未繪設快慢車道分隔線","有",48,"未使用",120.433908,23.595405,"嘉義縣","溪口鄉"
"其他","2019",1,27,2,"晴","夜間(或隧道、地下道、涵洞)無照明",110,"直路","快車道","柏油","乾燥","良好","無號誌","中央分向島","未繪設快慢車道分隔線","有",42,"未使用",120.433908,23.595405,"嘉義縣","溪口鄉"
"其他","2019",1,27,2,"晴","夜間(或隧道、地下道、涵洞)無照明",110,"直路","快車道","柏油","乾燥","良好","無號誌","中央分向島","未繪設快慢車道分隔線","有",36,"未使用",120.433908,23.595405,"嘉義縣","溪口鄉"
"其他","2019",1,27,2,"晴","夜間(或隧道、地下道、涵洞)無照明",110,"直路","快車道","柏油","乾燥","良好","無號誌","中央分向島","未繪設快慢車道分隔線","有",37,"非汽(機)車駕駛人",120.433908,23.595405,"嘉義縣","溪口鄉"
"其他","2019",1,27,2,"晴","夜間(或隧道、地下道、涵洞)無照明",110,"直路","快車道","柏油","乾燥","良好","無號誌","中央分向島","未繪設快慢車道分隔線","有",22,"未使用",120.433908,23.595405,"嘉義縣","溪口鄉"
"其他","2019",1,27,2,"晴","夜間(或隧道、地下道、涵洞)無照明",110,"直路","快車道","柏油","乾燥","良好","無號誌","中央分向島","未繪設快慢車道分隔線","有",24,"未使用",120.433908,23.595405,"嘉義縣","溪口鄉"
"其他","2019",1,27,2,"晴","夜間(或隧道、地下道、涵洞)無照明",110,"直路","快車道","柏油","乾燥","良好","無號誌","中央分向島","未繪設快慢車道分隔線","有",42,"未使用",120.433908,23.595405,"嘉義縣","溪口鄉"
"路口交岔撞","2019",1,27,8,"晴","日間自然光線",40,"四岔路","交叉路口內","柏油","乾燥","良好","無號誌","無","未繪設快慢車道分隔線","有",71,"未使用",120.517406,23.772166,"雲林縣","莿桐鄉"
"路口交岔撞","2019",1,27,8,"晴","日間自然光線",40,"四岔路","交叉路口內","柏油","乾燥","良好","無號誌","無","未繪設快慢車道分隔線","有",38,"未使用",120.517406,23.772166,"雲林縣","莿桐鄉"
"路口交岔撞","2019",1,27,11,"晴","日間自然光線",50,"四岔路","交叉路口內","柏油","乾燥","良好","正常","無","未繪設快慢車道分隔線","無",29,"未使用",121.468175,25.02318,"新北市","板橋區"
"路口交岔撞","2019",1,27,11,"晴","日間自然光線",50,"四岔路","交叉路口內","柏油","乾燥","良好","正常","無","未繪設快慢車道分隔線","無",62,"未使用",121.468175,25.02318,"新北市","板橋區"
"路上翻車、摔倒","2019",1,27,18,"陰","夜間(或隧道、地下道、涵洞)有照明",40,"直路","一般車道(未劃分快慢車道)","柏油","乾燥","良好","無號誌","雙向禁止超車線","未繪設快慢車道分隔線","有",56,"未使用",120.361365,24.00351,"彰化縣","芳苑鄉"
"其他","2019",1,28,5,"晴","晨或暮光",60,"其他","其他","柏油","乾燥","良好","無號誌","無","未繪設快慢車道分隔線","無",20,"未使用",120.183697,22.965656,"臺南市","南區"
"其他","2019",1,28,5,"晴","晨或暮光",60,"其他","其他","柏油","乾燥","良好","無號誌","無","未繪設快慢車道分隔線","無",19,"未使用",120.183697,22.965656,"臺南市","南區"
"側撞","2019",1,28,8,"晴","日間自然光線",60,"三岔路","交叉路口內","柏油","乾燥","良好","正常","無","未繪設快慢車道分隔線","無",69,"未使用",121.530514,23.908852,"花蓮縣","壽豐鄉"
"側撞","2019",1,28,8,"晴","日間自然光線",60,"三岔路","交叉路口內","柏油","乾燥","良好","正常","無","未繪設快慢車道分隔線","無",26,"未使用",121.530514,23.908852,"花蓮縣","壽豐鄉"
"衝出路外","2019",1,28,10,"晴","日間自然光線",40,"直路","一般車道(未劃分快慢車道)","柏油","乾燥","良好","無號誌","無","未繪設快慢車道分隔線","無",68,"未使用",121.057996,22.704343,"臺東縣","臺東市"
"撞路樹、電桿","2019",1,28,22,"晴","夜間(或隧道、地下道、涵洞)無照明",50,"直路","路肩、路緣","柏油","乾燥","良好","無號誌","行車分向線","未繪設快慢車道分隔線","有",48,"不明",121.352491,23.381853,"花蓮縣","玉里鎮"
"穿越道路中","2019",1,29,5,"霧或煙","夜間(或隧道、地下道、涵洞)有照明",40,"四岔路","穿越道附近","柏油","乾燥","良好","正常","無","未繪設快慢車道分隔線","無",21,"未使用",121.288522,24.819576,"桃園市","大溪區"
"穿越道路中","2019",1,29,5,"霧或煙","夜間(或隧道、地下道、涵洞)有照明",40,"四岔路","穿越道附近","柏油","乾燥","良好","正常","無","未繪設快慢車道分隔線","無",19,"未使用",121.288522,24.819576,"桃園市","大溪區"
"穿越道路中","2019",1,29,5,"霧或煙","夜間(或隧道、地下道、涵洞)有照明",40,"四岔路","穿越道附近","柏油","乾燥","良好","正常","無","未繪設快慢車道分隔線","無",82,"未使用",121.288522,24.819576,"桃園市","大溪區"
"側撞","2019",1,29,7,"晴","日間自然光線",70,"四岔路","交叉路口內","柏油","乾燥","良好","正常","雙向禁止超車線","快慢車道分隔線","有",64,"未使用",118.340298,24.441082,"金門縣","金寧鄉"
"側撞","2019",1,29,7,"晴","日間自然光線",70,"四岔路","交叉路口內","柏油","乾燥","良好","正常","雙向禁止超車線","快慢車道分隔線","有",21,"未使用",118.340298,24.441082,"金門縣","金寧鄉"
"撞路樹、電桿","2019",1,29,14,"晴","日間自然光線",50,"直路","一般車道(未劃分快慢車道)","柏油","乾燥","良好","無號誌","行車分向線","未繪設快慢車道分隔線","無",65,"不明",119.635397,23.564895,"澎湖縣","湖西鄉"
"撞路樹、電桿","2019",1,29,14,"晴","日間自然光線",50,"直路","一般車道(未劃分快慢車道)","柏油","乾燥","良好","無號誌","行車分向線","未繪設快慢車道分隔線","無",3,"不明",119.635397,23.564895,"澎湖縣","湖西鄉"
"撞路樹、電桿","2019",1,29,14,"晴","日間自然光線",50,"直路","一般車道(未劃分快慢車道)","柏油","乾燥","良好","無號誌","行車分向線","未繪設快慢車道分隔線","無",2,"不明",119.635397,23.564895,"澎湖縣","湖西鄉"
"對撞","2019",1,29,14,"晴","日間自然光線",50,"直路","快車道","柏油","乾燥","良好","無號誌","中央分向島","未繪設快慢車道分隔線","有",77,"未使用",120.463033,22.465602,"屏東縣","東港鎮"
"對撞","2019",1,29,14,"晴","日間自然光線",50,"直路","快車道","柏油","乾燥","良好","無號誌","中央分向島","未繪設快慢車道分隔線","有",41,"未使用",120.463033,22.465602,"屏東縣","東港鎮"
"側撞","2019",1,29,17,"晴","日間自然光線",50,"直路","一般車道(未劃分快慢車道)","柏油","乾燥","不良","無號誌","雙向禁止超車線","未繪設快慢車道分隔線","有",36,"未使用",120.974874,23.960013,"南投縣","埔里鎮"
"側撞","2019",1,29,17,"晴","日間自然光線",50,"直路","一般車道(未劃分快慢車道)","柏油","乾燥","不良","無號誌","雙向禁止超車線","未繪設快慢車道分隔線","有",81,"未使用",120.974874,23.960013,"南投縣","埔里鎮"
"側撞","2019",1,29,17,"晴","日間自然光線",50,"直路","一般車道(未劃分快慢車道)","柏油","乾燥","不良","無號誌","雙向禁止超車線","未繪設快慢車道分隔線","有",18,"未使用",120.974874,23.960013,"南投縣","埔里鎮"
"其他","2019",1,29,23,"晴","夜間(或隧道、地下道、涵洞)有照明",50,"直路","慢車道","柏油","乾燥","良好","無號誌","中央分向島","快慢車道分隔線","無",26,"不明",120.3032,22.64823,"高雄市","三民區"
"其他","2019",1,29,23,"晴","夜間(或隧道、地下道、涵洞)有照明",50,"直路","慢車道","柏油","乾燥","良好","無號誌","中央分向島","快慢車道分隔線","無",23,"不明",120.3032,22.64823,"高雄市","三民區"
"其他","2019",1,29,23,"晴","夜間(或隧道、地下道、涵洞)有照明",50,"直路","慢車道","柏油","乾燥","良好","無號誌","中央分向島","快慢車道分隔線","無",36,"未使用",120.3032,22.64823,"高雄市","三民區"
"其他","2019",1,29,23,"晴","夜間(或隧道、地下道、涵洞)有照明",50,"直路","慢車道","柏油","乾燥","良好","無號誌","中央分向島","快慢車道分隔線","無",58,"未使用",120.3032,22.64823,"高雄市","三民區"
"側撞","2019",1,30,7,"晴","日間自然光線",40,"三岔路","交叉路口內","柏油","乾燥","良好","正常","無","未繪設快慢車道分隔線","無",35,"未使用",120.726221,24.119554,"臺中市","太平區"
"側撞","2019",1,30,7,"晴","日間自然光線",40,"三岔路","交叉路口內","柏油","乾燥","良好","正常","無","未繪設快慢車道分隔線","無",24,"未使用",120.726221,24.119554,"臺中市","太平區"
"同向擦撞","2019",1,30,13,"晴","日間自然光線",50,"四岔路","交叉路口內","柏油","乾燥","良好","正常","中央分向島","快慢車道分隔線","有",35,"未使用",120.494226,22.773242,"屏東縣","里港鄉"
"同向擦撞","2019",1,30,13,"晴","日間自然光線",50,"四岔路","交叉路口內","柏油","乾燥","良好","正常","中央分向島","快慢車道分隔線","有",74,"非汽(機)車駕駛人",120.494226,22.773242,"屏東縣","里港鄉"
"撞路樹、電桿","2019",1,30,16,"晴","日間自然光線",50,"直路","路肩、路緣","柏油","乾燥","良好","無號誌","行車分向線","未繪設快慢車道分隔線","有",78,"未使用",120.584951,24.355971,"臺中市","大安區"
"其他","2019",1,30,16,"晴","日間自然光線",60,"三岔路","交叉路口內","柏油","乾燥","良好","無動作","無","未繪設快慢車道分隔線","有",54,"未使用",120.894115,22.336689,"臺東縣","大武鄉"
"其他","2019",1,30,16,"晴","日間自然光線",60,"三岔路","交叉路口內","柏油","乾燥","良好","無動作","無","未繪設快慢車道分隔線","有",78,"未使用",120.894115,22.336689,"臺東縣","大武鄉"
"對撞","2019",1,30,17,"晴","日間自然光線",50,"直路","一般車道(未劃分快慢車道)","柏油","乾燥","良好","無號誌","行車分向線","未繪設快慢車道分隔線","有",40,"未使用",120.335806,23.788275,"雲林縣","崙背鄉"
"對撞","2019",1,30,17,"晴","日間自然光線",50,"直路","一般車道(未劃分快慢車道)","柏油","乾燥","良好","無號誌","行車分向線","未繪設快慢車道分隔線","有",37,"未使用",120.335806,23.788275,"雲林縣","崙背鄉"
"路上翻車、摔倒","2019",1,30,19,"陰","日間自然光線",50,"直路","慢車道","柏油","乾燥","良好","正常","無","未繪設快慢車道分隔線","無",20,"未使用",120.34124,23.478549,"嘉義縣","太保市"
"路上翻車、摔倒","2019",1,30,19,"陰","日間自然光線",50,"直路","慢車道","柏油","乾燥","良好","正常","無","未繪設快慢車道分隔線","無",23,"非汽(機)車駕駛人",120.34124,23.478549,"嘉義縣","太保市"
"路口交岔撞","2019",1,31,8,"晴","日間自然光線",50,"四岔路","交叉路口內","柏油","乾燥","良好","無動作","無","未繪設快慢車道分隔線","無",84,"未使用",120.173203,23.538543,"雲林縣","口湖鄉"
"路口交岔撞","2019",1,31,8,"晴","日間自然光線",50,"四岔路","交叉路口內","柏油","乾燥","良好","無動作","無","未繪設快慢車道分隔線","無",53,"未使用",120.173203,23.538543,"雲林縣","口湖鄉"
"同向擦撞","2019",1,31,13,"晴","日間自然光線",60,"直路","機車優先道","柏油","乾燥","良好","無號誌","中央分向島","快慢車道分隔線","有",23,"未使用",120.192401,23.075289,"臺南市","南區"
"同向擦撞","2019",1,31,13,"晴","日間自然光線",60,"直路","機車優先道","柏油","乾燥","良好","無號誌","中央分向島","快慢車道分隔線","有",80,"使用免持或未有礙駕駛安全",120.192401,23.075289,"臺南市","南區"
"側撞","2019",1,31,14,"晴","日間自然光線",60,"四岔路","交叉路口內","柏油","乾燥","良好","無號誌","行車分向線","未繪設快慢車道分隔線","有",61,"不明",120.5541,22.88178,"高雄市","美濃區"
"側撞","2019",1,31,14,"晴","日間自然光線",60,"四岔路","交叉路口內","柏油","乾燥","良好","無號誌","行車分向線","未繪設快慢車道分隔線","有",51,"未使用",120.5541,22.88178,"高雄市","美濃區"
"其他","2019",2,1,0,"晴","夜間(或隧道、地下道、涵洞)有照明",40,"直路","慢車道","柏油","乾燥","良好","無號誌","中央分向島","寛式快慢車道分隔島(50公分以上)","有",108,"",120.322254,22.692436,"高雄市","仁武區"
"其他","2019",2,1,0,"晴","夜間(或隧道、地下道、涵洞)有照明",40,"直路","慢車道","柏油","乾燥","良好","無號誌","中央分向島","寛式快慢車道分隔島(50公分以上)","有",42,"未使用",120.322254,22.692436,"高雄市","仁武區"
"側撞","2019",2,1,7,"晴","日間自然光線",70,"三岔路","交叉路口內","柏油","乾燥","良好","正常","無","未繪設快慢車道分隔線","無",64,"未使用",120.133897,23.199825,"臺南市","將軍區"
"側撞","2019",2,1,7,"晴","日間自然光線",70,"三岔路","交叉路口內","柏油","乾燥","良好","正常","無","未繪設快慢車道分隔線","無",25,"未使用",120.133897,23.199825,"臺南市","將軍區"
"撞護欄(樁)","2019",2,1,7,"晴","日間自然光線",60,"彎曲路及附近","路肩、路緣","柏油","乾燥","良好","無號誌","雙向禁止超車線","未繪設快慢車道分隔線","無",50,"未使用",120.352935,23.24126,"臺南市","六甲區"
"撞護欄(樁)","2019",2,1,7,"晴","日間自然光線",60,"彎曲路及附近","路肩、路緣","柏油","乾燥","良好","無號誌","雙向禁止超車線","未繪設快慢車道分隔線","無",76,"未使用",120.352935,23.24126,"臺南市","六甲區"
"路口交岔撞","2019",2,1,8,"晴","日間自然光線",40,"四岔路","交叉口附近","柏油","乾燥","良好","正常","無","未繪設快慢車道分隔線","有",32,"未使用",120.646747,24.418544,"苗栗縣","苑裡鎮"
"路口交岔撞","2019",2,1,8,"晴","日間自然光線",40,"四岔路","交叉口附近","柏油","乾燥","良好","正常","無","未繪設快慢車道分隔線","有",54,"未使用",120.646747,24.418544,"苗栗縣","苑裡鎮"
"撞橋樑、建築物","2019",2,1,15,"晴","日間自然光線",40,"彎曲路及附近","一般車道(未劃分快慢車道)","柏油","乾燥","良好","無號誌","無","未繪設快慢車道分隔線","無",41,"不明",120.478763,23.626782,"嘉義縣","大林鎮"
"側撞","2019",2,1,20,"晴","夜間(或隧道、地下道、涵洞)無照明",50,"直路","一般車道(未劃分快慢車道)","柏油","乾燥","良好","無號誌","行車分向線","未繪設快慢車道分隔線","有",20,"未使用",120.385886,24.008158,"彰化縣","芳苑鄉"
"側撞","2019",2,1,20,"晴","夜間(或隧道、地下道、涵洞)無照明",50,"直路","一般車道(未劃分快慢車道)","柏油","乾燥","良好","無號誌","行車分向線","未繪設快慢車道分隔線","有",45,"未使用",120.385886,24.008158,"彰化縣","芳苑鄉"
"路口交岔撞","2019",2,2,0,"晴","夜間(或隧道、地下道、涵洞)有照明",70,"四岔路","交叉路口內","柏油","乾燥","良好","正常","無","未繪設快慢車道分隔線","無",17,"未使用",120.399104,23.558647,"嘉義縣","民雄鄉"
"路口交岔撞","2019",2,2,0,"晴","夜間(或隧道、地下道、涵洞)有照明",70,"四岔路","交叉路口內","柏油","乾燥","良好","正常","無","未繪設快慢車道分隔線","無",47,"未使用",120.399104,23.558647,"嘉義縣","民雄鄉"
"路口交岔撞","2019",2,2,0,"晴","夜間(或隧道、地下道、涵洞)有照明",70,"四岔路","交叉路口內","柏油","乾燥","良好","正常","無","未繪設快慢車道分隔線","無",17,"非汽(機)車駕駛人",120.399104,23.558647,"嘉義縣","民雄鄉"
"對撞","2019",2,2,4,"晴","夜間(或隧道、地下道、涵洞)有照明",50,"直路","一般車道(未劃分快慢車道)","柏油","乾燥","良好","無號誌","中央分向島","未繪設快慢車道分隔線","有",66,"不明",120.680036,24.107814,"臺中市","大里區"
"對撞","2019",2,2,4,"晴","夜間(或隧道、地下道、涵洞)有照明",50,"直路","一般車道(未劃分快慢車道)","柏油","乾燥","良好","無號誌","中央分向島","未繪設快慢車道分隔線","有",54,"不明",120.680036,24.107814,"臺中市","大里區"
"對撞","2019",2,2,4,"晴","夜間(或隧道、地下道、涵洞)有照明",50,"直路","一般車道(未劃分快慢車道)","柏油","乾燥","良好","無號誌","中央分向島","未繪設快慢車道分隔線","有",36,"不明",120.680036,24.107814,"臺中市","大里區"
"對撞","2019",2,2,4,"晴","夜間(或隧道、地下道、涵洞)有照明",50,"直路","一般車道(未劃分快慢車道)","柏油","乾燥","良好","無號誌","中央分向島","未繪設快慢車道分隔線","有",36,"不明",120.680036,24.107814,"臺中市","大里區"
"對撞","2019",2,2,4,"晴","夜間(或隧道、地下道、涵洞)有照明",50,"直路","一般車道(未劃分快慢車道)","柏油","乾燥","良好","無號誌","中央分向島","未繪設快慢車道分隔線","有",20,"未使用",120.680036,24.107814,"臺中市","大里區"
"對撞","2019",2,2,4,"晴","夜間(或隧道、地下道、涵洞)有照明",50,"直路","一般車道(未劃分快慢車道)","柏油","乾燥","良好","無號誌","中央分向島","未繪設快慢車道分隔線","有",47,"未使用",120.680036,24.107814,"臺中市","大里區"
"對撞","2019",2,2,4,"晴","夜間(或隧道、地下道、涵洞)有照明",50,"直路","一般車道(未劃分快慢車道)","柏油","乾燥","良好","無號誌","中央分向島","未繪設快慢車道分隔線","有",24,"未使用",120.680036,24.107814,"臺中市","大里區"
"對撞","2019",2,2,4,"晴","夜間(或隧道、地下道、涵洞)有照明",50,"直路","一般車道(未劃分快慢車道)","柏油","乾燥","良好","無號誌","中央分向島","未繪設快慢車道分隔線","有",54,"未使用",120.680036,24.107814,"臺中市","大里區"
"對撞","2019",2,2,4,"晴","夜間(或隧道、地下道、涵洞)有照明",50,"直路","一般車道(未劃分快慢車道)","柏油","乾燥","良好","無號誌","中央分向島","未繪設快慢車道分隔線","有",31,"未使用",120.680036,24.107814,"臺中市","大里區"
"穿越道路中","2019",2,2,6,"晴","晨或暮光",60,"四岔路","交叉路口內","柏油","乾燥","良好","正常","無","未繪設快慢車道分隔線","無",87,"非汽(機)車駕駛人",120.36289,22.58997,"高雄市","鳳山區"
"穿越道路中","2019",2,2,6,"晴","晨或暮光",60,"四岔路","交叉路口內","柏油","乾燥","良好","正常","無","未繪設快慢車道分隔線","無",42,"未使用",120.36289,22.58997,"高雄市","鳳山區"
"側撞","2019",2,2,9,"晴","日間自然光線",50,"四岔路","交叉路口內","柏油","乾燥","良好","正常","無","未繪設快慢車道分隔線","無",22,"未使用",121.452619,25.036297,"新北市","新莊區"
"側撞","2019",2,2,9,"晴","日間自然光線",50,"四岔路","交叉路口內","柏油","乾燥","良好","正常","無","未繪設快慢車道分隔線","無",21,"未使用",121.452619,25.036297,"新北市","新莊區"
"側撞","2019",2,2,9,"晴","日間自然光線",50,"四岔路","交叉路口內","柏油","乾燥","良好","正常","無","未繪設快慢車道分隔線","無",60,"未使用",121.452619,25.036297,"新北市","新莊區"
"追撞","2019",2,2,15,"陰","日間自然光線",50,"三岔路","交叉口附近","柏油","乾燥","良好","無號誌","雙向禁止超車線","未繪設快慢車道分隔線","無",60,"未使用",120.63635,24.41045,"臺中市","大甲區"
"追撞","2019",2,2,15,"陰","日間自然光線",50,"三岔路","交叉口附近","柏油","乾燥","良好","無號誌","雙向禁止超車線","未繪設快慢車道分隔線","無",84,"未使用",120.63635,24.41045,"臺中市","大甲區"
"穿越道路中","2019",2,2,19,"晴","夜間(或隧道、地下道、涵洞)有照明",50,"直路","一般車道(未劃分快慢車道)","柏油","乾燥","良好","無號誌","行車分向線","未繪設快慢車道分隔線","有",64,"未使用",120.572977,24.054838,"彰化縣","花壇鄉"