"事故類型及型態子類別名稱","發生年度","發生月份","發生日期","發生時間","天候名稱","光線名稱","速限.第1當事者","道路型態子類別名稱","事故位置子類別名稱","路面狀況.路面鋪裝名稱","路面狀況.路面狀態名稱","道路障礙.視距品質名稱","號誌.號誌動作名稱","車道劃分設施.分向設施大類別名稱","車道劃分設施.分道設施.快慢車道間名稱","車道劃分設施.分道設施.路面邊線名稱","當事者事故發生時年齡","行動電話或電腦或其他相類功能裝置名稱","經度","緯度","縣市","鄉鎮"
"穿越道路中","2019",2,2,19,"晴","夜間(或隧道、地下道、涵洞)有照明",50,"直路","一般車道(未劃分快慢車道)","柏油","乾燥","良好","無號誌","行車分向線","未繪設快慢車道分隔線","有",97,"非汽(機)車駕駛人",120.572977,24.054838,"彰化縣","花壇鄉"
"其他","2019",2,2,20,"晴","夜間(或隧道、地下道、涵洞)有照明",60,"四岔路","交叉口附近","柏油","乾燥","良好","正常","中央分向島","快慢車道分隔線","有",36,"未使用",120.312955,22.752182,"高雄市","橋頭區"
"其他","2019",2,2,20,"晴","夜間(或隧道、地下道、涵洞)有照明",60,"四岔路","交叉口附近","柏油","乾燥","良好","正常","中央分向島","快慢車道分隔線","有",54,"非汽(機)車駕駛人",120.312955,22.752182,"高雄市","橋頭區"
"撞護欄(樁)","2019",2,3,1,"晴","夜間(或隧道、地下道、涵洞)有照明",60,"彎曲路及附近","一般車道(未劃分快慢車道)","柏油","乾燥","不良","無號誌","行車分向線","快慢車道分隔線","有",15,"未使用",120.883727,24.466052,"苗栗縣","獅潭鄉"
"側撞","2019",2,3,1,"晴","夜間(或隧道、地下道、涵洞)有照明",50,"三岔路","交叉路口內","柏油","乾燥","良好","正常","中央分向島","未繪設快慢車道分隔線","有",36,"未使用",120.961121,23.972355,"南投縣","埔里鎮"
"側撞","2019",2,3,1,"晴","夜間(或隧道、地下道、涵洞)有照明",50,"三岔路","交叉路口內","柏油","乾燥","良好","正常","中央分向島","未繪設快慢車道分隔線","有",51,"未使用",120.961121,23.972355,"南投縣","埔里鎮"
"側撞","2019",2,4,5,"陰","夜間(或隧道、地下道、涵洞)有照明",50,"三岔路","交叉路口內","柏油","乾燥","良好","正常","無","未繪設快慢車道分隔線","無",80,"未使用",120.205795,23.365234,"嘉義縣","義竹鄉"
"側撞","2019",2,4,5,"陰","夜間(或隧道、地下道、涵洞)有照明",50,"三岔路","交叉路口內","柏油","乾燥","良好","正常","無","未繪設快慢車道分隔線","無",45,"未使用",120.205795,23.365234,"嘉義縣","義竹鄉"
"側撞","2019",2,4,15,"雨","日間自然光線",50,"三岔路","交叉路口內","柏油","濕潤","良好","正常","無","未繪設快慢車道分隔線","無",63,"未使用",121.74191,25.113912,"基隆市","仁愛區"
"側撞","2019",2,4,15,"雨","日間自然光線",50,"三岔路","交叉路口內","柏油","濕潤","良好","正常","無","未繪設快慢車道分隔線","無",24,"未使用",121.74191,25.113912,"基隆市","仁愛區"
"側撞","2019",2,4,21,"晴","夜間(或隧道、地下道、涵洞)有照明",50,"四岔路","交叉路口內","柏油","乾燥","良好","正常","無","未繪設快慢車道分隔線","無",23,"不明",120.64144,24.167598,"臺中市","西屯區"
"側撞","2019",2,4,21,"晴","夜間(或隧道、地下道、涵洞)有照明",50,"四岔路","交叉路口內","柏油","乾燥","良好","正常","無","未繪設快慢車道分隔線","無",21,"不明",120.64144,24.167598,"臺中市","西屯區"
"側撞","2019",2,4,21,"晴","夜間(或隧道、地下道、涵洞)有照明",50,"四岔路","交叉路口內","柏油","乾燥","良好","正常","無","未繪設快慢車道分隔線","無",35,"不明",120.64144,24.167598,"臺中市","西屯區"
"其他","2019",2,5,0,"晴","夜間(或隧道、地下道、涵洞)有照明",50,"直路","路肩、路緣","柏油","乾燥","良好","無號誌","行車分向線","快慢車道分隔線","無",40,"不明",120.371765,22.637013,"高雄市","鳳山區"
"其他","2019",2,5,0,"晴","夜間(或隧道、地下道、涵洞)有照明",50,"直路","路肩、路緣","柏油","乾燥","良好","無號誌","行車分向線","快慢車道分隔線","無",44,"未使用",120.371765,22.637013,"高雄市","鳳山區"
"撞號誌、標誌桿","2019",2,5,14,"晴","日間自然光線",40,"直路","路肩、路緣","柏油","乾燥","良好","無號誌","無","未繪設快慢車道分隔線","有",75,"未使用",120.280585,23.500036,"嘉義縣","六腳鄉"
"穿越道路中","2019",2,5,18,"雨","夜間(或隧道、地下道、涵洞)有照明",60,"直路","快車道","柏油","濕潤","良好","無號誌","雙向禁止超車線","快慢車道分隔線","有",21,"未使用",121.465521,23.34175,"臺東縣","長濱鄉"
"穿越道路中","2019",2,5,18,"雨","夜間(或隧道、地下道、涵洞)有照明",60,"直路","快車道","柏油","濕潤","良好","無號誌","雙向禁止超車線","快慢車道分隔線","有",74,"非汽(機)車駕駛人",121.465521,23.34175,"臺東縣","長濱鄉"
"穿越道路中","2019",2,5,19,"晴","夜間(或隧道、地下道、涵洞)有照明",50,"直路","一般車道(未劃分快慢車道)","柏油","乾燥","良好","無號誌","雙向禁止超車線","未繪設快慢車道分隔線","有",29,"未使用",120.212382,22.997745,"臺南市","東區"
"穿越道路中","2019",2,5,19,"晴","夜間(或隧道、地下道、涵洞)有照明",50,"直路","一般車道(未劃分快慢車道)","柏油","乾燥","良好","無號誌","雙向禁止超車線","未繪設快慢車道分隔線","有",31,"非汽(機)車駕駛人",120.212382,22.997745,"臺南市","東區"
"穿越道路中","2019",2,5,19,"晴","夜間(或隧道、地下道、涵洞)有照明",50,"直路","一般車道(未劃分快慢車道)","柏油","乾燥","良好","無號誌","雙向禁止超車線","未繪設快慢車道分隔線","有",51,"未使用",120.212382,22.997745,"臺南市","東區"
"穿越道路中","2019",2,5,19,"晴","夜間(或隧道、地下道、涵洞)有照明",50,"直路","一般車道(未劃分快慢車道)","柏油","乾燥","良好","無號誌","雙向禁止超車線","未繪設快慢車道分隔線","有",32,"非汽(機)車駕駛人",120.212382,22.997745,"臺南市","東區"
"側撞","2019",2,5,20,"晴","夜間(或隧道、地下道、涵洞)有照明",50,"四岔路","交叉口附近","柏油","乾燥","良好","正常","雙向禁止超車線","未繪設快慢車道分隔線","無",47,"不明",120.684447,24.142294,"臺中市","北區"
"側撞","2019",2,5,20,"晴","夜間(或隧道、地下道、涵洞)有照明",50,"四岔路","交叉口附近","柏油","乾燥","良好","正常","雙向禁止超車線","未繪設快慢車道分隔線","無",17,"不明",120.684447,24.142294,"臺中市","北區"
"側撞","2019",2,5,20,"晴","夜間(或隧道、地下道、涵洞)有照明",50,"四岔路","交叉口附近","柏油","乾燥","良好","正常","雙向禁止超車線","未繪設快慢車道分隔線","無",15,"不明",120.684447,24.142294,"臺中市","北區"
"路上翻車、摔倒","2019",2,6,14,"晴","日間自然光線",50,"彎曲路及附近","一般車道(未劃分快慢車道)","柏油","乾燥","良好","無號誌","雙向禁止超車線","未繪設快慢車道分隔線","有",48,"未使用",120.517228,23.853718,"彰化縣","溪州鄉"
"衝出路外","2019",2,6,16,"陰","日間自然光線",50,"彎曲路及附近","其他","柏油","乾燥","不良","無號誌","雙向禁止超車線","快慢車道分隔線","有",20,"未使用",121.401682,23.172387,"臺東縣","成功鎮"
"衝出路外","2019",2,6,16,"陰","日間自然光線",50,"彎曲路及附近","其他","柏油","乾燥","不良","無號誌","雙向禁止超車線","快慢車道分隔線","有",19,"未使用",121.401682,23.172387,"臺東縣","成功鎮"
"其他","2019",2,6,22,"陰","夜間(或隧道、地下道、涵洞)無照明",50,"多岔路","交叉口附近","柏油","乾燥","良好","正常","雙向禁止超車線","未繪設快慢車道分隔線","無",30,"不明",120.255333,23.672795,"雲林縣","東勢鄉"
"其他","2019",2,6,22,"陰","夜間(或隧道、地下道、涵洞)無照明",50,"多岔路","交叉口附近","柏油","乾燥","良好","正常","雙向禁止超車線","未繪設快慢車道分隔線","無",35,"非汽(機)車駕駛人",120.255333,23.672795,"雲林縣","東勢鄉"
"其他","2019",2,6,22,"陰","夜間(或隧道、地下道、涵洞)無照明",50,"多岔路","交叉口附近","柏油","乾燥","良好","正常","雙向禁止超車線","未繪設快慢車道分隔線","無",60,"非汽(機)車駕駛人",120.255333,23.672795,"雲林縣","東勢鄉"
"其他","2019",2,7,4,"晴","夜間(或隧道、地下道、涵洞)有照明",50,"彎曲路及附近","一般車道(未劃分快慢車道)","柏油","乾燥","不良","無號誌","雙向禁止超車線","未繪設快慢車道分隔線","無",23,"未使用",120.449083,23.461578,"嘉義市","東區"
"撞交通島","2019",2,7,9,"晴","日間自然光線",70,"四岔路","交通島(含槽化線)","柏油","乾燥","良好","正常","中央分向島","快慢車道分隔線","有",59,"未使用",120.212508,23.265264,"臺南市","鹽水區"
"路口交岔撞","2019",2,7,13,"晴","日間自然光線",40,"四岔路","交叉路口內","柏油","乾燥","良好","無號誌","無","未繪設快慢車道分隔線","無",71,"不明",120.399248,22.620039,"高雄市","大寮區"
"路口交岔撞","2019",2,7,13,"晴","日間自然光線",40,"四岔路","交叉路口內","柏油","乾燥","良好","無號誌","無","未繪設快慢車道分隔線","無",65,"非汽(機)車駕駛人",120.399248,22.620039,"高雄市","大寮區"
"路口交岔撞","2019",2,7,13,"晴","日間自然光線",40,"四岔路","交叉路口內","柏油","乾燥","良好","無號誌","無","未繪設快慢車道分隔線","無",38,"未使用",120.399248,22.620039,"高雄市","大寮區"
"路口交岔撞","2019",2,7,14,"晴","日間自然光線",50,"多岔路","其他","柏油","乾燥","良好","正常","雙向禁止超車線","未繪設快慢車道分隔線","有",22,"未使用",120.458886,23.880378,"彰化縣","埤頭鄉"
"路口交岔撞","2019",2,7,14,"晴","日間自然光線",50,"多岔路","其他","柏油","乾燥","良好","正常","雙向禁止超車線","未繪設快慢車道分隔線","有",33,"未使用",120.458886,23.880378,"彰化縣","埤頭鄉"
"路口交岔撞","2019",2,7,14,"晴","日間自然光線",50,"多岔路","其他","柏油","乾燥","良好","正常","雙向禁止超車線","未繪設快慢車道分隔線","有",32,"未使用",120.458886,23.880378,"彰化縣","埤頭鄉"
"路口交岔撞","2019",2,7,14,"晴","日間自然光線",50,"多岔路","其他","柏油","乾燥","良好","正常","雙向禁止超車線","未繪設快慢車道分隔線","有",26,"非汽(機)車駕駛人",120.458886,23.880378,"彰化縣","埤頭鄉"
"衝出路外","2019",2,7,17,"晴","晨或暮光",60,"直路","路肩、路緣","柏油","乾燥","良好","無號誌","中央分向島","寛式快慢車道分隔島(50公分以上)","有",28,"未使用",121.108572,24.74167,"新竹縣","芎林鄉"
"衝出路外","2019",2,7,17,"晴","晨或暮光",60,"直路","路肩、路緣","柏油","乾燥","良好","無號誌","中央分向島","寛式快慢車道分隔島(50公分以上)","有",23,"非汽(機)車駕駛人",121.108572,24.74167,"新竹縣","芎林鄉"
"衝出路外","2019",2,7,17,"晴","晨或暮光",60,"直路","路肩、路緣","柏油","乾燥","良好","無號誌","中央分向島","寛式快慢車道分隔島(50公分以上)","有",56,"非汽(機)車駕駛人",121.108572,24.74167,"新竹縣","芎林鄉"
"衝出路外","2019",2,7,17,"晴","晨或暮光",60,"直路","路肩、路緣","柏油","乾燥","良好","無號誌","中央分向島","寛式快慢車道分隔島(50公分以上)","有",59,"非汽(機)車駕駛人",121.108572,24.74167,"新竹縣","芎林鄉"
"路上翻車、摔倒","2019",2,7,23,"晴","夜間(或隧道、地下道、涵洞)有照明",50,"彎曲路及附近","路肩、路緣","柏油","乾燥","良好","無號誌","雙向禁止超車線","未繪設快慢車道分隔線","有",107,"",120.4697,22.88581,"高雄市","旗山區"
"路上翻車、摔倒","2019",2,7,23,"晴","夜間(或隧道、地下道、涵洞)有照明",50,"彎曲路及附近","路肩、路緣","柏油","乾燥","良好","無號誌","雙向禁止超車線","未繪設快慢車道分隔線","有",27,"不明",120.4697,22.88581,"高雄市","旗山區"
"撞護欄(樁)","2019",2,8,15,"晴","日間自然光線",40,"橋樑","一般車道(未劃分快慢車道)","柏油","乾燥","良好","無號誌","無","未繪設快慢車道分隔線","有",27,"未使用",120.336251,22.972925,"臺南市","關廟區"
"撞護欄(樁)","2019",2,8,15,"晴","日間自然光線",40,"橋樑","一般車道(未劃分快慢車道)","柏油","乾燥","良好","無號誌","無","未繪設快慢車道分隔線","有",28,"未使用",120.336251,22.972925,"臺南市","關廟區"
"同向擦撞","2019",2,8,16,"陰","日間自然光線",50,"三岔路","交叉路口內","柏油","乾燥","良好","正常","雙向禁止超車線","未繪設快慢車道分隔線","有",27,"未使用",120.993608,23.978755,"南投縣","埔里鎮"
"同向擦撞","2019",2,8,16,"陰","日間自然光線",50,"三岔路","交叉路口內","柏油","乾燥","良好","正常","雙向禁止超車線","未繪設快慢車道分隔線","有",39,"未使用",120.993608,23.978755,"南投縣","埔里鎮"
"側撞","2019",2,9,3,"陰","夜間(或隧道、地下道、涵洞)有照明",50,"巷弄","一般車道(未劃分快慢車道)","柏油","乾燥","良好","正常","行車分向線","未繪設快慢車道分隔線","無",52,"未使用",121.568333,25.028558,"臺北市","信義區"
"側撞","2019",2,9,3,"陰","夜間(或隧道、地下道、涵洞)有照明",50,"巷弄","一般車道(未劃分快慢車道)","柏油","乾燥","良好","正常","行車分向線","未繪設快慢車道分隔線","無",20,"未使用",121.568333,25.028558,"臺北市","信義區"
"同向擦撞","2019",2,9,9,"晴","日間自然光線",50,"三岔路","交叉口附近","柏油","乾燥","良好","無號誌","雙向禁止超車線","未繪設快慢車道分隔線","無",21,"不明",120.758508,24.200103,"臺中市","北屯區"
"同向擦撞","2019",2,9,9,"晴","日間自然光線",50,"三岔路","交叉口附近","柏油","乾燥","良好","無號誌","雙向禁止超車線","未繪設快慢車道分隔線","無",53,"不明",120.758508,24.200103,"臺中市","北屯區"
"其他","2019",2,9,11,"晴","日間自然光線",25,"直路","一般車道(未劃分快慢車道)","柏油","乾燥","良好","無號誌","行車分向線","未繪設快慢車道分隔線","有",14,"不明",121.445068,25.148,"新北市","八里區"
"其他","2019",2,9,11,"晴","日間自然光線",25,"直路","一般車道(未劃分快慢車道)","柏油","乾燥","良好","無號誌","行車分向線","未繪設快慢車道分隔線","有",14,"不明",121.445068,25.148,"新北市","八里區"
"其他","2019",2,9,11,"晴","日間自然光線",25,"直路","一般車道(未劃分快慢車道)","柏油","乾燥","良好","無號誌","行車分向線","未繪設快慢車道分隔線","有",96,"不明",121.445068,25.148,"新北市","八里區"
"其他","2019",2,9,11,"晴","日間自然光線",25,"直路","一般車道(未劃分快慢車道)","柏油","乾燥","良好","無號誌","行車分向線","未繪設快慢車道分隔線","有",69,"不明",121.445068,25.148,"新北市","八里區"
"其他","2019",2,9,11,"晴","日間自然光線",25,"直路","一般車道(未劃分快慢車道)","柏油","乾燥","良好","無號誌","行車分向線","未繪設快慢車道分隔線","有",26,"不明",121.445068,25.148,"新北市","八里區"
"其他","2019",2,9,11,"晴","日間自然光線",25,"直路","一般車道(未劃分快慢車道)","柏油","乾燥","良好","無號誌","行車分向線","未繪設快慢車道分隔線","有",14,"不明",121.445068,25.148,"新北市","八里區"
"其他","2019",2,9,11,"晴","日間自然光線",25,"直路","一般車道(未劃分快慢車道)","柏油","乾燥","良好","無號誌","行車分向線","未繪設快慢車道分隔線","有",52,"不明",121.445068,25.148,"新北市","八里區"
"其他","2019",2,9,11,"晴","日間自然光線",25,"直路","一般車道(未劃分快慢車道)","柏油","乾燥","良好","無號誌","行車分向線","未繪設快慢車道分隔線","有",14,"不明",121.445068,25.148,"新北市","八里區"
"其他","2019",2,9,20,"陰","夜間(或隧道、地下道、涵洞)有照明",40,"三岔路","交叉路口內","柏油","乾燥","良好","正常","無","未繪設快慢車道分隔線","無",32,"未使用",121.602737,25.061064,"臺北市","內湖區"
"其他","2019",2,9,20,"陰","夜間(或隧道、地下道、涵洞)有照明",40,"三岔路","交叉路口內","柏油","乾燥","良好","正常","無","未繪設快慢車道分隔線","無",27,"未使用",121.602737,25.061064,"臺北市","內湖區"
"穿越道路中","2019",2,9,22,"陰","夜間(或隧道、地下道、涵洞)有照明",50,"直路","一般車道(未劃分快慢車道)","柏油","乾燥","不良","無號誌","行車分向線","未繪設快慢車道分隔線","有",66,"非汽(機)車駕駛人",121.25493,24.927756,"桃園市","平鎮區"
"穿越道路中","2019",2,9,22,"陰","夜間(或隧道、地下道、涵洞)有照明",50,"直路","一般車道(未劃分快慢車道)","柏油","乾燥","不良","無號誌","行車分向線","未繪設快慢車道分隔線","有",53,"未使用",121.25493,24.927756,"桃園市","平鎮區"
"撞交通島","2019",2,10,14,"陰","日間自然光線",70,"直路","快車道","柏油","乾燥","良好","無號誌","無","窄式快慢車道分隔島(無柵欄)","有",72,"未使用",121.771741,24.737391,"宜蘭縣","宜蘭市"
"撞交通島","2019",2,10,14,"陰","日間自然光線",70,"直路","快車道","柏油","乾燥","良好","無號誌","無","窄式快慢車道分隔島(無柵欄)","有",70,"非汽(機)車駕駛人",121.771741,24.737391,"宜蘭縣","宜蘭市"
"路口交岔撞","2019",2,10,15,"晴","日間自然光線",40,"四岔路","交叉路口內","柏油","乾燥","良好","無號誌","雙向禁止超車線","快慢車道分隔線","有",52,"未使用",120.385271,23.738625,"雲林縣","虎尾鎮"
"路口交岔撞","2019",2,10,15,"晴","日間自然光線",40,"四岔路","交叉路口內","柏油","乾燥","良好","無號誌","雙向禁止超車線","快慢車道分隔線","有",22,"未使用",120.385271,23.738625,"雲林縣","虎尾鎮"
"側撞","2019",2,10,18,"晴","夜間(或隧道、地下道、涵洞)有照明",50,"多岔路","交叉路口內","柏油","乾燥","良好","正常","中央分向島","快慢車道分隔線","有",40,"未使用",120.568593,23.972075,"彰化縣","員林市"
"側撞","2019",2,10,18,"晴","夜間(或隧道、地下道、涵洞)有照明",50,"多岔路","交叉路口內","柏油","乾燥","良好","正常","中央分向島","快慢車道分隔線","有",58,"未使用",120.568593,23.972075,"彰化縣","員林市"
"其他","2019",2,10,18,"晴","夜間(或隧道、地下道、涵洞)有照明",60,"三岔路","交叉路口內","柏油","乾燥","良好","正常","雙向禁止超車線","未繪設快慢車道分隔線","有",18,"未使用",120.311307,23.637131,"雲林縣","元長鄉"
"其他","2019",2,10,18,"晴","夜間(或隧道、地下道、涵洞)有照明",60,"三岔路","交叉路口內","柏油","乾燥","良好","正常","雙向禁止超車線","未繪設快慢車道分隔線","有",86,"非汽(機)車駕駛人",120.311307,23.637131,"雲林縣","元長鄉"
"其他","2019",2,10,19,"晴","夜間(或隧道、地下道、涵洞)無照明",90,"高架道路","快車道","柏油","乾燥","良好","無號誌","中央分向島","未繪設快慢車道分隔線","有",36,"未使用",120.585404,24.362147,"臺中市","大安區"
"其他","2019",2,10,19,"晴","夜間(或隧道、地下道、涵洞)無照明",90,"高架道路","快車道","柏油","乾燥","良好","無號誌","中央分向島","未繪設快慢車道分隔線","有",37,"非汽(機)車駕駛人",120.585404,24.362147,"臺中市","大安區"
"穿越道路中","2019",2,11,1,"陰","夜間(或隧道、地下道、涵洞)有照明",50,"四岔路","行人穿越道","柏油","乾燥","良好","正常","無","未繪設快慢車道分隔線","無",38,"未使用",121.24823,24.957086,"桃園市","中壢區"
"穿越道路中","2019",2,11,1,"陰","夜間(或隧道、地下道、涵洞)有照明",50,"四岔路","行人穿越道","柏油","乾燥","良好","正常","無","未繪設快慢車道分隔線","無",57,"非汽(機)車駕駛人",121.24823,24.957086,"桃園市","中壢區"
"其他","2019",2,11,5,"晴","夜間(或隧道、地下道、涵洞)無照明",110,"直路","快車道","柏油","乾燥","良好","無號誌","中央分向島","未繪設快慢車道分隔線","有",48,"使用免持或未有礙駕駛安全",120.617829,24.138835,"臺中市","南屯區"
"其他","2019",2,11,5,"晴","夜間(或隧道、地下道、涵洞)無照明",110,"直路","快車道","柏油","乾燥","良好","無號誌","中央分向島","未繪設快慢車道分隔線","有",39,"未使用",120.617829,24.138835,"臺中市","南屯區"
"其他","2019",2,11,5,"晴","夜間(或隧道、地下道、涵洞)無照明",110,"直路","快車道","柏油","乾燥","良好","無號誌","中央分向島","未繪設快慢車道分隔線","有",24,"未使用",120.617829,24.138835,"臺中市","南屯區"
"其他","2019",2,11,5,"晴","夜間(或隧道、地下道、涵洞)無照明",110,"直路","快車道","柏油","乾燥","良好","無號誌","中央分向島","未繪設快慢車道分隔線","有",48,"非汽(機)車駕駛人",120.617829,24.138835,"臺中市","南屯區"
"其他","2019",2,11,5,"晴","夜間(或隧道、地下道、涵洞)無照明",110,"直路","快車道","柏油","乾燥","良好","無號誌","中央分向島","未繪設快慢車道分隔線","有",41,"未使用",120.617829,24.138835,"臺中市","南屯區"
"其他","2019",2,11,5,"晴","夜間(或隧道、地下道、涵洞)無照明",110,"直路","快車道","柏油","乾燥","良好","無號誌","中央分向島","未繪設快慢車道分隔線","有",45,"未使用",120.617829,24.138835,"臺中市","南屯區"
"其他","2019",2,11,5,"晴","夜間(或隧道、地下道、涵洞)無照明",110,"直路","快車道","柏油","乾燥","良好","無號誌","中央分向島","未繪設快慢車道分隔線","有",58,"未使用",120.617829,24.138835,"臺中市","南屯區"
"其他","2019",2,11,5,"晴","夜間(或隧道、地下道、涵洞)無照明",110,"直路","快車道","柏油","乾燥","良好","無號誌","中央分向島","未繪設快慢車道分隔線","有",47,"未使用",120.617829,24.138835,"臺中市","南屯區"
"側撞","2019",2,11,5,"陰","晨或暮光",50,"多岔路","交叉路口內","柏油","濕潤","良好","正常","無","未繪設快慢車道分隔線","無",56,"未使用",121.453971,25.033547,"新北市","新莊區"
"側撞","2019",2,11,5,"陰","晨或暮光",50,"多岔路","交叉路口內","柏油","濕潤","良好","正常","無","未繪設快慢車道分隔線","無",60,"未使用",121.453971,25.033547,"新北市","新莊區"
"對撞","2019",2,11,9,"晴","日間自然光線",40,"直路","一般車道(未劃分快慢車道)","柏油","乾燥","良好","無號誌","無","未繪設快慢車道分隔線","有",51,"未使用",120.414521,22.684428,"高雄市","大樹區"
"對撞","2019",2,11,9,"晴","日間自然光線",40,"直路","一般車道(未劃分快慢車道)","柏油","乾燥","良好","無號誌","無","未繪設快慢車道分隔線","有",35,"未使用",120.414521,22.684428,"高雄市","大樹區"
"路口交岔撞","2019",2,11,12,"晴","日間自然光線",40,"四岔路","交叉路口內","柏油","乾燥","良好","無號誌","無","未繪設快慢車道分隔線","無",51,"未使用",120.267495,23.502496,"嘉義縣","六腳鄉"
"路口交岔撞","2019",2,11,12,"晴","日間自然光線",40,"四岔路","交叉路口內","柏油","乾燥","良好","無號誌","無","未繪設快慢車道分隔線","無",71,"未使用",120.267495,23.502496,"嘉義縣","六腳鄉"
"撞護欄(樁)","2019",2,11,12,"晴","日間自然光線",50,"橋樑","一般車道(未劃分快慢車道)","柏油","乾燥","不良","無號誌","雙向禁止超車線","未繪設快慢車道分隔線","有",18,"未使用",121.133471,22.807646,"臺東縣","臺東市"
"穿越道路中","2019",2,11,14,"晴","日間自然光線",50,"三岔路","行人穿越道","柏油","乾燥","良好","正常","無","未繪設快慢車道分隔線","有",39,"未使用",121.254504,24.918772,"桃園市","平鎮區"
"穿越道路中","2019",2,11,14,"晴","日間自然光線",50,"三岔路","行人穿越道","柏油","乾燥","良好","正常","無","未繪設快慢車道分隔線","有",50,"未使用",121.254504,24.918772,"桃園市","平鎮區"
"穿越道路中","2019",2,11,14,"晴","日間自然光線",50,"三岔路","行人穿越道","柏油","乾燥","良好","正常","無","未繪設快慢車道分隔線","有",87,"非汽(機)車駕駛人",121.254504,24.918772,"桃園市","平鎮區"
"撞護欄(樁)","2019",2,11,19,"晴","夜間(或隧道、地下道、涵洞)有照明",60,"直路","路肩、路緣","柏油","乾燥","良好","無號誌","雙向禁止超車線","未繪設快慢車道分隔線","有",49,"未使用",120.593324,22.539857,"屏東縣","潮州鎮"
"撞護欄(樁)","2019",2,11,19,"晴","夜間(或隧道、地下道、涵洞)有照明",60,"直路","路肩、路緣","柏油","乾燥","良好","無號誌","雙向禁止超車線","未繪設快慢車道分隔線","有",43,"非汽(機)車駕駛人",120.593324,22.539857,"屏東縣","潮州鎮"
"撞護欄(樁)","2019",2,11,19,"晴","夜間(或隧道、地下道、涵洞)有照明",60,"直路","路肩、路緣","柏油","乾燥","良好","無號誌","雙向禁止超車線","未繪設快慢車道分隔線","有",17,"非汽(機)車駕駛人",120.593324,22.539857,"屏東縣","潮州鎮"
"撞交通島","2019",2,12,2,"雨","夜間(或隧道、地下道、涵洞)有照明",50,"直路","一般車道(未劃分快慢車道)","柏油","濕潤","良好","無號誌","中央分向島","未繪設快慢車道分隔線","有",39,"未使用",121.737668,25.110596,"基隆市","暖暖區"
"撞交通島","2019",2,12,2,"雨","夜間(或隧道、地下道、涵洞)有照明",50,"直路","一般車道(未劃分快慢車道)","柏油","濕潤","良好","無號誌","中央分向島","未繪設快慢車道分隔線","有",20,"未使用",121.737668,25.110596,"基隆市","暖暖區"
"路口交岔撞","2019",2,12,6,"晴","日間自然光線",50,"四岔路","交叉路口內","柏油","乾燥","良好","正常","中央分向島","快慢車道分隔線","有",57,"不明",120.456234,24.136288,"彰化縣","線西鄉"
"路口交岔撞","2019",2,12,6,"晴","日間自然光線",50,"四岔路","交叉路口內","柏油","乾燥","良好","正常","中央分向島","快慢車道分隔線","有",55,"未使用",120.456234,24.136288,"彰化縣","線西鄉"
"同向擦撞","2019",2,12,13,"晴","日間自然光線",60,"坡路","一般車道(未劃分快慢車道)","柏油","乾燥","良好","無號誌","雙向禁止超車線","未繪設快慢車道分隔線","有",69,"未使用",121.622418,24.683023,"宜蘭縣","大同鄉"
"同向擦撞","2019",2,12,13,"晴","日間自然光線",60,"坡路","一般車道(未劃分快慢車道)","柏油","乾燥","良好","無號誌","雙向禁止超車線","未繪設快慢車道分隔線","有",49,"未使用",121.622418,24.683023,"宜蘭縣","大同鄉"
"路口交岔撞","2019",2,12,14,"晴","日間自然光線",40,"四岔路","交叉路口內","柏油","乾燥","良好","正常","單向禁止超車線","未繪設快慢車道分隔線","無",29,"不明",120.698929,23.935652,"南投縣","南投市"
"路口交岔撞","2019",2,12,14,"晴","日間自然光線",40,"四岔路","交叉路口內","柏油","乾燥","良好","正常","單向禁止超車線","未繪設快慢車道分隔線","無",50,"未使用",120.698929,23.935652,"南投縣","南投市"
"穿越道路中","2019",2,12,20,"陰","夜間(或隧道、地下道、涵洞)有照明",40,"三岔路","交叉路口內","柏油","乾燥","良好","無號誌","無","未繪設快慢車道分隔線","無",25,"未使用",120.906537,24.691023,"苗栗縣","頭份市"
"穿越道路中","2019",2,12,20,"陰","夜間(或隧道、地下道、涵洞)有照明",40,"三岔路","交叉路口內","柏油","乾燥","良好","無號誌","無","未繪設快慢車道分隔線","無",68,"非汽(機)車駕駛人",120.906537,24.691023,"苗栗縣","頭份市"
"撞號誌、標誌桿","2019",2,13,3,"陰","夜間(或隧道、地下道、涵洞)有照明",50,"直路","慢車道","柏油","乾燥","良好","無號誌","雙向禁止超車線","快慢車道分隔線","有",21,"未使用",121.438442,25.015854,"新北市","新莊區"
"穿越道路中","2019",2,13,6,"晴","晨或暮光",40,"四岔路","交叉口附近","柏油","乾燥","良好","無號誌","雙向禁止超車線","未繪設快慢車道分隔線","有",47,"未使用",120.818791,24.636052,"苗栗縣","造橋鄉"
"穿越道路中","2019",2,13,6,"晴","晨或暮光",40,"四岔路","交叉口附近","柏油","乾燥","良好","無號誌","雙向禁止超車線","未繪設快慢車道分隔線","有",79,"非汽(機)車駕駛人",120.818791,24.636052,"苗栗縣","造橋鄉"
"側撞","2019",2,13,10,"陰","日間自然光線",50,"直路","交通島(含槽化線)","柏油","乾燥","良好","無號誌","中央分向島","窄式快慢車道分隔島(無柵欄)","有",80,"未使用",121.124047,24.722544,"新竹縣","橫山鄉"
"側撞","2019",2,13,10,"陰","日間自然光線",50,"直路","交通島(含槽化線)","柏油","乾燥","良好","無號誌","中央分向島","窄式快慢車道分隔島(無柵欄)","有",65,"未使用",121.124047,24.722544,"新竹縣","橫山鄉"
"側撞","2019",2,13,14,"晴","日間自然光線",70,"直路","快車道","柏油","乾燥","良好","無號誌","雙向禁止超車線","快慢車道分隔線","有",21,"未使用",120.496118,22.584727,"屏東縣","萬丹鄉"