"事故類型及型態子類別名稱","發生年度","發生月份","發生日期","發生時間","天候名稱","光線名稱","速限.第1當事者","道路型態子類別名稱","事故位置子類別名稱","路面狀況.路面鋪裝名稱","路面狀況.路面狀態名稱","道路障礙.視距品質名稱","號誌.號誌動作名稱","車道劃分設施.分向設施大類別名稱","車道劃分設施.分道設施.快慢車道間名稱","車道劃分設施.分道設施.路面邊線名稱","當事者事故發生時年齡","行動電話或電腦或其他相類功能裝置名稱","經度","緯度","縣市","鄉鎮"
"側撞","2019",2,13,14,"晴","日間自然光線",70,"直路","快車道","柏油","乾燥","良好","無號誌","雙向禁止超車線","快慢車道分隔線","有",78,"未使用",120.496118,22.584727,"屏東縣","萬丹鄉"
"追撞","2019",2,13,19,"晴","夜間(或隧道、地下道、涵洞)有照明",40,"其他","快車道","柏油","乾燥","良好","無號誌","雙向禁止超車線","寛式快慢車道分隔島(50公分以上)","無",23,"未使用",120.636791,24.17074,"臺中市","西屯區"
"追撞","2019",2,13,19,"晴","夜間(或隧道、地下道、涵洞)有照明",40,"其他","快車道","柏油","乾燥","良好","無號誌","雙向禁止超車線","寛式快慢車道分隔島(50公分以上)","無",46,"未使用",120.636791,24.17074,"臺中市","西屯區"
"側撞","2019",2,13,19,"晴","夜間(或隧道、地下道、涵洞)有照明",50,"多岔路","交叉路口內","柏油","乾燥","良好","正常","雙向禁止超車線","窄式快慢車道分隔島(附柵欄)","無",60,"非汽(機)車駕駛人",120.297619,22.678651,"高雄市","左營區"
"側撞","2019",2,13,19,"晴","夜間(或隧道、地下道、涵洞)有照明",50,"多岔路","交叉路口內","柏油","乾燥","良好","正常","雙向禁止超車線","窄式快慢車道分隔島(附柵欄)","無",41,"未使用",120.297619,22.678651,"高雄市","左營區"
"側撞","2019",2,13,19,"晴","夜間(或隧道、地下道、涵洞)有照明",50,"多岔路","交叉路口內","柏油","乾燥","良好","正常","雙向禁止超車線","窄式快慢車道分隔島(附柵欄)","無",63,"未使用",120.297619,22.678651,"高雄市","左營區"
"側撞","2019",2,14,7,"晴","日間自然光線",70,"三岔路","交叉路口內","柏油","乾燥","良好","正常","無","未繪設快慢車道分隔線","有",38,"未使用",120.493146,22.69512,"屏東縣","屏東市"
"側撞","2019",2,14,7,"晴","日間自然光線",70,"三岔路","交叉路口內","柏油","乾燥","良好","正常","無","未繪設快慢車道分隔線","有",32,"未使用",120.493146,22.69512,"屏東縣","屏東市"
"同向擦撞","2019",2,14,8,"陰","日間自然光線",50,"直路","一般車道(未劃分快慢車道)","柏油","乾燥","良好","無號誌","雙向禁止超車線","未繪設快慢車道分隔線","有",46,"未使用",121.26178,24.880141,"桃園市","大溪區"
"同向擦撞","2019",2,14,8,"陰","日間自然光線",50,"直路","一般車道(未劃分快慢車道)","柏油","乾燥","良好","無號誌","雙向禁止超車線","未繪設快慢車道分隔線","有",69,"未使用",121.26178,24.880141,"桃園市","大溪區"
"側撞","2019",2,14,8,"晴","日間自然光線",60,"直路","其他","柏油","乾燥","良好","正常","無","未繪設快慢車道分隔線","無",66,"未使用",120.583267,24.249979,"臺中市","沙鹿區"
"側撞","2019",2,14,8,"晴","日間自然光線",60,"直路","其他","柏油","乾燥","良好","正常","無","未繪設快慢車道分隔線","無",33,"未使用",120.583267,24.249979,"臺中市","沙鹿區"
"追撞","2019",2,14,16,"晴","日間自然光線",50,"三岔路","交叉路口內","柏油","乾燥","良好","無號誌","單向禁止超車線","未繪設快慢車道分隔線","有",14,"未使用",121.791332,24.468289,"宜蘭縣","南澳鄉"
"追撞","2019",2,14,16,"晴","日間自然光線",50,"三岔路","交叉路口內","柏油","乾燥","良好","無號誌","單向禁止超車線","未繪設快慢車道分隔線","有",15,"未使用",121.791332,24.468289,"宜蘭縣","南澳鄉"
"追撞","2019",2,14,16,"晴","日間自然光線",50,"三岔路","交叉路口內","柏油","乾燥","良好","無號誌","單向禁止超車線","未繪設快慢車道分隔線","有",20,"未使用",121.791332,24.468289,"宜蘭縣","南澳鄉"
"追撞","2019",2,14,16,"晴","日間自然光線",50,"三岔路","交叉路口內","柏油","乾燥","良好","無號誌","單向禁止超車線","未繪設快慢車道分隔線","有",63,"非汽(機)車駕駛人",121.791332,24.468289,"宜蘭縣","南澳鄉"
"追撞","2019",2,14,16,"晴","日間自然光線",50,"三岔路","交叉路口內","柏油","乾燥","良好","無號誌","單向禁止超車線","未繪設快慢車道分隔線","有",31,"未使用",121.791332,24.468289,"宜蘭縣","南澳鄉"
"追撞","2019",2,14,16,"晴","日間自然光線",50,"三岔路","交叉路口內","柏油","乾燥","良好","無號誌","單向禁止超車線","未繪設快慢車道分隔線","有",15,"非汽(機)車駕駛人",121.791332,24.468289,"宜蘭縣","南澳鄉"
"追撞","2019",2,14,16,"晴","日間自然光線",50,"三岔路","交叉路口內","柏油","乾燥","良好","無號誌","單向禁止超車線","未繪設快慢車道分隔線","有",14,"非汽(機)車駕駛人",121.791332,24.468289,"宜蘭縣","南澳鄉"
"穿越道路中","2019",2,14,20,"晴","夜間(或隧道、地下道、涵洞)有照明",60,"直路","一般車道(未劃分快慢車道)","柏油","乾燥","良好","無號誌","雙向禁止超車線","未繪設快慢車道分隔線","有",30,"未使用",120.297339,23.036084,"臺南市","新化區"
"穿越道路中","2019",2,14,20,"晴","夜間(或隧道、地下道、涵洞)有照明",60,"直路","一般車道(未劃分快慢車道)","柏油","乾燥","良好","無號誌","雙向禁止超車線","未繪設快慢車道分隔線","有",63,"非汽(機)車駕駛人",120.297339,23.036084,"臺南市","新化區"
"側撞","2019",2,14,21,"晴","夜間(或隧道、地下道、涵洞)有照明",50,"三岔路","交叉路口內","柏油","乾燥","良好","無號誌","無","未繪設快慢車道分隔線","無",66,"不明",120.97043,24.793861,"新竹市","香山區"
"側撞","2019",2,14,21,"晴","夜間(或隧道、地下道、涵洞)有照明",50,"三岔路","交叉路口內","柏油","乾燥","良好","無號誌","無","未繪設快慢車道分隔線","無",58,"不明",120.97043,24.793861,"新竹市","香山區"
"側撞","2019",2,14,21,"晴","夜間(或隧道、地下道、涵洞)有照明",50,"三岔路","交叉路口內","柏油","乾燥","良好","無號誌","無","未繪設快慢車道分隔線","無",65,"不明",120.97043,24.793861,"新竹市","香山區"
"側撞","2019",2,14,21,"晴","夜間(或隧道、地下道、涵洞)有照明",50,"三岔路","交叉路口內","柏油","乾燥","良好","無號誌","無","未繪設快慢車道分隔線","無",25,"不明",120.97043,24.793861,"新竹市","香山區"
"撞路樹、電桿","2019",2,15,1,"晴","夜間(或隧道、地下道、涵洞)有照明",40,"彎曲路及附近","一般車道(未劃分快慢車道)","柏油","乾燥","良好","無號誌","無","未繪設快慢車道分隔線","有",50,"未使用",120.602006,22.669341,"屏東縣","內埔鄉"
"路口交岔撞","2019",2,15,7,"晴","日間自然光線",40,"四岔路","交叉路口內","柏油","乾燥","良好","無號誌","無","未繪設快慢車道分隔線","有",42,"不明",120.280723,23.777335,"雲林縣","麥寮鄉"
"路口交岔撞","2019",2,15,7,"晴","日間自然光線",40,"四岔路","交叉路口內","柏油","乾燥","良好","無號誌","無","未繪設快慢車道分隔線","有",17,"不明",120.280723,23.777335,"雲林縣","麥寮鄉"
"路口交岔撞","2019",2,15,7,"晴","日間自然光線",40,"四岔路","交叉路口內","柏油","乾燥","良好","無號誌","無","未繪設快慢車道分隔線","有",19,"不明",120.280723,23.777335,"雲林縣","麥寮鄉"
"側撞","2019",2,15,8,"晴","日間自然光線",50,"四岔路","交叉路口內","柏油","乾燥","良好","正常","行車分向線","未繪設快慢車道分隔線","有",37,"未使用",121.013328,24.821404,"新竹縣","竹北市"
"側撞","2019",2,15,8,"晴","日間自然光線",50,"四岔路","交叉路口內","柏油","乾燥","良好","正常","行車分向線","未繪設快慢車道分隔線","有",44,"未使用",121.013328,24.821404,"新竹縣","竹北市"
"穿越道路中","2019",2,15,8,"晴","日間自然光線",50,"四岔路","行人穿越道","柏油","乾燥","良好","正常","無","未繪設快慢車道分隔線","無",22,"未使用",120.693169,24.182972,"臺中市","北屯區"
"穿越道路中","2019",2,15,8,"晴","日間自然光線",50,"四岔路","行人穿越道","柏油","乾燥","良好","正常","無","未繪設快慢車道分隔線","無",82,"非汽(機)車駕駛人",120.693169,24.182972,"臺中市","北屯區"
"路上翻車、摔倒","2019",2,15,12,"晴","日間自然光線",40,"彎曲路及附近","一般車道(未劃分快慢車道)","柏油","乾燥","良好","無號誌","雙向禁止超車線","未繪設快慢車道分隔線","有",18,"未使用",121.720231,24.901738,"新北市","坪林區"
"撞橋樑、建築物","2019",2,16,4,"晴","夜間(或隧道、地下道、涵洞)有照明",40,"三岔路","交叉路口內","柏油","乾燥","良好","無號誌","無","未繪設快慢車道分隔線","無",47,"不明",120.987058,24.82203,"新竹市","東區"
"路口交岔撞","2019",2,16,7,"晴","晨或暮光",40,"四岔路","交叉路口內","柏油","乾燥","良好","無號誌","無","未繪設快慢車道分隔線","有",63,"未使用",120.206927,23.331645,"嘉義縣","義竹鄉"
"路口交岔撞","2019",2,16,7,"晴","晨或暮光",40,"四岔路","交叉路口內","柏油","乾燥","良好","無號誌","無","未繪設快慢車道分隔線","有",58,"未使用",120.206927,23.331645,"嘉義縣","義竹鄉"
"路口交岔撞","2019",2,16,7,"晴","晨或暮光",40,"四岔路","交叉路口內","柏油","乾燥","良好","無號誌","無","未繪設快慢車道分隔線","有",62,"非汽(機)車駕駛人",120.206927,23.331645,"嘉義縣","義竹鄉"
"路口交岔撞","2019",2,16,7,"晴","晨或暮光",40,"四岔路","交叉路口內","柏油","乾燥","良好","無號誌","無","未繪設快慢車道分隔線","有",62,"非汽(機)車駕駛人",120.206927,23.331645,"嘉義縣","義竹鄉"
"撞路樹、電桿","2019",2,16,13,"晴","日間自然光線",50,"直路","一般車道(未劃分快慢車道)","柏油","乾燥","良好","無號誌","行車分向線","未繪設快慢車道分隔線","有",77,"不明",120.973822,23.999239,"南投縣","埔里鎮"
"撞路樹、電桿","2019",2,16,19,"陰","夜間(或隧道、地下道、涵洞)有照明",50,"直路","路肩、路緣","柏油","乾燥","良好","無號誌","雙向禁止超車線","未繪設快慢車道分隔線","有",56,"未使用",120.784635,24.492831,"苗栗縣","銅鑼鄉"
"追撞","2019",2,16,23,"晴","夜間(或隧道、地下道、涵洞)無照明",100,"直路","快車道","柏油","乾燥","良好","無號誌","行車分向線","未繪設快慢車道分隔線","有",60,"未使用",120.360503,23.166083,"臺南市","官田區"
"追撞","2019",2,16,23,"晴","夜間(或隧道、地下道、涵洞)無照明",100,"直路","快車道","柏油","乾燥","良好","無號誌","行車分向線","未繪設快慢車道分隔線","有",28,"未使用",120.360503,23.166083,"臺南市","官田區"
"追撞","2019",2,16,23,"晴","夜間(或隧道、地下道、涵洞)無照明",100,"直路","快車道","柏油","乾燥","良好","無號誌","行車分向線","未繪設快慢車道分隔線","有",33,"未使用",120.360503,23.166083,"臺南市","官田區"
"追撞","2019",2,16,23,"晴","夜間(或隧道、地下道、涵洞)無照明",100,"直路","快車道","柏油","乾燥","良好","無號誌","行車分向線","未繪設快慢車道分隔線","有",52,"未使用",120.360503,23.166083,"臺南市","官田區"
"穿越道路中","2019",2,17,0,"晴","夜間(或隧道、地下道、涵洞)無照明",50,"直路","其他","柏油","乾燥","良好","正常","無","未繪設快慢車道分隔線","無",26,"未使用",120.241228,23.01901,"臺南市","永康區"
"穿越道路中","2019",2,17,0,"晴","夜間(或隧道、地下道、涵洞)無照明",50,"直路","其他","柏油","乾燥","良好","正常","無","未繪設快慢車道分隔線","無",58,"非汽(機)車駕駛人",120.241228,23.01901,"臺南市","永康區"
"撞路樹、電桿","2019",2,17,5,"晴","夜間(或隧道、地下道、涵洞)有照明",70,"直路","路肩、路緣","柏油","乾燥","良好","無號誌","中央分向島","快慢車道分隔線","有",18,"未使用",120.690321,24.510566,"苗栗縣","通霄鎮"
"其他","2019",2,17,5,"晴","日間自然光線",50,"直路","一般車道(未劃分快慢車道)","柏油","乾燥","良好","無號誌","雙向禁止超車線","未繪設快慢車道分隔線","有",32,"未使用",120.305189,22.757277,"高雄市","橋頭區"
"其他","2019",2,17,5,"晴","日間自然光線",50,"直路","一般車道(未劃分快慢車道)","柏油","乾燥","良好","無號誌","雙向禁止超車線","未繪設快慢車道分隔線","有",50,"未使用",120.305189,22.757277,"高雄市","橋頭區"
"路口交岔撞","2019",2,17,12,"晴","日間自然光線",40,"四岔路","交叉路口內","柏油","乾燥","良好","無號誌","無","未繪設快慢車道分隔線","有",20,"未使用",121.795658,24.765451,"宜蘭縣","壯圍鄉"
"路口交岔撞","2019",2,17,12,"晴","日間自然光線",40,"四岔路","交叉路口內","柏油","乾燥","良好","無號誌","無","未繪設快慢車道分隔線","有",32,"未使用",121.795658,24.765451,"宜蘭縣","壯圍鄉"
"側撞","2019",2,17,17,"晴","日間自然光線",70,"三岔路","交叉口附近","柏油","乾燥","良好","正常","無","未繪設快慢車道分隔線","無",21,"未使用",120.300917,23.050843,"臺南市","新化區"
"側撞","2019",2,17,17,"晴","日間自然光線",70,"三岔路","交叉口附近","柏油","乾燥","良好","正常","無","未繪設快慢車道分隔線","無",37,"未使用",120.300917,23.050843,"臺南市","新化區"
"側撞","2019",2,17,17,"晴","日間自然光線",70,"三岔路","交叉口附近","柏油","乾燥","良好","正常","無","未繪設快慢車道分隔線","無",28,"未使用",120.300917,23.050843,"臺南市","新化區"
"側撞","2019",2,17,17,"晴","日間自然光線",70,"三岔路","交叉口附近","柏油","乾燥","良好","正常","無","未繪設快慢車道分隔線","無",1,"非汽(機)車駕駛人",120.300917,23.050843,"臺南市","新化區"
"側撞","2019",2,18,7,"晴","日間自然光線",60,"四岔路","快車道","柏油","乾燥","良好","正常","雙向禁止超車線","快慢車道分隔線","有",45,"未使用",120.549453,22.740868,"屏東縣","鹽埔鄉"
"側撞","2019",2,18,7,"晴","日間自然光線",60,"四岔路","快車道","柏油","乾燥","良好","正常","雙向禁止超車線","快慢車道分隔線","有",63,"未使用",120.549453,22.740868,"屏東縣","鹽埔鄉"
"穿越道路中","2019",2,18,14,"陰","日間自然光線",50,"三岔路","交叉路口內","柏油","乾燥","良好","正常","無","未繪設快慢車道分隔線","無",91,"未使用",121.744376,25.112762,"基隆市","仁愛區"
"穿越道路中","2019",2,18,14,"陰","日間自然光線",50,"三岔路","交叉路口內","柏油","乾燥","良好","正常","無","未繪設快慢車道分隔線","無",75,"非汽(機)車駕駛人",121.744376,25.112762,"基隆市","仁愛區"
"穿越道路中","2019",2,18,14,"陰","日間自然光線",50,"三岔路","交叉路口內","柏油","乾燥","良好","正常","無","未繪設快慢車道分隔線","無",69,"非汽(機)車駕駛人",121.744376,25.112762,"基隆市","仁愛區"
"側撞","2019",2,18,14,"晴","日間自然光線",40,"四岔路","交叉路口內","柏油","乾燥","良好","無號誌","無","未繪設快慢車道分隔線","有",28,"未使用",120.371337,23.873271,"彰化縣","二林鎮"
"側撞","2019",2,18,14,"晴","日間自然光線",40,"四岔路","交叉路口內","柏油","乾燥","良好","無號誌","無","未繪設快慢車道分隔線","有",75,"未使用",120.371337,23.873271,"彰化縣","二林鎮"
"同向擦撞","2019",2,18,17,"晴","日間自然光線",40,"直路","機車專用道","柏油","乾燥","良好","無號誌","中央分向島","寛式快慢車道分隔島(50公分以上)","有",33,"未使用",120.368298,22.526675,"高雄市","小港區"
"同向擦撞","2019",2,18,17,"晴","日間自然光線",40,"直路","機車專用道","柏油","乾燥","良好","無號誌","中央分向島","寛式快慢車道分隔島(50公分以上)","有",52,"未使用",120.368298,22.526675,"高雄市","小港區"
"其他","2019",2,18,18,"晴","夜間(或隧道、地下道、涵洞)有照明",70,"直路","一般車道(未劃分快慢車道)","柏油","乾燥","良好","無號誌","雙向禁止超車線","未繪設快慢車道分隔線","有",54,"未使用",120.2146,22.87626,"高雄市","茄萣區"
"其他","2019",2,18,18,"晴","夜間(或隧道、地下道、涵洞)有照明",70,"直路","一般車道(未劃分快慢車道)","柏油","乾燥","良好","無號誌","雙向禁止超車線","未繪設快慢車道分隔線","有",43,"非汽(機)車駕駛人",120.2146,22.87626,"高雄市","茄萣區"
"側撞","2019",2,18,21,"晴","夜間(或隧道、地下道、涵洞)有照明",50,"四岔路","交叉路口內","柏油","乾燥","良好","正常","中央分向島","快慢車道分隔線","無",16,"未使用",120.29231,22.801654,"高雄市","岡山區"
"側撞","2019",2,18,21,"晴","夜間(或隧道、地下道、涵洞)有照明",50,"四岔路","交叉路口內","柏油","乾燥","良好","正常","中央分向島","快慢車道分隔線","無",49,"未使用",120.29231,22.801654,"高雄市","岡山區"
"側撞","2019",2,18,21,"晴","夜間(或隧道、地下道、涵洞)有照明",50,"四岔路","交叉路口內","柏油","乾燥","良好","正常","中央分向島","快慢車道分隔線","無",16,"非汽(機)車駕駛人",120.29231,22.801654,"高雄市","岡山區"
"路上翻車、摔倒","2019",2,18,22,"晴","夜間(或隧道、地下道、涵洞)有照明",30,"彎曲路及附近","一般車道(未劃分快慢車道)","柏油","乾燥","良好","無號誌","雙向禁止超車線","未繪設快慢車道分隔線","有",25,"未使用",120.594508,23.598717,"雲林縣","古坑鄉"
"穿越道路中","2019",2,19,6,"陰","夜間(或隧道、地下道、涵洞)有照明",60,"三岔路","行人穿越道","柏油","濕潤","不良","正常","中央分向島","寛式快慢車道分隔島(50公分以上)","有",37,"未使用",120.5827,24.172598,"臺中市","大肚區"
"穿越道路中","2019",2,19,6,"陰","夜間(或隧道、地下道、涵洞)有照明",60,"三岔路","行人穿越道","柏油","濕潤","不良","正常","中央分向島","寛式快慢車道分隔島(50公分以上)","有",65,"非汽(機)車駕駛人",120.5827,24.172598,"臺中市","大肚區"
"側撞","2019",2,19,7,"晴","日間自然光線",40,"四岔路","一般車道(未劃分快慢車道)","柏油","乾燥","良好","無號誌","無","未繪設快慢車道分隔線","無",26,"未使用",120.895303,24.714047,"苗栗縣","竹南鎮"
"側撞","2019",2,19,7,"晴","日間自然光線",40,"四岔路","一般車道(未劃分快慢車道)","柏油","乾燥","良好","無號誌","無","未繪設快慢車道分隔線","無",40,"未使用",120.895303,24.714047,"苗栗縣","竹南鎮"
"側撞","2019",2,19,10,"晴","日間自然光線",50,"三岔路","交叉路口內","柏油","乾燥","良好","正常","無","未繪設快慢車道分隔線","無",19,"未使用",120.4964,23.48174,"嘉義市","東區"
"側撞","2019",2,19,10,"晴","日間自然光線",50,"三岔路","交叉路口內","柏油","乾燥","良好","正常","無","未繪設快慢車道分隔線","無",51,"未使用",120.4964,23.48174,"嘉義市","東區"
"同向通行中","2019",2,19,16,"晴","日間自然光線",40,"四岔路","交叉口附近","柏油","乾燥","良好","正常","無","未繪設快慢車道分隔線","有",20,"非汽(機)車駕駛人",121.549125,25.137193,"臺北市","士林區"
"同向通行中","2019",2,19,16,"晴","日間自然光線",40,"四岔路","交叉口附近","柏油","乾燥","良好","正常","無","未繪設快慢車道分隔線","有",61,"未使用",121.549125,25.137193,"臺北市","士林區"
"追撞","2019",2,19,18,"晴","夜間(或隧道、地下道、涵洞)有照明",100,"坡路","快車道","柏油","乾燥","良好","無號誌","中央分向島","未繪設快慢車道分隔線","有",29,"不明",120.756243,24.389298,"苗栗縣","三義鄉"
"追撞","2019",2,19,18,"晴","夜間(或隧道、地下道、涵洞)有照明",100,"坡路","快車道","柏油","乾燥","良好","無號誌","中央分向島","未繪設快慢車道分隔線","有",38,"未使用",120.756243,24.389298,"苗栗縣","三義鄉"
"追撞","2019",2,19,18,"晴","夜間(或隧道、地下道、涵洞)有照明",100,"坡路","快車道","柏油","乾燥","良好","無號誌","中央分向島","未繪設快慢車道分隔線","有",32,"非汽(機)車駕駛人",120.756243,24.389298,"苗栗縣","三義鄉"
"穿越道路中","2019",2,20,5,"陰","夜間(或隧道、地下道、涵洞)有照明",50,"彎曲路及附近","一般車道(未劃分快慢車道)","柏油","乾燥","不良","無號誌","雙向禁止超車線","未繪設快慢車道分隔線","有",79,"未使用",121.032902,24.844777,"新竹縣","新埔鎮"
"穿越道路中","2019",2,20,5,"陰","夜間(或隧道、地下道、涵洞)有照明",50,"彎曲路及附近","一般車道(未劃分快慢車道)","柏油","乾燥","不良","無號誌","雙向禁止超車線","未繪設快慢車道分隔線","有",45,"未使用",121.032902,24.844777,"新竹縣","新埔鎮"
"側撞","2019",2,20,9,"晴","日間自然光線",60,"四岔路","交叉路口內","柏油","乾燥","良好","正常","中央分向島","未繪設快慢車道分隔線","有",70,"未使用",120.535514,24.036578,"彰化縣","花壇鄉"
"側撞","2019",2,20,9,"晴","日間自然光線",60,"四岔路","交叉路口內","柏油","乾燥","良好","正常","中央分向島","未繪設快慢車道分隔線","有",60,"未使用",120.535514,24.036578,"彰化縣","花壇鄉"
"撞護欄(樁)","2019",2,20,10,"晴","日間自然光線",60,"彎曲路及附近","環道匝道","柏油","乾燥","良好","無號誌","無","未繪設快慢車道分隔線","有",58,"不明",120.715685,24.007216,"南投縣","草屯鎮"
"側撞","2019",2,20,21,"晴","夜間(或隧道、地下道、涵洞)有照明",50,"四岔路","交叉路口內","柏油","乾燥","良好","正常","中央分向島","寛式快慢車道分隔島(50公分以上)","無",18,"不明",120.993863,24.804672,"新竹市","東區"
"側撞","2019",2,20,21,"晴","夜間(或隧道、地下道、涵洞)有照明",50,"四岔路","交叉路口內","柏油","乾燥","良好","正常","中央分向島","寛式快慢車道分隔島(50公分以上)","無",46,"不明",120.993863,24.804672,"新竹市","東區"
"撞路樹、電桿","2019",2,21,6,"霧或煙","晨或暮光",60,"直路","路肩、路緣","柏油","乾燥","不良","無號誌","雙向禁止超車線","快慢車道分隔線","有",37,"未使用",120.475709,23.111913,"臺南市","玉井區"
"其他","2019",2,21,9,"晴","日間自然光線",40,"直路","快車道","柏油","乾燥","良好","無號誌","雙向禁止超車線","未繪設快慢車道分隔線","有",83,"不明",120.387583,22.618481,"高雄市","大寮區"
"其他","2019",2,21,9,"晴","日間自然光線",40,"直路","快車道","柏油","乾燥","良好","無號誌","雙向禁止超車線","未繪設快慢車道分隔線","有",30,"未使用",120.387583,22.618481,"高雄市","大寮區"
"其他","2019",2,21,10,"晴","日間自然光線",50,"直路","快車道","柏油","乾燥","良好","無號誌","行車分向線","快慢車道分隔線","無",23,"未使用",120.369971,22.629392,"高雄市","鳳山區"
"其他","2019",2,21,10,"晴","日間自然光線",50,"直路","快車道","柏油","乾燥","良好","無號誌","行車分向線","快慢車道分隔線","無",70,"未使用",120.369971,22.629392,"高雄市","鳳山區"
"側撞","2019",2,21,12,"晴","日間自然光線",50,"直路","快車道","柏油","乾燥","良好","無號誌","雙向禁止超車線","未繪設快慢車道分隔線","有",70,"不明",121.162019,24.996761,"桃園市","觀音區"
"側撞","2019",2,21,12,"晴","日間自然光線",50,"直路","快車道","柏油","乾燥","良好","無號誌","雙向禁止超車線","未繪設快慢車道分隔線","有",24,"未使用",121.162019,24.996761,"桃園市","觀音區"
"側撞","2019",2,21,12,"晴","日間自然光線",50,"直路","快車道","柏油","乾燥","良好","無號誌","雙向禁止超車線","未繪設快慢車道分隔線","有",26,"未使用",121.162019,24.996761,"桃園市","觀音區"
"側撞","2019",2,21,17,"陰","晨或暮光",40,"三岔路","交叉路口內","柏油","乾燥","良好","正常","無","未繪設快慢車道分隔線","無",28,"未使用",121.344561,25.065861,"桃園市","蘆竹區"
"側撞","2019",2,21,17,"陰","晨或暮光",40,"三岔路","交叉路口內","柏油","乾燥","良好","正常","無","未繪設快慢車道分隔線","無",38,"未使用",121.344561,25.065861,"桃園市","蘆竹區"
"其他","2019",2,21,17,"陰","夜間(或隧道、地下道、涵洞)有照明",40,"直路","一般車道(未劃分快慢車道)","柏油","乾燥","良好","正常","無","未繪設快慢車道分隔線","無",26,"未使用",121.586594,25.059159,"臺北市","內湖區"
"其他","2019",2,21,17,"陰","夜間(或隧道、地下道、涵洞)有照明",40,"直路","一般車道(未劃分快慢車道)","柏油","乾燥","良好","正常","無","未繪設快慢車道分隔線","無",89,"未使用",121.586594,25.059159,"臺北市","內湖區"
"其他","2019",2,22,7,"雨","晨或暮光",50,"直路","快車道","柏油","濕潤","良好","無號誌","中央分向島","快慢車道分隔線","有",60,"未使用",121.582513,25.068316,"臺北市","內湖區"
"其他","2019",2,22,7,"雨","晨或暮光",50,"直路","快車道","柏油","濕潤","良好","無號誌","中央分向島","快慢車道分隔線","有",56,"非汽(機)車駕駛人",121.582513,25.068316,"臺北市","內湖區"
"撞號誌、標誌桿","2019",2,22,11,"晴","日間自然光線",40,"彎曲路及附近","路肩、路緣","柏油","乾燥","良好","無號誌","雙向禁止超車線","快慢車道分隔線","有",108,"",120.3347,22.86262,"高雄市","阿蓮區"
"撞號誌、標誌桿","2019",2,22,11,"晴","日間自然光線",40,"彎曲路及附近","路肩、路緣","柏油","乾燥","良好","無號誌","雙向禁止超車線","快慢車道分隔線","有",53,"未使用",120.3347,22.86262,"高雄市","阿蓮區"
"側撞","2019",2,22,18,"陰","夜間(或隧道、地下道、涵洞)有照明",60,"多岔路","交叉路口內","柏油","乾燥","良好","正常","無","未繪設快慢車道分隔線","無",50,"不明",121.007676,22.614323,"臺東縣","太麻里鄉"
"側撞","2019",2,22,18,"陰","夜間(或隧道、地下道、涵洞)有照明",60,"多岔路","交叉路口內","柏油","乾燥","良好","正常","無","未繪設快慢車道分隔線","無",33,"未使用",121.007676,22.614323,"臺東縣","太麻里鄉"
"追撞","2019",2,22,19,"晴","夜間(或隧道、地下道、涵洞)有照明",50,"四岔路","交叉口附近","柏油","乾燥","良好","正常","無","未繪設快慢車道分隔線","無",25,"未使用",121.248015,24.968343,"桃園市","中壢區"
"追撞","2019",2,22,19,"晴","夜間(或隧道、地下道、涵洞)有照明",50,"四岔路","交叉口附近","柏油","乾燥","良好","正常","無","未繪設快慢車道分隔線","無",28,"未使用",121.248015,24.968343,"桃園市","中壢區"
"追撞","2019",2,22,19,"晴","夜間(或隧道、地下道、涵洞)有照明",50,"四岔路","交叉口附近","柏油","乾燥","良好","正常","無","未繪設快慢車道分隔線","無",42,"未使用",121.248015,24.968343,"桃園市","中壢區"
"同向通行中","2019",2,22,20,"晴","夜間(或隧道、地下道、涵洞)有照明",60,"直路","路肩、路緣","柏油","乾燥","良好","無號誌","中央分向島","未繪設快慢車道分隔線","有",21,"未使用",120.4728,22.86937,"高雄市","旗山區"
"同向通行中","2019",2,22,20,"晴","夜間(或隧道、地下道、涵洞)有照明",60,"直路","路肩、路緣","柏油","乾燥","良好","無號誌","中央分向島","未繪設快慢車道分隔線","有",19,"非汽(機)車駕駛人",120.4728,22.86937,"高雄市","旗山區"
"同向通行中","2019",2,22,20,"晴","夜間(或隧道、地下道、涵洞)有照明",60,"直路","路肩、路緣","柏油","乾燥","良好","無號誌","中央分向島","未繪設快慢車道分隔線","有",59,"未使用",120.4728,22.86937,"高雄市","旗山區"
"撞路樹、電桿","2019",2,23,19,"晴","夜間(或隧道、地下道、涵洞)無照明",40,"直路","一般車道(未劃分快慢車道)","柏油","乾燥","良好","無號誌","無","未繪設快慢車道分隔線","無",42,"未使用",120.343788,23.232552,"臺南市","六甲區"
"撞護欄(樁)","2019",2,24,0,"晴","夜間(或隧道、地下道、涵洞)有照明",50,"彎曲路及附近","一般車道(未劃分快慢車道)","柏油","乾燥","良好","無號誌","中央分向島","未繪設快慢車道分隔線","有",52,"未使用",120.401159,22.94734,"臺南市","龍崎區"
"撞護欄(樁)","2019",2,24,0,"雨","夜間(或隧道、地下道、涵洞)有照明",100,"直路","快車道","柏油","濕潤","不良","無號誌","中央分向島","未繪設快慢車道分隔線","有",38,"不明",121.266917,25.026494,"桃園市","蘆竹區"