"事故類型及型態子類別名稱","發生年度","發生月份","發生日期","發生時間","天候名稱","光線名稱","速限.第1當事者","道路型態子類別名稱","事故位置子類別名稱","路面狀況.路面鋪裝名稱","路面狀況.路面狀態名稱","道路障礙.視距品質名稱","號誌.號誌動作名稱","車道劃分設施.分向設施大類別名稱","車道劃分設施.分道設施.快慢車道間名稱","車道劃分設施.分道設施.路面邊線名稱","當事者事故發生時年齡","行動電話或電腦或其他相類功能裝置名稱","經度","緯度","縣市","鄉鎮"
"撞路樹、電桿","2019",2,24,9,"雨","日間自然光線",60,"直路","路肩、路緣","柏油","濕潤","良好","無號誌","中央分向島","快慢車道分隔線","有",58,"未使用",121.567854,23.965723,"花蓮縣","吉安鄉"
"撞路樹、電桿","2019",2,24,9,"雨","日間自然光線",60,"直路","路肩、路緣","柏油","濕潤","良好","無號誌","中央分向島","快慢車道分隔線","有",58,"非汽(機)車駕駛人",121.567854,23.965723,"花蓮縣","吉安鄉"
"撞路樹、電桿","2019",2,24,9,"雨","日間自然光線",60,"直路","路肩、路緣","柏油","濕潤","良好","無號誌","中央分向島","快慢車道分隔線","有",61,"非汽(機)車駕駛人",121.567854,23.965723,"花蓮縣","吉安鄉"
"撞路樹、電桿","2019",2,24,9,"雨","日間自然光線",60,"直路","路肩、路緣","柏油","濕潤","良好","無號誌","中央分向島","快慢車道分隔線","有",71,"非汽(機)車駕駛人",121.567854,23.965723,"花蓮縣","吉安鄉"
"衝出路外","2019",2,24,18,"雨","夜間(或隧道、地下道、涵洞)有照明",50,"彎曲路及附近","路肩、路緣","柏油","濕潤","良好","無號誌","雙向禁止超車線","快慢車道分隔線","有",25,"非汽(機)車駕駛人",120.512069,23.477265,"嘉義縣","番路鄉"
"衝出路外","2019",2,24,18,"雨","夜間(或隧道、地下道、涵洞)有照明",50,"彎曲路及附近","路肩、路緣","柏油","濕潤","良好","無號誌","雙向禁止超車線","快慢車道分隔線","有",30,"未使用",120.512069,23.477265,"嘉義縣","番路鄉"
"對撞","2019",2,25,11,"晴","日間自然光線",40,"直路","一般車道(未劃分快慢車道)","柏油","乾燥","良好","無號誌","無","未繪設快慢車道分隔線","有",57,"未使用",121.251089,24.895852,"桃園市","大溪區"
"對撞","2019",2,25,11,"晴","日間自然光線",40,"直路","一般車道(未劃分快慢車道)","柏油","乾燥","良好","無號誌","無","未繪設快慢車道分隔線","有",58,"未使用",121.251089,24.895852,"桃園市","大溪區"
"追撞","2019",2,25,15,"晴","日間自然光線",60,"三岔路","交叉路口內","柏油","乾燥","良好","正常","中央分向島","未繪設快慢車道分隔線","有",26,"未使用",120.621852,24.105086,"臺中市","烏日區"
"追撞","2019",2,25,15,"晴","日間自然光線",60,"三岔路","交叉路口內","柏油","乾燥","良好","正常","中央分向島","未繪設快慢車道分隔線","有",24,"未使用",120.621852,24.105086,"臺中市","烏日區"
"追撞","2019",2,25,15,"晴","日間自然光線",60,"三岔路","交叉路口內","柏油","乾燥","良好","正常","中央分向島","未繪設快慢車道分隔線","有",22,"未使用",120.621852,24.105086,"臺中市","烏日區"
"追撞","2019",2,25,19,"陰","夜間(或隧道、地下道、涵洞)有照明",40,"橋樑","慢車道","柏油","乾燥","良好","無號誌","中央分向島","窄式快慢車道分隔島(無柵欄)","有",62,"不明",120.581193,24.104004,"彰化縣","彰化市"
"追撞","2019",2,25,19,"陰","夜間(或隧道、地下道、涵洞)有照明",40,"橋樑","慢車道","柏油","乾燥","良好","無號誌","中央分向島","窄式快慢車道分隔島(無柵欄)","有",35,"未使用",120.581193,24.104004,"彰化縣","彰化市"
"追撞","2019",2,25,19,"陰","夜間(或隧道、地下道、涵洞)有照明",40,"橋樑","慢車道","柏油","乾燥","良好","無號誌","中央分向島","窄式快慢車道分隔島(無柵欄)","有",20,"未使用",120.581193,24.104004,"彰化縣","彰化市"
"穿越道路中","2019",2,26,6,"陰","晨或暮光",40,"直路","一般車道(未劃分快慢車道)","柏油","乾燥","良好","無號誌","無","未繪設快慢車道分隔線","有",26,"未使用",121.310845,24.986188,"桃園市","桃園區"
"穿越道路中","2019",2,26,6,"陰","晨或暮光",40,"直路","一般車道(未劃分快慢車道)","柏油","乾燥","良好","無號誌","無","未繪設快慢車道分隔線","有",82,"未使用",121.310845,24.986188,"桃園市","桃園區"
"側撞","2019",2,26,11,"晴","日間自然光線",60,"四岔路","加速車道","柏油","乾燥","不良","無號誌","中央分向島","未繪設快慢車道分隔線","有",34,"未使用",120.906541,24.734044,"苗栗縣","竹南鎮"
"側撞","2019",2,26,11,"晴","日間自然光線",60,"四岔路","加速車道","柏油","乾燥","不良","無號誌","中央分向島","未繪設快慢車道分隔線","有",49,"未使用",120.906541,24.734044,"苗栗縣","竹南鎮"
"其他","2019",2,26,17,"晴","日間自然光線",50,"四岔路","交叉路口內","柏油","乾燥","良好","正常","雙向禁止超車線","未繪設快慢車道分隔線","有",72,"未使用",120.50143,22.624963,"屏東縣","屏東市"
"其他","2019",2,26,17,"晴","日間自然光線",50,"四岔路","交叉路口內","柏油","乾燥","良好","正常","雙向禁止超車線","未繪設快慢車道分隔線","有",30,"未使用",120.50143,22.624963,"屏東縣","屏東市"
"其他","2019",2,26,17,"晴","日間自然光線",50,"四岔路","交叉路口內","柏油","乾燥","良好","正常","雙向禁止超車線","未繪設快慢車道分隔線","有",15,"未使用",120.50143,22.624963,"屏東縣","屏東市"
"穿越道路中","2019",2,26,19,"陰","夜間(或隧道、地下道、涵洞)有照明",50,"四岔路","交叉口附近","柏油","乾燥","良好","正常","中央分向島","未繪設快慢車道分隔線","無",51,"未使用",121.516876,25.111995,"臺北市","北投區"
"穿越道路中","2019",2,26,19,"陰","夜間(或隧道、地下道、涵洞)有照明",50,"四岔路","交叉口附近","柏油","乾燥","良好","正常","中央分向島","未繪設快慢車道分隔線","無",73,"非汽(機)車駕駛人",121.516876,25.111995,"臺北市","北投區"
"其他","2019",2,26,20,"陰","夜間(或隧道、地下道、涵洞)有照明",50,"四岔路","交叉口附近","柏油","乾燥","良好","無號誌","行車分向線","未繪設快慢車道分隔線","無",22,"不明",121.523193,25.05077,"臺北市","中山區"
"其他","2019",2,26,20,"陰","夜間(或隧道、地下道、涵洞)有照明",50,"四岔路","交叉口附近","柏油","乾燥","良好","無號誌","行車分向線","未繪設快慢車道分隔線","無",75,"非汽(機)車駕駛人",121.523193,25.05077,"臺北市","中山區"
"側撞","2019",2,26,20,"晴","夜間(或隧道、地下道、涵洞)有照明",50,"直路","一般車道(未劃分快慢車道)","柏油","乾燥","良好","正常","中央分向島","未繪設快慢車道分隔線","有",26,"未使用",121.032699,24.816833,"新竹縣","竹北市"
"側撞","2019",2,26,20,"晴","夜間(或隧道、地下道、涵洞)有照明",50,"直路","一般車道(未劃分快慢車道)","柏油","乾燥","良好","正常","中央分向島","未繪設快慢車道分隔線","有",52,"未使用",121.032699,24.816833,"新竹縣","竹北市"
"追撞","2019",2,26,22,"晴","夜間(或隧道、地下道、涵洞)有照明",50,"直路","慢車道","柏油","乾燥","良好","無號誌","中央分向島","快慢車道分隔線","有",20,"未使用",121.296705,24.927317,"桃園市","八德區"
"追撞","2019",2,26,22,"晴","夜間(或隧道、地下道、涵洞)有照明",50,"直路","慢車道","柏油","乾燥","良好","無號誌","中央分向島","快慢車道分隔線","有",18,"未使用",121.296705,24.927317,"桃園市","八德區"
"追撞","2019",2,26,22,"晴","夜間(或隧道、地下道、涵洞)有照明",50,"直路","慢車道","柏油","乾燥","良好","無號誌","中央分向島","快慢車道分隔線","有",68,"未使用",121.296705,24.927317,"桃園市","八德區"
"其他","2019",2,26,22,"晴","夜間(或隧道、地下道、涵洞)有照明",50,"直路","一般車道(未劃分快慢車道)","柏油","乾燥","良好","無號誌","雙向禁止超車線","未繪設快慢車道分隔線","有",50,"不明",121.50474,24.991492,"新北市","中和區"
"其他","2019",2,26,22,"晴","夜間(或隧道、地下道、涵洞)有照明",50,"直路","一般車道(未劃分快慢車道)","柏油","乾燥","良好","無號誌","雙向禁止超車線","未繪設快慢車道分隔線","有",57,"非汽(機)車駕駛人",121.50474,24.991492,"新北市","中和區"
"追撞","2019",2,26,22,"晴","夜間(或隧道、地下道、涵洞)有照明",50,"直路","一般車道(未劃分快慢車道)","柏油","乾燥","良好","無號誌","行車分向線","未繪設快慢車道分隔線","有",63,"不明",120.200296,23.704988,"雲林縣","臺西鄉"
"追撞","2019",2,26,22,"晴","夜間(或隧道、地下道、涵洞)有照明",50,"直路","一般車道(未劃分快慢車道)","柏油","乾燥","良好","無號誌","行車分向線","未繪設快慢車道分隔線","有",54,"未使用",120.200296,23.704988,"雲林縣","臺西鄉"
"對撞","2019",2,27,8,"晴","日間自然光線",50,"四岔路","交叉路口內","柏油","乾燥","良好","無號誌","無","未繪設快慢車道分隔線","無",22,"未使用",120.795886,24.215348,"臺中市","新社區"
"對撞","2019",2,27,8,"晴","日間自然光線",50,"四岔路","交叉路口內","柏油","乾燥","良好","無號誌","無","未繪設快慢車道分隔線","無",40,"未使用",120.795886,24.215348,"臺中市","新社區"
"同向擦撞","2019",2,27,14,"晴","日間自然光線",50,"四岔路","交叉路口內","柏油","乾燥","良好","正常","無","未繪設快慢車道分隔線","無",41,"未使用",120.358713,22.584958,"高雄市","鳳山區"
"同向擦撞","2019",2,27,14,"晴","日間自然光線",50,"四岔路","交叉路口內","柏油","乾燥","良好","正常","無","未繪設快慢車道分隔線","無",69,"未使用",120.358713,22.584958,"高雄市","鳳山區"
"撞護欄(樁)","2019",2,27,17,"陰","日間自然光線",50,"直路","一般車道(未劃分快慢車道)","柏油","乾燥","良好","無號誌","雙向禁止超車線","未繪設快慢車道分隔線","有",25,"不明",121.930245,24.997886,"新北市","貢寮區"
"撞護欄(樁)","2019",2,27,17,"陰","日間自然光線",50,"直路","一般車道(未劃分快慢車道)","柏油","乾燥","良好","無號誌","雙向禁止超車線","未繪設快慢車道分隔線","有",15,"不明",121.930245,24.997886,"新北市","貢寮區"
"撞護欄(樁)","2019",2,27,17,"陰","日間自然光線",50,"直路","一般車道(未劃分快慢車道)","柏油","乾燥","良好","無號誌","雙向禁止超車線","未繪設快慢車道分隔線","有",21,"不明",121.930245,24.997886,"新北市","貢寮區"
"撞護欄(樁)","2019",2,27,17,"陰","日間自然光線",50,"直路","一般車道(未劃分快慢車道)","柏油","乾燥","良好","無號誌","雙向禁止超車線","未繪設快慢車道分隔線","有",22,"不明",121.930245,24.997886,"新北市","貢寮區"
"側撞","2019",2,27,18,"晴","夜間(或隧道、地下道、涵洞)有照明",50,"三岔路","交叉口附近","柏油","乾燥","良好","正常","雙向禁止超車線","未繪設快慢車道分隔線","無",16,"未使用",121.506247,24.957972,"新北市","新店區"
"側撞","2019",2,27,18,"晴","夜間(或隧道、地下道、涵洞)有照明",50,"三岔路","交叉口附近","柏油","乾燥","良好","正常","雙向禁止超車線","未繪設快慢車道分隔線","無",24,"未使用",121.506247,24.957972,"新北市","新店區"
"其他","2019",2,27,18,"陰","夜間(或隧道、地下道、涵洞)有照明",50,"彎曲路及附近","一般車道(未劃分快慢車道)","柏油","乾燥","良好","無號誌","行車分向線","未繪設快慢車道分隔線","有",39,"不明",121.413162,24.970847,"新北市","樹林區"
"其他","2019",2,27,18,"陰","夜間(或隧道、地下道、涵洞)有照明",50,"彎曲路及附近","一般車道(未劃分快慢車道)","柏油","乾燥","良好","無號誌","行車分向線","未繪設快慢車道分隔線","有",56,"不明",121.413162,24.970847,"新北市","樹林區"
"撞橋樑、建築物","2019",2,27,20,"晴","夜間(或隧道、地下道、涵洞)有照明",50,"直路","一般車道(未劃分快慢車道)","柏油","乾燥","良好","無號誌","行車分向線","未繪設快慢車道分隔線","有",108,"",120.639559,22.921502,"高雄市","六龜區"
"撞橋樑、建築物","2019",2,27,20,"晴","夜間(或隧道、地下道、涵洞)有照明",50,"直路","一般車道(未劃分快慢車道)","柏油","乾燥","良好","無號誌","行車分向線","未繪設快慢車道分隔線","有",39,"未使用",120.639559,22.921502,"高雄市","六龜區"
"穿越道路中","2019",2,28,5,"晴","夜間(或隧道、地下道、涵洞)有照明",50,"四岔路","交叉路口內","柏油","乾燥","良好","正常","雙向禁止超車線","未繪設快慢車道分隔線","有",77,"非汽(機)車駕駛人",120.391017,22.612284,"高雄市","大寮區"
"穿越道路中","2019",2,28,5,"晴","夜間(或隧道、地下道、涵洞)有照明",50,"四岔路","交叉路口內","柏油","乾燥","良好","正常","雙向禁止超車線","未繪設快慢車道分隔線","有",65,"未使用",120.391017,22.612284,"高雄市","大寮區"
"穿越道路中","2019",2,28,5,"晴","夜間(或隧道、地下道、涵洞)有照明",50,"四岔路","交叉路口內","柏油","乾燥","良好","正常","無","未繪設快慢車道分隔線","無",49,"未使用",120.320656,22.606913,"高雄市","前鎮區"
"穿越道路中","2019",2,28,5,"晴","夜間(或隧道、地下道、涵洞)有照明",50,"四岔路","交叉路口內","柏油","乾燥","良好","正常","無","未繪設快慢車道分隔線","無",75,"非汽(機)車駕駛人",120.320656,22.606913,"高雄市","前鎮區"
"側撞","2019",2,28,13,"雨","日間自然光線",50,"三岔路","交叉路口內","柏油","濕潤","良好","無號誌","無","未繪設快慢車道分隔線","無",42,"未使用",121.229465,24.899587,"桃園市","平鎮區"
"側撞","2019",2,28,13,"雨","日間自然光線",50,"三岔路","交叉路口內","柏油","濕潤","良好","無號誌","無","未繪設快慢車道分隔線","無",42,"未使用",121.229465,24.899587,"桃園市","平鎮區"
"倒車撞","2019",3,1,15,"陰","日間自然光線",30,"彎曲路及附近","一般車道(未劃分快慢車道)","柏油","乾燥","良好","無號誌","無","未繪設快慢車道分隔線","有",32,"未使用",121.576342,24.970335,"臺北市","文山區"
"倒車撞","2019",3,1,15,"陰","日間自然光線",30,"彎曲路及附近","一般車道(未劃分快慢車道)","柏油","乾燥","良好","無號誌","無","未繪設快慢車道分隔線","有",34,"非汽(機)車駕駛人",121.576342,24.970335,"臺北市","文山區"
"倒車撞","2019",3,1,15,"陰","日間自然光線",30,"彎曲路及附近","一般車道(未劃分快慢車道)","柏油","乾燥","良好","無號誌","無","未繪設快慢車道分隔線","有",64,"未使用",121.576342,24.970335,"臺北市","文山區"
"撞橋樑、建築物","2019",3,2,11,"晴","日間自然光線",50,"三岔路","交叉路口內","柏油","乾燥","良好","正常","無","未繪設快慢車道分隔線","無",65,"不明",120.414351,23.682607,"雲林縣","虎尾鎮"
"撞橋樑、建築物","2019",3,2,11,"晴","日間自然光線",50,"三岔路","交叉路口內","柏油","乾燥","良好","正常","無","未繪設快慢車道分隔線","無",92,"非汽(機)車駕駛人",120.414351,23.682607,"雲林縣","虎尾鎮"
"撞橋樑、建築物","2019",3,2,11,"晴","日間自然光線",50,"三岔路","交叉路口內","柏油","乾燥","良好","正常","無","未繪設快慢車道分隔線","無",65,"非汽(機)車駕駛人",120.414351,23.682607,"雲林縣","虎尾鎮"
"撞橋樑、建築物","2019",3,2,11,"晴","日間自然光線",50,"三岔路","交叉路口內","柏油","乾燥","良好","正常","無","未繪設快慢車道分隔線","無",41,"非汽(機)車駕駛人",120.414351,23.682607,"雲林縣","虎尾鎮"
"穿越道路中","2019",3,2,18,"晴","夜間(或隧道、地下道、涵洞)有照明",50,"三岔路","交叉路口內","柏油","乾燥","良好","無號誌","雙向禁止超車線","快慢車道分隔線","有",37,"未使用",120.551175,22.46959,"屏東縣","新埤鄉"
"穿越道路中","2019",3,2,18,"晴","夜間(或隧道、地下道、涵洞)有照明",50,"三岔路","交叉路口內","柏油","乾燥","良好","無號誌","雙向禁止超車線","快慢車道分隔線","有",59,"非汽(機)車駕駛人",120.551175,22.46959,"屏東縣","新埤鄉"
"其他","2019",3,2,20,"晴","晨或暮光",50,"直路","一般車道(未劃分快慢車道)","柏油","乾燥","良好","無號誌","行車分向線","未繪設快慢車道分隔線","有",56,"非汽(機)車駕駛人",120.489949,22.731355,"屏東縣","九如鄉"
"其他","2019",3,2,20,"晴","晨或暮光",50,"直路","一般車道(未劃分快慢車道)","柏油","乾燥","良好","無號誌","行車分向線","未繪設快慢車道分隔線","有",5,"非汽(機)車駕駛人",120.489949,22.731355,"屏東縣","九如鄉"
"其他","2019",3,2,20,"晴","晨或暮光",50,"直路","一般車道(未劃分快慢車道)","柏油","乾燥","良好","無號誌","行車分向線","未繪設快慢車道分隔線","有",53,"不明",120.489949,22.731355,"屏東縣","九如鄉"
"其他","2019",3,2,20,"晴","晨或暮光",50,"直路","一般車道(未劃分快慢車道)","柏油","乾燥","良好","無號誌","行車分向線","未繪設快慢車道分隔線","有",57,"未使用",120.489949,22.731355,"屏東縣","九如鄉"
"撞護欄(樁)","2019",3,2,22,"晴","夜間(或隧道、地下道、涵洞)有照明",50,"彎曲路及附近","一般車道(未劃分快慢車道)","柏油","乾燥","良好","無號誌","雙向禁止超車線","未繪設快慢車道分隔線","有",30,"不明",121.717685,24.639353,"宜蘭縣","冬山鄉"
"其他","2019",3,3,1,"晴","夜間(或隧道、地下道、涵洞)有照明",50,"三岔路","快車道","柏油","乾燥","良好","無號誌","中央分向島","未繪設快慢車道分隔線","有",17,"不明",120.464045,23.694159,"雲林縣","斗南鎮"
"其他","2019",3,3,1,"晴","夜間(或隧道、地下道、涵洞)有照明",50,"三岔路","快車道","柏油","乾燥","良好","無號誌","中央分向島","未繪設快慢車道分隔線","有",19,"不明",120.464045,23.694159,"雲林縣","斗南鎮"
"其他","2019",3,3,1,"晴","夜間(或隧道、地下道、涵洞)有照明",50,"三岔路","快車道","柏油","乾燥","良好","無號誌","中央分向島","未繪設快慢車道分隔線","有",15,"非汽(機)車駕駛人",120.464045,23.694159,"雲林縣","斗南鎮"
"側撞","2019",3,3,2,"陰","夜間(或隧道、地下道、涵洞)有照明",60,"四岔路","交叉路口內","柏油","乾燥","良好","正常","無","未繪設快慢車道分隔線","無",56,"未使用",121.759208,24.739932,"宜蘭縣","宜蘭市"
"側撞","2019",3,3,2,"陰","夜間(或隧道、地下道、涵洞)有照明",60,"四岔路","交叉路口內","柏油","乾燥","良好","正常","無","未繪設快慢車道分隔線","無",19,"未使用",121.759208,24.739932,"宜蘭縣","宜蘭市"
"側撞","2019",3,3,2,"陰","夜間(或隧道、地下道、涵洞)有照明",60,"四岔路","交叉路口內","柏油","乾燥","良好","正常","無","未繪設快慢車道分隔線","無",29,"未使用",121.759208,24.739932,"宜蘭縣","宜蘭市"
"側撞","2019",3,3,2,"陰","夜間(或隧道、地下道、涵洞)有照明",60,"四岔路","交叉路口內","柏油","乾燥","良好","正常","無","未繪設快慢車道分隔線","無",24,"非汽(機)車駕駛人",121.759208,24.739932,"宜蘭縣","宜蘭市"
"側撞","2019",3,3,8,"晴","日間自然光線",50,"三岔路","交叉路口內","柏油","乾燥","良好","無號誌","雙向禁止超車線","未繪設快慢車道分隔線","有",58,"未使用",120.336878,22.82775,"高雄市","岡山區"
"側撞","2019",3,3,8,"晴","日間自然光線",50,"三岔路","交叉路口內","柏油","乾燥","良好","無號誌","雙向禁止超車線","未繪設快慢車道分隔線","有",73,"未使用",120.336878,22.82775,"高雄市","岡山區"
"撞路樹、電桿","2019",3,3,14,"陰","日間自然光線",40,"直路","一般車道(未劃分快慢車道)","柏油","乾燥","良好","無號誌","無","未繪設快慢車道分隔線","無",61,"不明",120.383084,23.502294,"嘉義縣","太保市"
"撞路樹、電桿","2019",3,3,15,"晴","日間自然光線",60,"彎曲路及附近","路肩、路緣","柏油","乾燥","良好","無號誌","雙向禁止超車線","快慢車道分隔線","有",52,"不明",120.382274,23.065046,"臺南市","左鎮區"
"撞路樹、電桿","2019",3,3,15,"晴","日間自然光線",60,"彎曲路及附近","路肩、路緣","柏油","乾燥","良好","無號誌","雙向禁止超車線","快慢車道分隔線","有",56,"未使用",120.382274,23.065046,"臺南市","左鎮區"
"其他","2019",3,4,4,"陰","夜間(或隧道、地下道、涵洞)無照明",40,"直路","一般車道(未劃分快慢車道)","柏油","濕潤","良好","無號誌","無","未繪設快慢車道分隔線","有",52,"非汽(機)車駕駛人",121.088251,24.893668,"新竹縣","湖口鄉"
"其他","2019",3,4,4,"陰","夜間(或隧道、地下道、涵洞)無照明",40,"直路","一般車道(未劃分快慢車道)","柏油","濕潤","良好","無號誌","無","未繪設快慢車道分隔線","有",62,"未使用",121.088251,24.893668,"新竹縣","湖口鄉"
"路口交岔撞","2019",3,4,6,"晴","日間自然光線",40,"四岔路","交叉路口內","柏油","乾燥","良好","正常","無","未繪設快慢車道分隔線","有",80,"未使用",120.344475,22.647754,"高雄市","鳥松區"
"路口交岔撞","2019",3,4,6,"晴","日間自然光線",40,"四岔路","交叉路口內","柏油","乾燥","良好","正常","無","未繪設快慢車道分隔線","有",20,"未使用",120.344475,22.647754,"高雄市","鳥松區"
"撞路樹、電桿","2019",3,4,16,"晴","日間自然光線",50,"直路","一般車道(未劃分快慢車道)","柏油","乾燥","良好","無號誌","雙向禁止超車線","未繪設快慢車道分隔線","有",51,"不明",120.644972,23.767534,"雲林縣","林內鄉"
"同向擦撞","2019",3,4,16,"晴","日間自然光線",70,"三岔路","交叉路口內","柏油","乾燥","良好","正常","無","未繪設快慢車道分隔線","無",60,"未使用",120.543083,24.163028,"臺中市","大肚區"
"同向擦撞","2019",3,4,16,"晴","日間自然光線",70,"三岔路","交叉路口內","柏油","乾燥","良好","正常","無","未繪設快慢車道分隔線","無",55,"未使用",120.543083,24.163028,"臺中市","大肚區"
"側撞","2019",3,5,13,"晴","日間自然光線",70,"四岔路","交叉路口內","柏油","乾燥","良好","正常","無","未繪設快慢車道分隔線","無",38,"未使用",120.371535,22.53208,"高雄市","小港區"
"側撞","2019",3,5,13,"晴","日間自然光線",70,"四岔路","交叉路口內","柏油","乾燥","良好","正常","無","未繪設快慢車道分隔線","無",43,"使用手持或有礙駕駛安全",120.371535,22.53208,"高雄市","小港區"
"其他","2019",3,5,13,"晴","日間自然光線",40,"直路","路肩、路緣","柏油","乾燥","良好","無號誌","行車分向線","未繪設快慢車道分隔線","有",72,"不明",120.584174,22.468408,"屏東縣","新埤鄉"
"其他","2019",3,5,13,"晴","日間自然光線",40,"直路","路肩、路緣","柏油","乾燥","良好","無號誌","行車分向線","未繪設快慢車道分隔線","有",45,"未使用",120.584174,22.468408,"屏東縣","新埤鄉"
"側撞","2019",3,5,15,"晴","日間自然光線",50,"四岔路","交叉口附近","柏油","乾燥","良好","正常","雙向禁止超車線","快慢車道分隔線","有",77,"未使用",121.142926,22.746667,"臺東縣","臺東市"
"側撞","2019",3,5,15,"晴","日間自然光線",50,"四岔路","交叉口附近","柏油","乾燥","良好","正常","雙向禁止超車線","快慢車道分隔線","有",67,"未使用",121.142926,22.746667,"臺東縣","臺東市"
"同向擦撞","2019",3,5,18,"雨","夜間(或隧道、地下道、涵洞)有照明",50,"直路","一般車道(未劃分快慢車道)","柏油","濕潤","良好","無號誌","行車分向線","未繪設快慢車道分隔線","有",19,"未使用",121.195171,24.839251,"桃園市","龍潭區"
"同向擦撞","2019",3,5,18,"雨","夜間(或隧道、地下道、涵洞)有照明",50,"直路","一般車道(未劃分快慢車道)","柏油","濕潤","良好","無號誌","行車分向線","未繪設快慢車道分隔線","有",24,"未使用",121.195171,24.839251,"桃園市","龍潭區"
"衝出路外","2019",3,5,20,"陰","夜間(或隧道、地下道、涵洞)無照明",60,"直路","路肩、路緣","柏油","乾燥","良好","無號誌","行車分向線","快慢車道分隔線","有",74,"不明",120.588605,23.444627,"嘉義縣","番路鄉"
"對撞","2019",3,6,5,"晴","晨或暮光",50,"直路","快車道","柏油","乾燥","良好","無號誌","雙向禁止超車線","快慢車道分隔線","有",65,"未使用",120.328961,22.956145,"臺南市","關廟區"
"對撞","2019",3,6,5,"晴","晨或暮光",50,"直路","快車道","柏油","乾燥","良好","無號誌","雙向禁止超車線","快慢車道分隔線","有",20,"未使用",120.328961,22.956145,"臺南市","關廟區"
"對撞","2019",3,6,5,"晴","晨或暮光",50,"直路","快車道","柏油","乾燥","良好","無號誌","雙向禁止超車線","快慢車道分隔線","有",18,"未使用",120.328961,22.956145,"臺南市","關廟區"
"側撞","2019",3,6,9,"晴","日間自然光線",50,"三岔路","交叉路口內","柏油","乾燥","良好","正常","無","未繪設快慢車道分隔線","無",34,"未使用",120.220721,23.002982,"臺南市","北區"
"側撞","2019",3,6,9,"晴","日間自然光線",50,"三岔路","交叉路口內","柏油","乾燥","良好","正常","無","未繪設快慢車道分隔線","無",23,"未使用",120.220721,23.002982,"臺南市","北區"
"側撞","2019",3,6,10,"晴","日間自然光線",40,"四岔路","交叉路口內","柏油","乾燥","良好","正常","無","未繪設快慢車道分隔線","無",80,"非汽(機)車駕駛人",120.289327,22.635676,"高雄市","三民區"
"側撞","2019",3,6,10,"晴","日間自然光線",40,"四岔路","交叉路口內","柏油","乾燥","良好","正常","無","未繪設快慢車道分隔線","無",38,"未使用",120.289327,22.635676,"高雄市","三民區"
"追撞","2019",3,6,12,"雨","日間自然光線",60,"三岔路","交叉路口內","柏油","濕潤","良好","無號誌","無","未繪設快慢車道分隔線","無",35,"未使用",121.093516,24.974466,"桃園市","新屋區"
"追撞","2019",3,6,12,"雨","日間自然光線",60,"三岔路","交叉路口內","柏油","濕潤","良好","無號誌","無","未繪設快慢車道分隔線","無",33,"不明",121.093516,24.974466,"桃園市","新屋區"
"追撞","2019",3,6,12,"雨","日間自然光線",60,"三岔路","交叉路口內","柏油","濕潤","良好","無號誌","無","未繪設快慢車道分隔線","無",48,"未使用",121.093516,24.974466,"桃園市","新屋區"
"撞路樹、電桿","2019",3,6,12,"晴","日間自然光線",50,"彎曲路及附近","一般車道(未劃分快慢車道)","柏油","乾燥","良好","無號誌","行車分向線","未繪設快慢車道分隔線","有",17,"未使用",120.52253,22.504296,"屏東縣","崁頂鄉"
"穿越道路中","2019",3,6,19,"晴","夜間(或隧道、地下道、涵洞)有照明",50,"直路","一般車道(未劃分快慢車道)","柏油","乾燥","良好","無號誌","雙向禁止超車線","未繪設快慢車道分隔線","有",57,"未使用",121.048247,22.707315,"臺東縣","臺東市"
"穿越道路中","2019",3,6,19,"晴","夜間(或隧道、地下道、涵洞)有照明",50,"直路","一般車道(未劃分快慢車道)","柏油","乾燥","良好","無號誌","雙向禁止超車線","未繪設快慢車道分隔線","有",81,"未使用",121.048247,22.707315,"臺東縣","臺東市"
"其他","2019",3,6,21,"雨","夜間(或隧道、地下道、涵洞)有照明",70,"多岔路","交叉路口內","柏油","濕潤","良好","正常","無","未繪設快慢車道分隔線","無",63,"未使用",120.4248,22.65236,"高雄市","大樹區"
"其他","2019",3,6,21,"雨","夜間(或隧道、地下道、涵洞)有照明",70,"多岔路","交叉路口內","柏油","濕潤","良好","正常","無","未繪設快慢車道分隔線","無",84,"非汽(機)車駕駛人",120.4248,22.65236,"高雄市","大樹區"
"撞護欄(樁)","2019",3,7,3,"雨","夜間(或隧道、地下道、涵洞)有照明",110,"直路","快車道","柏油","濕潤","良好","無號誌","中央分向島","未繪設快慢車道分隔線","有",64,"不明",120.706342,24.499707,"苗栗縣","通霄鎮"
"倒車撞","2019",3,7,10,"雨","日間自然光線",50,"直路","一般車道(未劃分快慢車道)","柏油","濕潤","良好","無號誌","行車分向線","未繪設快慢車道分隔線","有",35,"未使用",121.243592,24.941058,"桃園市","中壢區"
"倒車撞","2019",3,7,10,"雨","日間自然光線",50,"直路","一般車道(未劃分快慢車道)","柏油","濕潤","良好","無號誌","行車分向線","未繪設快慢車道分隔線","有",25,"未使用",121.243592,24.941058,"桃園市","中壢區"
"倒車撞","2019",3,7,10,"雨","日間自然光線",50,"直路","一般車道(未劃分快慢車道)","柏油","濕潤","良好","無號誌","行車分向線","未繪設快慢車道分隔線","有",35,"未使用",121.243592,24.941058,"桃園市","中壢區"
"對撞","2019",3,7,18,"雨","夜間(或隧道、地下道、涵洞)有照明",50,"直路","一般車道(未劃分快慢車道)","柏油","濕潤","良好","無號誌","雙向禁止超車線","未繪設快慢車道分隔線","有",23,"不明",121.432627,25.061234,"新北市","泰山區"