"事故類型及型態子類別名稱","發生年度","發生月份","發生日期","發生時間","天候名稱","光線名稱","速限.第1當事者","道路型態子類別名稱","事故位置子類別名稱","路面狀況.路面鋪裝名稱","路面狀況.路面狀態名稱","道路障礙.視距品質名稱","號誌.號誌動作名稱","車道劃分設施.分向設施大類別名稱","車道劃分設施.分道設施.快慢車道間名稱","車道劃分設施.分道設施.路面邊線名稱","當事者事故發生時年齡","行動電話或電腦或其他相類功能裝置名稱","經度","緯度","縣市","鄉鎮"
"對撞","2019",3,7,18,"雨","夜間(或隧道、地下道、涵洞)有照明",50,"直路","一般車道(未劃分快慢車道)","柏油","濕潤","良好","無號誌","雙向禁止超車線","未繪設快慢車道分隔線","有",24,"未使用",121.432627,25.061234,"新北市","泰山區"
"側撞","2019",3,7,18,"雨","夜間(或隧道、地下道、涵洞)有照明",50,"直路","慢車道","柏油","濕潤","良好","無號誌","中央分向島","快慢車道分隔線","無",56,"不明",120.958259,24.759177,"新竹市","香山區"
"側撞","2019",3,7,18,"雨","夜間(或隧道、地下道、涵洞)有照明",50,"直路","慢車道","柏油","濕潤","良好","無號誌","中央分向島","快慢車道分隔線","無",49,"不明",120.958259,24.759177,"新竹市","香山區"
"對撞","2019",3,8,5,"雨","夜間(或隧道、地下道、涵洞)有照明",50,"直路","一般車道(未劃分快慢車道)","柏油","濕潤","良好","無號誌","雙向禁止超車線","未繪設快慢車道分隔線","有",23,"不明",121.816121,24.850102,"宜蘭縣","頭城鎮"
"對撞","2019",3,8,5,"雨","夜間(或隧道、地下道、涵洞)有照明",50,"直路","一般車道(未劃分快慢車道)","柏油","濕潤","良好","無號誌","雙向禁止超車線","未繪設快慢車道分隔線","有",21,"不明",121.816121,24.850102,"宜蘭縣","頭城鎮"
"對撞","2019",3,8,5,"雨","夜間(或隧道、地下道、涵洞)有照明",50,"直路","一般車道(未劃分快慢車道)","柏油","濕潤","良好","無號誌","雙向禁止超車線","未繪設快慢車道分隔線","有",57,"未使用",121.816121,24.850102,"宜蘭縣","頭城鎮"
"側撞","2019",3,8,7,"雨","日間自然光線",40,"四岔路","交叉路口內","柏油","濕潤","良好","無號誌","無","未繪設快慢車道分隔線","有",72,"未使用",120.471063,24.000326,"彰化縣","埔鹽鄉"
"側撞","2019",3,8,7,"雨","日間自然光線",40,"四岔路","交叉路口內","柏油","濕潤","良好","無號誌","無","未繪設快慢車道分隔線","有",52,"未使用",120.471063,24.000326,"彰化縣","埔鹽鄉"
"路口交岔撞","2019",3,8,10,"雨","日間自然光線",40,"四岔路","交叉路口內","柏油","濕潤","良好","無號誌","無","未繪設快慢車道分隔線","有",81,"未使用",121.780696,24.69715,"宜蘭縣","五結鄉"
"路口交岔撞","2019",3,8,10,"雨","日間自然光線",40,"四岔路","交叉路口內","柏油","濕潤","良好","無號誌","無","未繪設快慢車道分隔線","有",41,"未使用",121.780696,24.69715,"宜蘭縣","五結鄉"
"側撞","2019",3,8,17,"晴","日間自然光線",50,"三岔路","交叉路口內","柏油","乾燥","良好","正常","無","未繪設快慢車道分隔線","無",54,"不明",120.545116,22.585409,"屏東縣","竹田鄉"
"側撞","2019",3,8,17,"晴","日間自然光線",50,"三岔路","交叉路口內","柏油","乾燥","良好","正常","無","未繪設快慢車道分隔線","無",60,"未使用",120.545116,22.585409,"屏東縣","竹田鄉"
"路口交岔撞","2019",3,8,22,"晴","夜間(或隧道、地下道、涵洞)有照明",50,"四岔路","交叉路口內","柏油","乾燥","良好","正常","無","未繪設快慢車道分隔線","無",30,"未使用",120.427364,23.46984,"嘉義市","西區"
"路口交岔撞","2019",3,8,22,"晴","夜間(或隧道、地下道、涵洞)有照明",50,"四岔路","交叉路口內","柏油","乾燥","良好","正常","無","未繪設快慢車道分隔線","無",53,"未使用",120.427364,23.46984,"嘉義市","西區"
"同向擦撞","2019",3,9,16,"雨","日間自然光線",110,"直路","快車道","柏油","濕潤","良好","無號誌","中央分向島","未繪設快慢車道分隔線","有",79,"不明",120.528462,24.126723,"彰化縣","和美鎮"
"同向擦撞","2019",3,9,16,"雨","日間自然光線",110,"直路","快車道","柏油","濕潤","良好","無號誌","中央分向島","未繪設快慢車道分隔線","有",82,"非汽(機)車駕駛人",120.528462,24.126723,"彰化縣","和美鎮"
"同向擦撞","2019",3,9,16,"雨","日間自然光線",110,"直路","快車道","柏油","濕潤","良好","無號誌","中央分向島","未繪設快慢車道分隔線","有",32,"非汽(機)車駕駛人",120.528462,24.126723,"彰化縣","和美鎮"
"同向擦撞","2019",3,9,16,"雨","日間自然光線",110,"直路","快車道","柏油","濕潤","良好","無號誌","中央分向島","未繪設快慢車道分隔線","有",68,"非汽(機)車駕駛人",120.528462,24.126723,"彰化縣","和美鎮"
"同向擦撞","2019",3,9,16,"雨","日間自然光線",110,"直路","快車道","柏油","濕潤","良好","無號誌","中央分向島","未繪設快慢車道分隔線","有",63,"非汽(機)車駕駛人",120.528462,24.126723,"彰化縣","和美鎮"
"同向擦撞","2019",3,9,16,"雨","日間自然光線",110,"直路","快車道","柏油","濕潤","良好","無號誌","中央分向島","未繪設快慢車道分隔線","有",63,"非汽(機)車駕駛人",120.528462,24.126723,"彰化縣","和美鎮"
"同向擦撞","2019",3,9,16,"雨","日間自然光線",110,"直路","快車道","柏油","濕潤","良好","無號誌","中央分向島","未繪設快慢車道分隔線","有",45,"非汽(機)車駕駛人",120.528462,24.126723,"彰化縣","和美鎮"
"同向擦撞","2019",3,9,16,"雨","日間自然光線",110,"直路","快車道","柏油","濕潤","良好","無號誌","中央分向島","未繪設快慢車道分隔線","有",55,"非汽(機)車駕駛人",120.528462,24.126723,"彰化縣","和美鎮"
"同向擦撞","2019",3,9,16,"雨","日間自然光線",110,"直路","快車道","柏油","濕潤","良好","無號誌","中央分向島","未繪設快慢車道分隔線","有",61,"未使用",120.528462,24.126723,"彰化縣","和美鎮"
"同向擦撞","2019",3,9,16,"雨","日間自然光線",110,"直路","快車道","柏油","濕潤","良好","無號誌","中央分向島","未繪設快慢車道分隔線","有",52,"非汽(機)車駕駛人",120.528462,24.126723,"彰化縣","和美鎮"
"同向擦撞","2019",3,9,16,"雨","日間自然光線",110,"直路","快車道","柏油","濕潤","良好","無號誌","中央分向島","未繪設快慢車道分隔線","有",57,"非汽(機)車駕駛人",120.528462,24.126723,"彰化縣","和美鎮"
"同向擦撞","2019",3,9,16,"雨","日間自然光線",110,"直路","快車道","柏油","濕潤","良好","無號誌","中央分向島","未繪設快慢車道分隔線","有",46,"非汽(機)車駕駛人",120.528462,24.126723,"彰化縣","和美鎮"
"同向擦撞","2019",3,9,16,"雨","日間自然光線",110,"直路","快車道","柏油","濕潤","良好","無號誌","中央分向島","未繪設快慢車道分隔線","有",51,"非汽(機)車駕駛人",120.528462,24.126723,"彰化縣","和美鎮"
"同向擦撞","2019",3,9,16,"雨","日間自然光線",110,"直路","快車道","柏油","濕潤","良好","無號誌","中央分向島","未繪設快慢車道分隔線","有",59,"非汽(機)車駕駛人",120.528462,24.126723,"彰化縣","和美鎮"
"同向擦撞","2019",3,9,16,"雨","日間自然光線",110,"直路","快車道","柏油","濕潤","良好","無號誌","中央分向島","未繪設快慢車道分隔線","有",62,"非汽(機)車駕駛人",120.528462,24.126723,"彰化縣","和美鎮"
"同向擦撞","2019",3,9,16,"雨","日間自然光線",110,"直路","快車道","柏油","濕潤","良好","無號誌","中央分向島","未繪設快慢車道分隔線","有",59,"非汽(機)車駕駛人",120.528462,24.126723,"彰化縣","和美鎮"
"同向擦撞","2019",3,9,16,"雨","日間自然光線",110,"直路","快車道","柏油","濕潤","良好","無號誌","中央分向島","未繪設快慢車道分隔線","有",51,"非汽(機)車駕駛人",120.528462,24.126723,"彰化縣","和美鎮"
"同向擦撞","2019",3,9,16,"雨","日間自然光線",110,"直路","快車道","柏油","濕潤","良好","無號誌","中央分向島","未繪設快慢車道分隔線","有",62,"非汽(機)車駕駛人",120.528462,24.126723,"彰化縣","和美鎮"
"同向擦撞","2019",3,9,16,"雨","日間自然光線",110,"直路","快車道","柏油","濕潤","良好","無號誌","中央分向島","未繪設快慢車道分隔線","有",21,"未使用",120.528462,24.126723,"彰化縣","和美鎮"
"同向擦撞","2019",3,9,16,"雨","日間自然光線",110,"直路","快車道","柏油","濕潤","良好","無號誌","中央分向島","未繪設快慢車道分隔線","有",60,"非汽(機)車駕駛人",120.528462,24.126723,"彰化縣","和美鎮"
"同向擦撞","2019",3,9,16,"雨","日間自然光線",110,"直路","快車道","柏油","濕潤","良好","無號誌","中央分向島","未繪設快慢車道分隔線","有",50,"非汽(機)車駕駛人",120.528462,24.126723,"彰化縣","和美鎮"
"同向擦撞","2019",3,9,16,"雨","日間自然光線",110,"直路","快車道","柏油","濕潤","良好","無號誌","中央分向島","未繪設快慢車道分隔線","有",9,"非汽(機)車駕駛人",120.528462,24.126723,"彰化縣","和美鎮"
"同向擦撞","2019",3,9,16,"雨","日間自然光線",110,"直路","快車道","柏油","濕潤","良好","無號誌","中央分向島","未繪設快慢車道分隔線","有",64,"非汽(機)車駕駛人",120.528462,24.126723,"彰化縣","和美鎮"
"同向擦撞","2019",3,9,16,"雨","日間自然光線",110,"直路","快車道","柏油","濕潤","良好","無號誌","中央分向島","未繪設快慢車道分隔線","有",69,"非汽(機)車駕駛人",120.528462,24.126723,"彰化縣","和美鎮"
"同向通行中","2019",3,9,18,"雨","夜間(或隧道、地下道、涵洞)無照明",50,"直路","一般車道(未劃分快慢車道)","柏油","濕潤","不良","無號誌","行車分向線","未繪設快慢車道分隔線","有",50,"未使用",120.628017,22.694514,"屏東縣","內埔鄉"
"同向通行中","2019",3,9,18,"雨","夜間(或隧道、地下道、涵洞)無照明",50,"直路","一般車道(未劃分快慢車道)","柏油","濕潤","不良","無號誌","行車分向線","未繪設快慢車道分隔線","有",74,"非汽(機)車駕駛人",120.628017,22.694514,"屏東縣","內埔鄉"
"穿越道路中","2019",3,10,5,"雨","晨或暮光",50,"直路","一般車道(未劃分快慢車道)","柏油","濕潤","良好","無號誌","雙向禁止超車線","未繪設快慢車道分隔線","有",54,"未使用",121.47442,25.071123,"新北市","三重區"
"穿越道路中","2019",3,10,5,"雨","晨或暮光",50,"直路","一般車道(未劃分快慢車道)","柏油","濕潤","良好","無號誌","雙向禁止超車線","未繪設快慢車道分隔線","有",63,"非汽(機)車駕駛人",121.47442,25.071123,"新北市","三重區"
"撞路樹、電桿","2019",3,10,10,"晴","日間自然光線",40,"彎曲路及附近","路肩、路緣","柏油","乾燥","良好","無號誌","雙向禁止超車線","快慢車道分隔線","無",108,"",120.346444,22.654692,"高雄市","鳥松區"
"撞路樹、電桿","2019",3,10,10,"晴","日間自然光線",40,"彎曲路及附近","路肩、路緣","柏油","乾燥","良好","無號誌","雙向禁止超車線","快慢車道分隔線","無",64,"未使用",120.346444,22.654692,"高雄市","鳥松區"
"撞路樹、電桿","2019",3,10,21,"雨","夜間(或隧道、地下道、涵洞)有照明",50,"直路","路肩、路緣","柏油","濕潤","良好","無號誌","雙向禁止超車線","未繪設快慢車道分隔線","有",19,"不明",120.271254,23.210114,"臺南市","下營區"
"側撞","2019",3,10,23,"陰","夜間(或隧道、地下道、涵洞)無照明",50,"直路","一般車道(未劃分快慢車道)","柏油","乾燥","良好","無號誌","雙向禁止超車線","未繪設快慢車道分隔線","有",18,"未使用",121.018624,24.78235,"新竹市","東區"
"側撞","2019",3,10,23,"陰","夜間(或隧道、地下道、涵洞)無照明",50,"直路","一般車道(未劃分快慢車道)","柏油","乾燥","良好","無號誌","雙向禁止超車線","未繪設快慢車道分隔線","有",65,"未使用",121.018624,24.78235,"新竹市","東區"
"路上翻車、摔倒","2019",3,11,7,"雨","日間自然光線",50,"直路","路肩、路緣","柏油","濕潤","良好","無號誌","雙向禁止超車線","未繪設快慢車道分隔線","有",36,"未使用",120.351325,23.67634,"雲林縣","土庫鎮"
"撞路樹、電桿","2019",3,11,8,"陰","日間自然光線",50,"直路","一般車道(未劃分快慢車道)","柏油","濕潤","良好","無號誌","行車分向線","未繪設快慢車道分隔線","有",51,"不明",120.302513,23.386484,"嘉義縣","鹿草鄉"
"撞護欄(樁)","2019",3,11,14,"晴","日間自然光線",50,"坡路","一般車道(未劃分快慢車道)","水泥","乾燥","良好","無號誌","無","未繪設快慢車道分隔線","無",56,"未使用",121.207868,24.182584,"南投縣","仁愛鄉"
"撞護欄(樁)","2019",3,11,14,"晴","日間自然光線",50,"坡路","一般車道(未劃分快慢車道)","水泥","乾燥","良好","無號誌","無","未繪設快慢車道分隔線","無",44,"非汽(機)車駕駛人",121.207868,24.182584,"南投縣","仁愛鄉"
"其他","2019",3,11,16,"晴","日間自然光線",50,"三岔路","交叉口附近","柏油","乾燥","不良","無號誌","雙向禁止超車線","未繪設快慢車道分隔線","有",51,"未使用",120.576342,22.661692,"屏東縣","內埔鄉"
"其他","2019",3,11,16,"晴","日間自然光線",50,"三岔路","交叉口附近","柏油","乾燥","不良","無號誌","雙向禁止超車線","未繪設快慢車道分隔線","有",18,"未使用",120.576342,22.661692,"屏東縣","內埔鄉"
"其他","2019",3,11,16,"晴","日間自然光線",50,"三岔路","交叉口附近","柏油","乾燥","不良","無號誌","雙向禁止超車線","未繪設快慢車道分隔線","有",18,"未使用",120.576342,22.661692,"屏東縣","內埔鄉"
"路上翻車、摔倒","2019",3,11,19,"雨","夜間(或隧道、地下道、涵洞)有照明",50,"四岔路","交叉路口內","柏油","濕潤","良好","正常","行車分向線","未繪設快慢車道分隔線","有",42,"不明",120.503473,22.478369,"屏東縣","南州鄉"
"路口交岔撞","2019",3,12,5,"晴","晨或暮光",50,"四岔路","交叉路口內","柏油","乾燥","良好","正常","中央分向島","快慢車道分隔線","有",54,"未使用",121.763548,24.677108,"宜蘭縣","羅東鎮"
"路口交岔撞","2019",3,12,5,"晴","晨或暮光",50,"四岔路","交叉路口內","柏油","乾燥","良好","正常","中央分向島","快慢車道分隔線","有",79,"未使用",121.763548,24.677108,"宜蘭縣","羅東鎮"
"撞路樹、電桿","2019",3,12,17,"陰","日間自然光線",50,"彎曲路及附近","路肩、路緣","柏油","乾燥","良好","無號誌","中央分向島","未繪設快慢車道分隔線","有",67,"未使用",121.281456,24.918836,"桃園市","大溪區"
"撞路樹、電桿","2019",3,12,17,"晴","日間自然光線",40,"直路","一般車道(未劃分快慢車道)","柏油","乾燥","良好","無號誌","無","未繪設快慢車道分隔線","有",17,"非汽(機)車駕駛人",120.206283,23.492002,"嘉義縣","東石鄉"
"撞路樹、電桿","2019",3,12,17,"晴","日間自然光線",40,"直路","一般車道(未劃分快慢車道)","柏油","乾燥","良好","無號誌","無","未繪設快慢車道分隔線","有",17,"非汽(機)車駕駛人",120.206283,23.492002,"嘉義縣","東石鄉"
"撞路樹、電桿","2019",3,12,17,"晴","日間自然光線",40,"直路","一般車道(未劃分快慢車道)","柏油","乾燥","良好","無號誌","無","未繪設快慢車道分隔線","有",30,"非汽(機)車駕駛人",120.206283,23.492002,"嘉義縣","東石鄉"
"撞路樹、電桿","2019",3,12,17,"晴","日間自然光線",40,"直路","一般車道(未劃分快慢車道)","柏油","乾燥","良好","無號誌","無","未繪設快慢車道分隔線","有",24,"使用手持或有礙駕駛安全",120.206283,23.492002,"嘉義縣","東石鄉"
"其他","2019",3,12,19,"陰","夜間(或隧道、地下道、涵洞)有照明",50,"四岔路","交叉口附近","柏油","乾燥","良好","正常","中央分向島","未繪設快慢車道分隔線","有",28,"未使用",121.513243,25.047403,"臺北市","中正區"
"其他","2019",3,12,19,"陰","夜間(或隧道、地下道、涵洞)有照明",50,"四岔路","交叉口附近","柏油","乾燥","良好","正常","中央分向島","未繪設快慢車道分隔線","有",43,"未使用",121.513243,25.047403,"臺北市","中正區"
"側撞","2019",3,12,22,"晴","夜間(或隧道、地下道、涵洞)有照明",60,"直路","一般車道(未劃分快慢車道)","柏油","乾燥","良好","無號誌","雙向禁止超車線","未繪設快慢車道分隔線","有",32,"不明",120.57602,23.936112,"彰化縣","員林市"
"側撞","2019",3,12,22,"晴","夜間(或隧道、地下道、涵洞)有照明",60,"直路","一般車道(未劃分快慢車道)","柏油","乾燥","良好","無號誌","雙向禁止超車線","未繪設快慢車道分隔線","有",47,"不明",120.57602,23.936112,"彰化縣","員林市"
"側撞","2019",3,12,22,"晴","夜間(或隧道、地下道、涵洞)有照明",60,"直路","一般車道(未劃分快慢車道)","柏油","乾燥","良好","無號誌","雙向禁止超車線","未繪設快慢車道分隔線","有",45,"未使用",120.57602,23.936112,"彰化縣","員林市"
"側撞","2019",3,12,22,"晴","夜間(或隧道、地下道、涵洞)有照明",60,"直路","一般車道(未劃分快慢車道)","柏油","乾燥","良好","無號誌","雙向禁止超車線","未繪設快慢車道分隔線","有",17,"未使用",120.57602,23.936112,"彰化縣","員林市"
"側撞","2019",3,12,22,"晴","夜間(或隧道、地下道、涵洞)有照明",60,"直路","一般車道(未劃分快慢車道)","柏油","乾燥","良好","無號誌","雙向禁止超車線","未繪設快慢車道分隔線","有",17,"非汽(機)車駕駛人",120.57602,23.936112,"彰化縣","員林市"
"側撞","2019",3,12,23,"晴","夜間(或隧道、地下道、涵洞)有照明",50,"四岔路","交叉路口內","柏油","乾燥","良好","正常","無","未繪設快慢車道分隔線","無",43,"未使用",120.591495,22.691523,"屏東縣","長治鄉"
"側撞","2019",3,12,23,"晴","夜間(或隧道、地下道、涵洞)有照明",50,"四岔路","交叉路口內","柏油","乾燥","良好","正常","無","未繪設快慢車道分隔線","無",19,"非汽(機)車駕駛人",120.591495,22.691523,"屏東縣","長治鄉"
"側撞","2019",3,12,23,"晴","夜間(或隧道、地下道、涵洞)有照明",50,"四岔路","交叉路口內","柏油","乾燥","良好","正常","無","未繪設快慢車道分隔線","無",18,"未使用",120.591495,22.691523,"屏東縣","長治鄉"
"側撞","2019",3,13,20,"晴","夜間(或隧道、地下道、涵洞)有照明",50,"四岔路","交叉路口內","柏油","乾燥","良好","正常","無","未繪設快慢車道分隔線","無",39,"未使用",120.326846,22.62138,"高雄市","苓雅區"
"側撞","2019",3,13,20,"晴","夜間(或隧道、地下道、涵洞)有照明",50,"四岔路","交叉路口內","柏油","乾燥","良好","正常","無","未繪設快慢車道分隔線","無",19,"未使用",120.326846,22.62138,"高雄市","苓雅區"
"側撞","2019",3,13,20,"晴","夜間(或隧道、地下道、涵洞)有照明",50,"四岔路","交叉路口內","柏油","乾燥","良好","正常","無","未繪設快慢車道分隔線","無",7,"非汽(機)車駕駛人",120.326846,22.62138,"高雄市","苓雅區"
"側撞","2019",3,13,20,"晴","夜間(或隧道、地下道、涵洞)有照明",50,"四岔路","交叉路口內","柏油","乾燥","良好","正常","無","未繪設快慢車道分隔線","無",6,"非汽(機)車駕駛人",120.326846,22.62138,"高雄市","苓雅區"
"路上翻車、摔倒","2019",3,13,23,"晴","夜間(或隧道、地下道、涵洞)有照明",50,"彎曲路及附近","一般車道(未劃分快慢車道)","柏油","乾燥","良好","無號誌","雙向禁止超車線","未繪設快慢車道分隔線","無",41,"未使用",121.503844,25.257621,"新北市","三芝區"
"撞護欄(樁)","2019",3,14,4,"晴","夜間(或隧道、地下道、涵洞)有照明",50,"直路","交通島(含槽化線)","柏油","乾燥","良好","正常","中央分向島","未繪設快慢車道分隔線","有",78,"非汽(機)車駕駛人",120.450231,23.798745,"雲林縣","西螺鎮"
"撞護欄(樁)","2019",3,14,4,"晴","夜間(或隧道、地下道、涵洞)有照明",50,"直路","交通島(含槽化線)","柏油","乾燥","良好","正常","中央分向島","未繪設快慢車道分隔線","有",77,"非汽(機)車駕駛人",120.450231,23.798745,"雲林縣","西螺鎮"
"撞護欄(樁)","2019",3,14,4,"晴","夜間(或隧道、地下道、涵洞)有照明",50,"直路","交通島(含槽化線)","柏油","乾燥","良好","正常","中央分向島","未繪設快慢車道分隔線","有",78,"非汽(機)車駕駛人",120.450231,23.798745,"雲林縣","西螺鎮"
"撞護欄(樁)","2019",3,14,4,"晴","夜間(或隧道、地下道、涵洞)有照明",50,"直路","交通島(含槽化線)","柏油","乾燥","良好","正常","中央分向島","未繪設快慢車道分隔線","有",52,"非汽(機)車駕駛人",120.450231,23.798745,"雲林縣","西螺鎮"
"撞護欄(樁)","2019",3,14,4,"晴","夜間(或隧道、地下道、涵洞)有照明",50,"直路","交通島(含槽化線)","柏油","乾燥","良好","正常","中央分向島","未繪設快慢車道分隔線","有",58,"非汽(機)車駕駛人",120.450231,23.798745,"雲林縣","西螺鎮"
"撞護欄(樁)","2019",3,14,4,"晴","夜間(或隧道、地下道、涵洞)有照明",50,"直路","交通島(含槽化線)","柏油","乾燥","良好","正常","中央分向島","未繪設快慢車道分隔線","有",26,"未使用",120.450231,23.798745,"雲林縣","西螺鎮"
"撞護欄(樁)","2019",3,14,6,"晴","日間自然光線",70,"直路","一般車道(未劃分快慢車道)","柏油","乾燥","良好","無號誌","中央分向島","未繪設快慢車道分隔線","有",108,"",120.45568,22.789023,"高雄市","旗山區"
"撞護欄(樁)","2019",3,14,6,"晴","日間自然光線",70,"直路","一般車道(未劃分快慢車道)","柏油","乾燥","良好","無號誌","中央分向島","未繪設快慢車道分隔線","有",20,"未使用",120.45568,22.789023,"高雄市","旗山區"
"其他","2019",3,14,7,"晴","日間自然光線",50,"直路","一般車道(未劃分快慢車道)","柏油","乾燥","良好","無號誌","中央分向島","未繪設快慢車道分隔線","無",19,"不明",121.458371,25.075385,"新北市","五股區"
"其他","2019",3,14,7,"晴","日間自然光線",50,"直路","一般車道(未劃分快慢車道)","柏油","乾燥","良好","無號誌","中央分向島","未繪設快慢車道分隔線","無",50,"不明",121.458371,25.075385,"新北市","五股區"
"其他","2019",3,14,7,"晴","日間自然光線",50,"直路","一般車道(未劃分快慢車道)","柏油","乾燥","良好","無號誌","中央分向島","未繪設快慢車道分隔線","無",45,"不明",121.458371,25.075385,"新北市","五股區"
"其他","2019",3,14,7,"晴","日間自然光線",50,"直路","一般車道(未劃分快慢車道)","柏油","乾燥","良好","無號誌","中央分向島","未繪設快慢車道分隔線","無",55,"不明",121.458371,25.075385,"新北市","五股區"
"同向擦撞","2019",3,14,9,"晴","日間自然光線",50,"四岔路","交叉路口內","柏油","乾燥","良好","正常","無","未繪設快慢車道分隔線","無",63,"未使用",121.100678,24.969576,"桃園市","新屋區"
"同向擦撞","2019",3,14,9,"晴","日間自然光線",50,"四岔路","交叉路口內","柏油","乾燥","良好","正常","無","未繪設快慢車道分隔線","無",73,"未使用",121.100678,24.969576,"桃園市","新屋區"
"對撞","2019",3,14,14,"晴","日間自然光線",40,"直路","一般車道(未劃分快慢車道)","柏油","乾燥","良好","無號誌","無","未繪設快慢車道分隔線","有",66,"不明",120.250541,23.49601,"嘉義縣","六腳鄉"
"對撞","2019",3,14,14,"晴","日間自然光線",40,"直路","一般車道(未劃分快慢車道)","柏油","乾燥","良好","無號誌","無","未繪設快慢車道分隔線","有",28,"不明",120.250541,23.49601,"嘉義縣","六腳鄉"
"撞護欄(樁)","2019",3,14,22,"晴","日間自然光線",40,"直路","機車優先道","柏油","乾燥","良好","無號誌","中央分向島","快慢車道分隔線","有",108,"",120.43982,22.709063,"高雄市","大樹區"
"撞護欄(樁)","2019",3,14,22,"晴","日間自然光線",40,"直路","機車優先道","柏油","乾燥","良好","無號誌","中央分向島","快慢車道分隔線","有",19,"未使用",120.43982,22.709063,"高雄市","大樹區"
"撞護欄(樁)","2019",3,15,1,"晴","夜間(或隧道、地下道、涵洞)有照明",50,"直路","一般車道(未劃分快慢車道)","柏油","乾燥","良好","無號誌","行車分向線","未繪設快慢車道分隔線","有",45,"不明",120.590332,22.495537,"屏東縣","新埤鄉"
"路上翻車、摔倒","2019",3,15,11,"晴","日間自然光線",50,"三岔路","交叉路口內","柏油","乾燥","良好","正常","中央分向島","快慢車道分隔線","有",70,"非汽(機)車駕駛人",120.68168,24.215865,"臺中市","潭子區"
"其他","2019",3,15,16,"晴","日間自然光線",50,"彎曲路及附近","一般車道(未劃分快慢車道)","柏油","乾燥","良好","無號誌","中央分向島","未繪設快慢車道分隔線","無",66,"未使用",121.515125,24.968392,"新北市","新店區"
"其他","2019",3,15,16,"晴","日間自然光線",50,"彎曲路及附近","一般車道(未劃分快慢車道)","柏油","乾燥","良好","無號誌","中央分向島","未繪設快慢車道分隔線","無",51,"未使用",121.515125,24.968392,"新北市","新店區"
"同向通行中","2019",3,16,1,"陰","夜間(或隧道、地下道、涵洞)有照明",40,"橋樑","機車專用道","柏油","乾燥","良好","無號誌","中央分向島","未繪設快慢車道分隔線","無",31,"未使用",121.513888,25.007958,"新北市","永和區"
"同向通行中","2019",3,16,1,"陰","夜間(或隧道、地下道、涵洞)有照明",40,"橋樑","機車專用道","柏油","乾燥","良好","無號誌","中央分向島","未繪設快慢車道分隔線","無",76,"非汽(機)車駕駛人",121.513888,25.007958,"新北市","永和區"
"同向通行中","2019",3,16,1,"陰","夜間(或隧道、地下道、涵洞)有照明",40,"橋樑","機車專用道","柏油","乾燥","良好","無號誌","中央分向島","未繪設快慢車道分隔線","無",27,"非汽(機)車駕駛人",121.513888,25.007958,"新北市","永和區"
"追撞","2019",3,16,3,"晴","夜間(或隧道、地下道、涵洞)無照明",60,"三岔路","交叉口附近","柏油","乾燥","良好","無號誌","中央分向島","未繪設快慢車道分隔線","有",23,"不明",120.156821,23.567617,"雲林縣","口湖鄉"
"追撞","2019",3,16,3,"晴","夜間(或隧道、地下道、涵洞)無照明",60,"三岔路","交叉口附近","柏油","乾燥","良好","無號誌","中央分向島","未繪設快慢車道分隔線","有",64,"非汽(機)車駕駛人",120.156821,23.567617,"雲林縣","口湖鄉"
"側撞","2019",3,16,6,"陰","日間自然光線",50,"三岔路","交叉路口內","柏油","乾燥","良好","無號誌","無","未繪設快慢車道分隔線","無",20,"未使用",121.257952,25.024994,"桃園市","蘆竹區"
"側撞","2019",3,16,6,"陰","日間自然光線",50,"三岔路","交叉路口內","柏油","乾燥","良好","無號誌","無","未繪設快慢車道分隔線","無",45,"未使用",121.257952,25.024994,"桃園市","蘆竹區"
"側撞","2019",3,16,6,"陰","日間自然光線",50,"三岔路","交叉路口內","柏油","乾燥","良好","無號誌","無","未繪設快慢車道分隔線","無",48,"未使用",121.257952,25.024994,"桃園市","蘆竹區"
"同向擦撞","2019",3,16,9,"晴","日間自然光線",40,"直路","一般車道(未劃分快慢車道)","柏油","乾燥","良好","無號誌","雙向禁止超車線","未繪設快慢車道分隔線","有",60,"未使用",120.5341,22.88213,"高雄市","美濃區"
"同向擦撞","2019",3,16,9,"晴","日間自然光線",40,"直路","一般車道(未劃分快慢車道)","柏油","乾燥","良好","無號誌","雙向禁止超車線","未繪設快慢車道分隔線","有",33,"未使用",120.5341,22.88213,"高雄市","美濃區"
"同向擦撞","2019",3,16,9,"晴","日間自然光線",40,"直路","一般車道(未劃分快慢車道)","柏油","乾燥","良好","無號誌","雙向禁止超車線","未繪設快慢車道分隔線","有",81,"非汽(機)車駕駛人",120.5341,22.88213,"高雄市","美濃區"
"路口交岔撞","2019",3,16,13,"晴","日間自然光線",40,"四岔路","交叉路口內","柏油","乾燥","良好","無號誌","無","未繪設快慢車道分隔線","無",54,"不明",120.168528,23.117253,"臺南市","七股區"
"路口交岔撞","2019",3,16,13,"晴","日間自然光線",40,"四岔路","交叉路口內","柏油","乾燥","良好","無號誌","無","未繪設快慢車道分隔線","無",40,"未使用",120.168528,23.117253,"臺南市","七股區"
"側撞","2019",3,16,15,"晴","日間自然光線",50,"三岔路","交叉口附近","柏油","乾燥","良好","無號誌","行車分向線","快慢車道分隔線","有",69,"未使用",120.883736,24.645472,"苗栗縣","頭份市"
"側撞","2019",3,16,15,"晴","日間自然光線",50,"三岔路","交叉口附近","柏油","乾燥","良好","無號誌","行車分向線","快慢車道分隔線","有",44,"未使用",120.883736,24.645472,"苗栗縣","頭份市"