"事故類型及型態子類別名稱","發生年度","發生月份","發生日期","發生時間","天候名稱","光線名稱","速限.第1當事者","道路型態子類別名稱","事故位置子類別名稱","路面狀況.路面鋪裝名稱","路面狀況.路面狀態名稱","道路障礙.視距品質名稱","號誌.號誌動作名稱","車道劃分設施.分向設施大類別名稱","車道劃分設施.分道設施.快慢車道間名稱","車道劃分設施.分道設施.路面邊線名稱","當事者事故發生時年齡","行動電話或電腦或其他相類功能裝置名稱","經度","緯度","縣市","鄉鎮"
"側撞","2019",3,16,15,"晴","日間自然光線",50,"三岔路","交叉口附近","柏油","乾燥","良好","無號誌","行車分向線","快慢車道分隔線","有",59,"未使用",120.883736,24.645472,"苗栗縣","頭份市"
"同向擦撞","2019",3,16,16,"晴","日間自然光線",50,"四岔路","交叉路口內","柏油","乾燥","良好","無號誌","無","未繪設快慢車道分隔線","無",36,"未使用",120.2566,23.208821,"臺南市","下營區"
"同向擦撞","2019",3,16,16,"晴","日間自然光線",50,"四岔路","交叉路口內","柏油","乾燥","良好","無號誌","無","未繪設快慢車道分隔線","無",79,"不明",120.2566,23.208821,"臺南市","下營區"
"穿越道路中","2019",3,16,18,"晴","夜間(或隧道、地下道、涵洞)有照明",50,"直路","一般車道(未劃分快慢車道)","柏油","乾燥","良好","無號誌","行車分向線","未繪設快慢車道分隔線","有",83,"非汽(機)車駕駛人",120.749767,23.750194,"南投縣","鹿谷鄉"
"穿越道路中","2019",3,16,18,"晴","夜間(或隧道、地下道、涵洞)有照明",50,"直路","一般車道(未劃分快慢車道)","柏油","乾燥","良好","無號誌","行車分向線","未繪設快慢車道分隔線","有",22,"未使用",120.749767,23.750194,"南投縣","鹿谷鄉"
"其他","2019",3,16,18,"晴","夜間(或隧道、地下道、涵洞)有照明",70,"直路","機車優先道","柏油","乾燥","良好","無號誌","中央分向島","快慢車道分隔線","有",19,"未使用",120.43389,24.057203,"彰化縣","福興鄉"
"其他","2019",3,16,18,"晴","夜間(或隧道、地下道、涵洞)有照明",70,"直路","機車優先道","柏油","乾燥","良好","無號誌","中央分向島","快慢車道分隔線","有",59,"未使用",120.43389,24.057203,"彰化縣","福興鄉"
"其他","2019",3,16,18,"晴","夜間(或隧道、地下道、涵洞)有照明",70,"直路","機車優先道","柏油","乾燥","良好","無號誌","中央分向島","快慢車道分隔線","有",30,"未使用",120.43389,24.057203,"彰化縣","福興鄉"
"在路上嬉戲","2019",3,16,19,"晴","夜間(或隧道、地下道、涵洞)有照明",40,"其他","其他","柏油","乾燥","良好","無號誌","無","未繪設快慢車道分隔線","無",3,"非汽(機)車駕駛人",120.3117,22.62773,"高雄市","新興區"
"在路上嬉戲","2019",3,16,19,"晴","夜間(或隧道、地下道、涵洞)有照明",40,"其他","其他","柏油","乾燥","良好","無號誌","無","未繪設快慢車道分隔線","無",62,"未使用",120.3117,22.62773,"高雄市","新興區"
"追撞","2019",3,16,19,"陰","夜間(或隧道、地下道、涵洞)無照明",40,"直路","一般車道(未劃分快慢車道)","柏油","乾燥","不良","無號誌","無","未繪設快慢車道分隔線","無",59,"不明",120.184597,23.436298,"嘉義縣","東石鄉"
"追撞","2019",3,16,19,"陰","夜間(或隧道、地下道、涵洞)無照明",40,"直路","一般車道(未劃分快慢車道)","柏油","乾燥","不良","無號誌","無","未繪設快慢車道分隔線","無",26,"未使用",120.184597,23.436298,"嘉義縣","東石鄉"
"撞路樹、電桿","2019",3,16,22,"晴","夜間(或隧道、地下道、涵洞)有照明",50,"直路","路肩、路緣","柏油","乾燥","良好","無號誌","行車分向線","未繪設快慢車道分隔線","有",18,"未使用",120.278055,22.991368,"臺南市","歸仁區"
"路口交岔撞","2019",3,17,11,"晴","日間自然光線",40,"四岔路","交叉路口內","柏油","乾燥","良好","無號誌","無","未繪設快慢車道分隔線","無",22,"未使用",120.502507,23.761008,"雲林縣","莿桐鄉"
"路口交岔撞","2019",3,17,11,"晴","日間自然光線",40,"四岔路","交叉路口內","柏油","乾燥","良好","無號誌","無","未繪設快慢車道分隔線","無",54,"未使用",120.502507,23.761008,"雲林縣","莿桐鄉"
"路口交岔撞","2019",3,17,11,"晴","日間自然光線",40,"四岔路","交叉路口內","柏油","乾燥","良好","無號誌","無","未繪設快慢車道分隔線","無",23,"非汽(機)車駕駛人",120.502507,23.761008,"雲林縣","莿桐鄉"
"撞路樹、電桿","2019",3,17,14,"陰","日間自然光線",50,"直路","一般車道(未劃分快慢車道)","柏油","乾燥","良好","無號誌","雙向禁止超車線","未繪設快慢車道分隔線","有",64,"未使用",121.524376,23.948522,"花蓮縣","吉安鄉"
"撞路樹、電桿","2019",3,17,14,"陰","日間自然光線",50,"直路","一般車道(未劃分快慢車道)","柏油","乾燥","良好","無號誌","雙向禁止超車線","未繪設快慢車道分隔線","有",95,"非汽(機)車駕駛人",121.524376,23.948522,"花蓮縣","吉安鄉"
"路口交岔撞","2019",3,17,14,"晴","日間自然光線",40,"四岔路","交叉路口內","柏油","乾燥","良好","無號誌","雙向禁止超車線","未繪設快慢車道分隔線","無",51,"未使用",120.294258,22.631229,"高雄市","前金區"
"路口交岔撞","2019",3,17,14,"晴","日間自然光線",40,"四岔路","交叉路口內","柏油","乾燥","良好","無號誌","雙向禁止超車線","未繪設快慢車道分隔線","無",64,"未使用",120.294258,22.631229,"高雄市","前金區"
"撞路樹、電桿","2019",3,17,15,"晴","日間自然光線",50,"直路","一般車道(未劃分快慢車道)","柏油","乾燥","良好","無號誌","行車分向線","未繪設快慢車道分隔線","無",53,"不明",120.273582,23.140789,"臺南市","善化區"
"側撞","2019",3,17,21,"雨","夜間(或隧道、地下道、涵洞)有照明",50,"四岔路","交叉路口內","柏油","濕潤","良好","正常","雙向禁止超車線","未繪設快慢車道分隔線","無",20,"未使用",121.574936,25.076393,"臺北市","內湖區"
"側撞","2019",3,17,21,"雨","夜間(或隧道、地下道、涵洞)有照明",50,"四岔路","交叉路口內","柏油","濕潤","良好","正常","雙向禁止超車線","未繪設快慢車道分隔線","無",58,"未使用",121.574936,25.076393,"臺北市","內湖區"
"其他","2019",3,17,22,"晴","夜間(或隧道、地下道、涵洞)有照明",50,"直路","一般車道(未劃分快慢車道)","柏油","乾燥","良好","無號誌","行車分向線","快慢車道分隔線","有",74,"非汽(機)車駕駛人",121.216081,25.105224,"桃園市","大園區"
"其他","2019",3,17,22,"晴","夜間(或隧道、地下道、涵洞)有照明",50,"直路","一般車道(未劃分快慢車道)","柏油","乾燥","良好","無號誌","行車分向線","快慢車道分隔線","有",51,"使用免持或未有礙駕駛安全",121.216081,25.105224,"桃園市","大園區"
"撞護欄(樁)","2019",3,18,3,"晴","夜間(或隧道、地下道、涵洞)有照明",110,"直路","加速車道","柏油","乾燥","良好","無號誌","中央分向島","未繪設快慢車道分隔線","有",34,"未使用",120.617829,24.138835,"臺中市","南屯區"
"撞護欄(樁)","2019",3,18,3,"晴","夜間(或隧道、地下道、涵洞)有照明",110,"直路","加速車道","柏油","乾燥","良好","無號誌","中央分向島","未繪設快慢車道分隔線","有",25,"未使用",120.617829,24.138835,"臺中市","南屯區"
"側撞","2019",3,18,10,"晴","日間自然光線",60,"三岔路","交叉路口內","柏油","乾燥","良好","無號誌","無","未繪設快慢車道分隔線","無",73,"不明",120.5,22.88654,"高雄市","旗山區"
"側撞","2019",3,18,10,"晴","日間自然光線",60,"三岔路","交叉路口內","柏油","乾燥","良好","無號誌","無","未繪設快慢車道分隔線","無",25,"未使用",120.5,22.88654,"高雄市","旗山區"
"路口交岔撞","2019",3,18,14,"晴","日間自然光線",50,"四岔路","交叉路口內","柏油","乾燥","良好","正常","無","未繪設快慢車道分隔線","無",74,"不明",120.6834,24.1723,"臺中市","北屯區"
"路口交岔撞","2019",3,18,14,"晴","日間自然光線",50,"四岔路","交叉路口內","柏油","乾燥","良好","正常","無","未繪設快慢車道分隔線","無",33,"未使用",120.6834,24.1723,"臺中市","北屯區"
"撞護欄(樁)","2019",3,19,2,"晴","夜間(或隧道、地下道、涵洞)有照明",60,"直路","快車道","柏油","乾燥","良好","無號誌","中央分向島","快慢車道分隔線","有",33,"未使用",121.796476,24.854119,"宜蘭縣","頭城鎮"
"側撞","2019",3,19,11,"晴","日間自然光線",40,"三岔路","快車道","柏油","乾燥","良好","無號誌","中央分向島","快慢車道分隔線","有",83,"未使用",120.652987,22.261013,"屏東縣","枋山鄉"
"側撞","2019",3,19,11,"晴","日間自然光線",40,"三岔路","快車道","柏油","乾燥","良好","無號誌","中央分向島","快慢車道分隔線","有",44,"未使用",120.652987,22.261013,"屏東縣","枋山鄉"
"其他","2019",3,19,17,"晴","晨或暮光",50,"直路","慢車道","柏油","乾燥","良好","無號誌","雙向禁止超車線","快慢車道分隔線","有",16,"未使用",120.634948,24.34432,"臺中市","外埔區"
"其他","2019",3,19,17,"晴","晨或暮光",50,"直路","慢車道","柏油","乾燥","良好","無號誌","雙向禁止超車線","快慢車道分隔線","有",35,"未使用",120.634948,24.34432,"臺中市","外埔區"
"其他","2019",3,19,17,"晴","晨或暮光",50,"直路","慢車道","柏油","乾燥","良好","無號誌","雙向禁止超車線","快慢車道分隔線","有",40,"未使用",120.634948,24.34432,"臺中市","外埔區"
"撞護欄(樁)","2019",3,19,18,"雨","晨或暮光",60,"彎曲路及附近","路肩、路緣","柏油","濕潤","良好","無號誌","雙向禁止超車線","未繪設快慢車道分隔線","有",81,"不明",121.306491,23.311535,"花蓮縣","玉里鎮"
"側撞","2019",3,19,22,"晴","夜間(或隧道、地下道、涵洞)無照明",60,"四岔路","交叉路口內","柏油","乾燥","良好","正常","中央分向島","未繪設快慢車道分隔線","無",64,"未使用",120.507022,24.044298,"彰化縣","秀水鄉"
"側撞","2019",3,19,22,"晴","夜間(或隧道、地下道、涵洞)無照明",60,"四岔路","交叉路口內","柏油","乾燥","良好","正常","中央分向島","未繪設快慢車道分隔線","無",18,"未使用",120.507022,24.044298,"彰化縣","秀水鄉"
"其他","2019",3,20,10,"晴","日間自然光線",60,"四岔路","交叉口附近","柏油","乾燥","良好","正常","中央分向島","快慢車道分隔線","無",23,"不明",121.501544,25.119577,"臺北市","北投區"
"其他","2019",3,20,10,"晴","日間自然光線",60,"四岔路","交叉口附近","柏油","乾燥","良好","正常","中央分向島","快慢車道分隔線","無",29,"未使用",121.501544,25.119577,"臺北市","北投區"
"撞路樹、電桿","2019",3,20,12,"晴","日間自然光線",70,"直路","路肩、路緣","柏油","乾燥","良好","無號誌","中央分向島","未繪設快慢車道分隔線","有",108,"",120.426061,22.660722,"高雄市","大樹區"
"撞路樹、電桿","2019",3,20,12,"晴","日間自然光線",70,"直路","路肩、路緣","柏油","乾燥","良好","無號誌","中央分向島","未繪設快慢車道分隔線","有",81,"未使用",120.426061,22.660722,"高雄市","大樹區"
"路口交岔撞","2019",3,21,6,"晴","日間自然光線",50,"四岔路","交叉路口內","柏油","濕潤","良好","正常","雙向禁止超車線","快慢車道分隔線","有",68,"未使用",120.487925,22.663176,"屏東縣","屏東市"
"路口交岔撞","2019",3,21,6,"晴","日間自然光線",50,"四岔路","交叉路口內","柏油","濕潤","良好","正常","雙向禁止超車線","快慢車道分隔線","有",54,"未使用",120.487925,22.663176,"屏東縣","屏東市"
"其他","2019",3,21,7,"晴","日間自然光線",50,"四岔路","交叉路口內","柏油","乾燥","良好","無號誌","雙向禁止超車線","未繪設快慢車道分隔線","有",47,"未使用",120.826403,24.260268,"臺中市","東勢區"
"其他","2019",3,21,7,"晴","日間自然光線",50,"四岔路","交叉路口內","柏油","乾燥","良好","無號誌","雙向禁止超車線","未繪設快慢車道分隔線","有",85,"非汽(機)車駕駛人",120.826403,24.260268,"臺中市","東勢區"
"側撞","2019",3,21,9,"晴","日間自然光線",40,"三岔路","交叉路口內","柏油","乾燥","良好","無號誌","無","未繪設快慢車道分隔線","無",77,"未使用",120.4294,23.46122,"嘉義市","西區"
"側撞","2019",3,21,9,"晴","日間自然光線",40,"三岔路","交叉路口內","柏油","乾燥","良好","無號誌","無","未繪設快慢車道分隔線","無",47,"未使用",120.4294,23.46122,"嘉義市","西區"
"路口交岔撞","2019",3,21,10,"晴","日間自然光線",50,"四岔路","交叉路口內","柏油","乾燥","良好","無號誌","無","未繪設快慢車道分隔線","無",74,"未使用",120.319363,22.584551,"高雄市","前鎮區"
"路口交岔撞","2019",3,21,10,"晴","日間自然光線",50,"四岔路","交叉路口內","柏油","乾燥","良好","無號誌","無","未繪設快慢車道分隔線","無",38,"未使用",120.319363,22.584551,"高雄市","前鎮區"
"路口交岔撞","2019",3,21,10,"晴","日間自然光線",50,"四岔路","交叉路口內","柏油","乾燥","良好","無號誌","無","未繪設快慢車道分隔線","無",44,"未使用",120.319363,22.584551,"高雄市","前鎮區"
"追撞","2019",3,21,10,"晴","日間自然光線",90,"直路","快車道","柏油","乾燥","良好","無號誌","中央分向島","未繪設快慢車道分隔線","有",39,"未使用",120.333205,22.656458,"高雄市","三民區"
"追撞","2019",3,21,10,"晴","日間自然光線",90,"直路","快車道","柏油","乾燥","良好","無號誌","中央分向島","未繪設快慢車道分隔線","有",33,"未使用",120.333205,22.656458,"高雄市","三民區"
"追撞","2019",3,21,10,"晴","日間自然光線",90,"直路","快車道","柏油","乾燥","良好","無號誌","中央分向島","未繪設快慢車道分隔線","有",38,"不明",120.333205,22.656458,"高雄市","三民區"
"追撞","2019",3,21,10,"晴","日間自然光線",90,"直路","快車道","柏油","乾燥","良好","無號誌","中央分向島","未繪設快慢車道分隔線","有",57,"未使用",120.333205,22.656458,"高雄市","三民區"
"追撞","2019",3,21,10,"晴","日間自然光線",90,"直路","快車道","柏油","乾燥","良好","無號誌","中央分向島","未繪設快慢車道分隔線","有",55,"未使用",120.333205,22.656458,"高雄市","三民區"
"路口交岔撞","2019",3,21,14,"晴","日間自然光線",50,"四岔路","交叉路口內","柏油","乾燥","良好","無號誌","行車分向線","快慢車道分隔線","無",32,"未使用",120.702845,24.226732,"臺中市","潭子區"
"路口交岔撞","2019",3,21,14,"晴","日間自然光線",50,"四岔路","交叉路口內","柏油","乾燥","良好","無號誌","行車分向線","快慢車道分隔線","無",28,"未使用",120.702845,24.226732,"臺中市","潭子區"
"側撞","2019",3,21,16,"晴","日間自然光線",40,"直路","快車道","柏油","乾燥","良好","正常","雙向禁止超車線","快慢車道分隔線","有",66,"未使用",120.495835,22.677808,"屏東縣","屏東市"
"側撞","2019",3,21,16,"晴","日間自然光線",40,"直路","快車道","柏油","乾燥","良好","正常","雙向禁止超車線","快慢車道分隔線","有",53,"未使用",120.495835,22.677808,"屏東縣","屏東市"
"側撞","2019",3,21,16,"晴","日間自然光線",40,"直路","快車道","柏油","乾燥","良好","正常","雙向禁止超車線","快慢車道分隔線","有",60,"未使用",120.495835,22.677808,"屏東縣","屏東市"
"衝出路外","2019",3,21,16,"晴","日間自然光線",50,"彎曲路及附近","一般車道(未劃分快慢車道)","柏油","乾燥","良好","無號誌","雙向禁止超車線","未繪設快慢車道分隔線","有",62,"不明",121.088298,24.004426,"南投縣","仁愛鄉"
"側撞","2019",3,21,23,"晴","夜間(或隧道、地下道、涵洞)有照明",50,"直路","一般車道(未劃分快慢車道)","柏油","乾燥","良好","正常","雙向禁止超車線","未繪設快慢車道分隔線","有",27,"未使用",120.460195,24.007522,"彰化縣","溪湖鎮"
"側撞","2019",3,21,23,"晴","夜間(或隧道、地下道、涵洞)有照明",50,"直路","一般車道(未劃分快慢車道)","柏油","乾燥","良好","正常","雙向禁止超車線","未繪設快慢車道分隔線","有",17,"非汽(機)車駕駛人",120.460195,24.007522,"彰化縣","溪湖鎮"
"側撞","2019",3,21,23,"晴","夜間(或隧道、地下道、涵洞)有照明",50,"直路","一般車道(未劃分快慢車道)","柏油","乾燥","良好","正常","雙向禁止超車線","未繪設快慢車道分隔線","有",27,"非汽(機)車駕駛人",120.460195,24.007522,"彰化縣","溪湖鎮"
"路口交岔撞","2019",3,22,5,"晴","日間自然光線",50,"四岔路","交叉路口內","柏油","乾燥","良好","正常","無","未繪設快慢車道分隔線","無",23,"未使用",120.352723,22.591052,"高雄市","鳳山區"
"路口交岔撞","2019",3,22,5,"晴","日間自然光線",50,"四岔路","交叉路口內","柏油","乾燥","良好","正常","無","未繪設快慢車道分隔線","無",50,"未使用",120.352723,22.591052,"高雄市","鳳山區"
"路口交岔撞","2019",3,22,13,"晴","日間自然光線",50,"四岔路","交叉路口內","柏油","乾燥","良好","正常","無","未繪設快慢車道分隔線","無",67,"未使用",120.261984,23.19185,"臺南市","麻豆區"
"路口交岔撞","2019",3,22,13,"晴","日間自然光線",50,"四岔路","交叉路口內","柏油","乾燥","良好","正常","無","未繪設快慢車道分隔線","無",36,"未使用",120.261984,23.19185,"臺南市","麻豆區"
"其他","2019",3,22,14,"晴","日間自然光線",50,"直路","路肩、路緣","柏油","乾燥","良好","無號誌","行車分向線","未繪設快慢車道分隔線","有",44,"不明",121.230669,24.912039,"桃園市","平鎮區"
"其他","2019",3,22,14,"晴","日間自然光線",50,"直路","路肩、路緣","柏油","乾燥","良好","無號誌","行車分向線","未繪設快慢車道分隔線","有",52,"不明",121.230669,24.912039,"桃園市","平鎮區"
"其他","2019",3,22,14,"晴","日間自然光線",50,"直路","路肩、路緣","柏油","乾燥","良好","無號誌","行車分向線","未繪設快慢車道分隔線","有",49,"不明",121.230669,24.912039,"桃園市","平鎮區"
"其他","2019",3,22,14,"晴","日間自然光線",50,"直路","路肩、路緣","柏油","乾燥","良好","無號誌","行車分向線","未繪設快慢車道分隔線","有",41,"不明",121.230669,24.912039,"桃園市","平鎮區"
"其他","2019",3,22,14,"晴","日間自然光線",50,"直路","路肩、路緣","柏油","乾燥","良好","無號誌","行車分向線","未繪設快慢車道分隔線","有",61,"未使用",121.230669,24.912039,"桃園市","平鎮區"
"其他","2019",3,22,14,"晴","日間自然光線",50,"直路","路肩、路緣","柏油","乾燥","良好","無號誌","行車分向線","未繪設快慢車道分隔線","有",75,"非汽(機)車駕駛人",121.230669,24.912039,"桃園市","平鎮區"
"其他","2019",3,22,14,"晴","日間自然光線",50,"直路","路肩、路緣","柏油","乾燥","良好","無號誌","行車分向線","未繪設快慢車道分隔線","有",73,"非汽(機)車駕駛人",121.230669,24.912039,"桃園市","平鎮區"
"側撞","2019",3,22,15,"晴","日間自然光線",60,"四岔路","交叉路口內","柏油","乾燥","良好","無號誌","雙向禁止超車線","未繪設快慢車道分隔線","有",28,"未使用",120.516043,23.735879,"雲林縣","莿桐鄉"
"側撞","2019",3,22,15,"晴","日間自然光線",60,"四岔路","交叉路口內","柏油","乾燥","良好","無號誌","雙向禁止超車線","未繪設快慢車道分隔線","有",68,"未使用",120.516043,23.735879,"雲林縣","莿桐鄉"
"同向擦撞","2019",3,22,18,"晴","夜間(或隧道、地下道、涵洞)無照明",100,"直路","快車道","柏油","乾燥","良好","無號誌","中央分向島","未繪設快慢車道分隔線","有",53,"不明",120.728139,24.005675,"南投縣","草屯鎮"
"同向擦撞","2019",3,22,18,"晴","夜間(或隧道、地下道、涵洞)無照明",100,"直路","快車道","柏油","乾燥","良好","無號誌","中央分向島","未繪設快慢車道分隔線","有",53,"不明",120.728139,24.005675,"南投縣","草屯鎮"
"同向擦撞","2019",3,22,18,"晴","夜間(或隧道、地下道、涵洞)無照明",100,"直路","快車道","柏油","乾燥","良好","無號誌","中央分向島","未繪設快慢車道分隔線","有",64,"未使用",120.728139,24.005675,"南投縣","草屯鎮"
"同向擦撞","2019",3,22,18,"晴","夜間(或隧道、地下道、涵洞)無照明",100,"直路","快車道","柏油","乾燥","良好","無號誌","中央分向島","未繪設快慢車道分隔線","有",35,"非汽(機)車駕駛人",120.728139,24.005675,"南投縣","草屯鎮"
"撞路樹、電桿","2019",3,22,20,"陰","夜間(或隧道、地下道、涵洞)有照明",50,"彎曲路及附近","路肩、路緣","柏油","乾燥","良好","無號誌","雙向禁止超車線","未繪設快慢車道分隔線","有",53,"不明",121.297227,24.888241,"桃園市","大溪區"
"側撞","2019",3,23,22,"晴","夜間(或隧道、地下道、涵洞)有照明",50,"直路","一般車道(未劃分快慢車道)","柏油","乾燥","良好","無號誌","行車分向線","未繪設快慢車道分隔線","無",32,"不明",120.53432,23.84438,"彰化縣","溪州鄉"
"側撞","2019",3,23,22,"晴","夜間(或隧道、地下道、涵洞)有照明",50,"直路","一般車道(未劃分快慢車道)","柏油","乾燥","良好","無號誌","行車分向線","未繪設快慢車道分隔線","無",56,"未使用",120.53432,23.84438,"彰化縣","溪州鄉"
"追撞","2019",3,24,3,"晴","夜間(或隧道、地下道、涵洞)無照明",100,"直路","快車道","柏油","乾燥","不良","無號誌","中央分向島","未繪設快慢車道分隔線","有",33,"使用手持或有礙駕駛安全",120.328927,22.706269,"高雄市","仁武區"
"追撞","2019",3,24,3,"晴","夜間(或隧道、地下道、涵洞)無照明",100,"直路","快車道","柏油","乾燥","不良","無號誌","中央分向島","未繪設快慢車道分隔線","有",71,"未使用",120.328927,22.706269,"高雄市","仁武區"
"追撞","2019",3,24,3,"晴","夜間(或隧道、地下道、涵洞)無照明",100,"直路","快車道","柏油","乾燥","不良","無號誌","中央分向島","未繪設快慢車道分隔線","有",22,"未使用",120.328927,22.706269,"高雄市","仁武區"
"追撞","2019",3,24,3,"晴","夜間(或隧道、地下道、涵洞)無照明",100,"直路","快車道","柏油","乾燥","不良","無號誌","中央分向島","未繪設快慢車道分隔線","有",64,"未使用",120.328927,22.706269,"高雄市","仁武區"
"追撞","2019",3,24,3,"晴","夜間(或隧道、地下道、涵洞)無照明",100,"直路","快車道","柏油","乾燥","不良","無號誌","中央分向島","未繪設快慢車道分隔線","有",29,"未使用",120.328927,22.706269,"高雄市","仁武區"
"追撞","2019",3,24,3,"晴","夜間(或隧道、地下道、涵洞)無照明",100,"直路","快車道","柏油","乾燥","不良","無號誌","中央分向島","未繪設快慢車道分隔線","有",63,"未使用",120.328927,22.706269,"高雄市","仁武區"
"追撞","2019",3,24,3,"晴","夜間(或隧道、地下道、涵洞)無照明",100,"直路","快車道","柏油","乾燥","不良","無號誌","中央分向島","未繪設快慢車道分隔線","有",22,"非汽(機)車駕駛人",120.328927,22.706269,"高雄市","仁武區"
"追撞","2019",3,24,3,"晴","夜間(或隧道、地下道、涵洞)無照明",100,"直路","快車道","柏油","乾燥","不良","無號誌","中央分向島","未繪設快慢車道分隔線","有",21,"未使用",120.328927,22.706269,"高雄市","仁武區"
"追撞","2019",3,24,3,"晴","夜間(或隧道、地下道、涵洞)無照明",100,"直路","快車道","柏油","乾燥","不良","無號誌","中央分向島","未繪設快慢車道分隔線","有",30,"使用手持或有礙駕駛安全",120.328927,22.706269,"高雄市","仁武區"
"追撞","2019",3,24,3,"晴","夜間(或隧道、地下道、涵洞)無照明",100,"直路","快車道","柏油","乾燥","不良","無號誌","中央分向島","未繪設快慢車道分隔線","有",68,"未使用",120.328927,22.706269,"高雄市","仁武區"
"追撞","2019",3,24,3,"晴","夜間(或隧道、地下道、涵洞)無照明",100,"直路","快車道","柏油","乾燥","不良","無號誌","中央分向島","未繪設快慢車道分隔線","有",72,"使用手持或有礙駕駛安全",120.328927,22.706269,"高雄市","仁武區"
"撞路樹、電桿","2019",3,24,6,"雨","日間自然光線",80,"高架道路","快車道","柏油","濕潤","良好","無號誌","中央分向島","窄式快慢車道分隔島(附柵欄)","有",35,"未使用",121.431108,25.014673,"新北市","新莊區"
"路上翻車、摔倒","2019",3,24,7,"雨","日間自然光線",70,"直路","路肩、路緣","柏油","濕潤","良好","無號誌","中央分向島","未繪設快慢車道分隔線","有",50,"不明",121.043824,24.87791,"新竹縣","湖口鄉"
"撞路樹、電桿","2019",3,24,16,"陰","日間自然光線",40,"直路","慢車道","柏油","濕潤","良好","無號誌","中央分向島","寛式快慢車道分隔島(50公分以上)","無",52,"不明",120.624252,24.134138,"臺中市","南屯區"
"追撞","2019",3,24,16,"雨","日間自然光線",50,"四岔路","交叉口附近","柏油","濕潤","良好","正常","中央分向島","快慢車道分隔線","有",22,"未使用",120.69706,24.084376,"臺中市","大里區"
"追撞","2019",3,24,16,"雨","日間自然光線",50,"四岔路","交叉口附近","柏油","濕潤","良好","正常","中央分向島","快慢車道分隔線","有",39,"未使用",120.69706,24.084376,"臺中市","大里區"
"穿越道路中","2019",3,25,15,"雨","日間自然光線",50,"四岔路","行人穿越道","柏油","濕潤","良好","正常","無","未繪設快慢車道分隔線","無",28,"未使用",121.75578,24.755799,"宜蘭縣","宜蘭市"
"穿越道路中","2019",3,25,15,"雨","日間自然光線",50,"四岔路","行人穿越道","柏油","濕潤","良好","正常","無","未繪設快慢車道分隔線","無",88,"非汽(機)車駕駛人",121.75578,24.755799,"宜蘭縣","宜蘭市"
"追撞","2019",3,25,16,"晴","日間自然光線",50,"直路","一般車道(未劃分快慢車道)","柏油","乾燥","良好","無號誌","中央分向島","未繪設快慢車道分隔線","有",69,"不明",120.163194,23.415933,"嘉義縣","東石鄉"
"追撞","2019",3,25,16,"晴","日間自然光線",50,"直路","一般車道(未劃分快慢車道)","柏油","乾燥","良好","無號誌","中央分向島","未繪設快慢車道分隔線","有",22,"未使用",120.163194,23.415933,"嘉義縣","東石鄉"
"側撞","2019",3,25,19,"晴","夜間(或隧道、地下道、涵洞)有照明",50,"直路","一般車道(未劃分快慢車道)","柏油","乾燥","良好","正常","無","未繪設快慢車道分隔線","無",51,"未使用",120.426989,22.662309,"高雄市","大樹區"
"側撞","2019",3,25,19,"晴","夜間(或隧道、地下道、涵洞)有照明",50,"直路","一般車道(未劃分快慢車道)","柏油","乾燥","良好","正常","無","未繪設快慢車道分隔線","無",31,"未使用",120.426989,22.662309,"高雄市","大樹區"
"對向擦撞","2019",3,26,6,"晴","日間自然光線",50,"四岔路","交叉路口內","柏油","乾燥","良好","正常","中央分向島","未繪設快慢車道分隔線","無",52,"未使用",121.555994,25.027301,"臺北市","信義區"
"對向擦撞","2019",3,26,6,"晴","日間自然光線",50,"四岔路","交叉路口內","柏油","乾燥","良好","正常","中央分向島","未繪設快慢車道分隔線","無",27,"未使用",121.555994,25.027301,"臺北市","信義區"
"對向擦撞","2019",3,26,6,"晴","日間自然光線",50,"四岔路","交叉路口內","柏油","乾燥","良好","正常","中央分向島","未繪設快慢車道分隔線","無",43,"未使用",121.555994,25.027301,"臺北市","信義區"
"撞護欄(樁)","2019",3,26,15,"晴","日間自然光線",60,"直路","路肩、路緣","柏油","乾燥","良好","無號誌","中央分向島","快慢車道分隔線","有",108,"",120.239193,22.895506,"高雄市","湖內區"
"撞護欄(樁)","2019",3,26,15,"晴","日間自然光線",60,"直路","路肩、路緣","柏油","乾燥","良好","無號誌","中央分向島","快慢車道分隔線","有",19,"未使用",120.239193,22.895506,"高雄市","湖內區"
"撞交通島","2019",3,27,3,"晴","夜間(或隧道、地下道、涵洞)有照明",40,"直路","慢車道","柏油","乾燥","良好","無號誌","中央分向島","未繪設快慢車道分隔線","有",34,"不明",121.437265,24.978282,"新北市","板橋區"
"側撞","2019",3,27,6,"晴","日間自然光線",50,"多岔路","交叉路口內","柏油","乾燥","良好","正常","中央分向島","快慢車道分隔線","有",32,"不明",121.490823,25.090759,"新北市","三重區"
"側撞","2019",3,27,6,"晴","日間自然光線",50,"多岔路","交叉路口內","柏油","乾燥","良好","正常","中央分向島","快慢車道分隔線","有",56,"不明",121.490823,25.090759,"新北市","三重區"