"事故類型及型態子類別名稱","發生年度","發生月份","發生日期","發生時間","天候名稱","光線名稱","速限.第1當事者","道路型態子類別名稱","事故位置子類別名稱","路面狀況.路面鋪裝名稱","路面狀況.路面狀態名稱","道路障礙.視距品質名稱","號誌.號誌動作名稱","車道劃分設施.分向設施大類別名稱","車道劃分設施.分道設施.快慢車道間名稱","車道劃分設施.分道設施.路面邊線名稱","當事者事故發生時年齡","行動電話或電腦或其他相類功能裝置名稱","經度","緯度","縣市","鄉鎮"
"撞路樹、電桿","2019",3,27,13,"晴","日間自然光線",50,"直路","路肩、路緣","柏油","乾燥","良好","無號誌","中央分向島","快慢車道分隔線","有",77,"不明",120.643531,24.368922,"臺中市","大甲區"
"側撞","2019",3,27,14,"晴","日間自然光線",60,"直路","慢車道","柏油","乾燥","良好","無號誌","雙向禁止超車線","未繪設快慢車道分隔線","有",38,"未使用",120.384903,22.631097,"高雄市","大寮區"
"側撞","2019",3,27,14,"晴","日間自然光線",60,"直路","慢車道","柏油","乾燥","良好","無號誌","雙向禁止超車線","未繪設快慢車道分隔線","有",22,"未使用",120.384903,22.631097,"高雄市","大寮區"
"對撞","2019",3,27,14,"晴","日間自然光線",40,"直路","一般車道(未劃分快慢車道)","柏油","乾燥","良好","無號誌","行車分向線","未繪設快慢車道分隔線","有",26,"未使用",121.760551,24.822869,"宜蘭縣","礁溪鄉"
"對撞","2019",3,27,14,"晴","日間自然光線",40,"直路","一般車道(未劃分快慢車道)","柏油","乾燥","良好","無號誌","行車分向線","未繪設快慢車道分隔線","有",19,"未使用",121.760551,24.822869,"宜蘭縣","礁溪鄉"
"對撞","2019",3,27,14,"晴","日間自然光線",40,"直路","一般車道(未劃分快慢車道)","柏油","乾燥","良好","無號誌","行車分向線","未繪設快慢車道分隔線","有",58,"未使用",121.760551,24.822869,"宜蘭縣","礁溪鄉"
"對撞","2019",3,27,14,"晴","日間自然光線",40,"直路","一般車道(未劃分快慢車道)","柏油","乾燥","良好","無號誌","行車分向線","未繪設快慢車道分隔線","有",24,"不明",121.760551,24.822869,"宜蘭縣","礁溪鄉"
"對撞","2019",3,27,14,"晴","日間自然光線",40,"直路","一般車道(未劃分快慢車道)","柏油","乾燥","良好","無號誌","行車分向線","未繪設快慢車道分隔線","有",23,"未使用",121.760551,24.822869,"宜蘭縣","礁溪鄉"
"穿越道路中","2019",3,27,18,"晴","晨或暮光",60,"直路","快車道","柏油","乾燥","良好","無號誌","中央分向島","快慢車道分隔線","有",41,"未使用",120.570073,24.24027,"臺中市","沙鹿區"
"穿越道路中","2019",3,27,18,"晴","晨或暮光",60,"直路","快車道","柏油","乾燥","良好","無號誌","中央分向島","快慢車道分隔線","有",72,"非汽(機)車駕駛人",120.570073,24.24027,"臺中市","沙鹿區"
"其他","2019",3,27,19,"晴","夜間(或隧道、地下道、涵洞)有照明",40,"直路","慢車道","柏油","乾燥","良好","正常","行車分向線","快慢車道分隔線","無",48,"不明",120.297928,22.613531,"高雄市","苓雅區"
"其他","2019",3,27,19,"晴","夜間(或隧道、地下道、涵洞)有照明",40,"直路","慢車道","柏油","乾燥","良好","正常","行車分向線","快慢車道分隔線","無",48,"不明",120.297928,22.613531,"高雄市","苓雅區"
"其他","2019",3,27,19,"晴","夜間(或隧道、地下道、涵洞)有照明",40,"直路","慢車道","柏油","乾燥","良好","正常","行車分向線","快慢車道分隔線","無",48,"不明",120.297928,22.613531,"高雄市","苓雅區"
"其他","2019",3,27,19,"晴","夜間(或隧道、地下道、涵洞)有照明",40,"直路","慢車道","柏油","乾燥","良好","正常","行車分向線","快慢車道分隔線","無",39,"不明",120.297928,22.613531,"高雄市","苓雅區"
"其他","2019",3,27,19,"晴","夜間(或隧道、地下道、涵洞)有照明",40,"直路","慢車道","柏油","乾燥","良好","正常","行車分向線","快慢車道分隔線","無",31,"未使用",120.297928,22.613531,"高雄市","苓雅區"
"其他","2019",3,28,8,"晴","日間自然光線",50,"三岔路","交叉口附近","柏油","乾燥","良好","正常","中央分向島","快慢車道分隔線","有",22,"未使用",121.038,24.776927,"新竹縣","竹東鎮"
"其他","2019",3,28,8,"晴","日間自然光線",50,"三岔路","交叉口附近","柏油","乾燥","良好","正常","中央分向島","快慢車道分隔線","有",42,"未使用",121.038,24.776927,"新竹縣","竹東鎮"
"其他","2019",3,28,8,"晴","日間自然光線",50,"三岔路","交叉口附近","柏油","乾燥","良好","正常","中央分向島","快慢車道分隔線","有",45,"未使用",121.038,24.776927,"新竹縣","竹東鎮"
"其他","2019",3,28,11,"晴","日間自然光線",60,"直路","路肩、路緣","柏油","乾燥","良好","無號誌","雙向禁止超車線","未繪設快慢車道分隔線","有",62,"未使用",121.064479,22.767826,"臺東縣","臺東市"
"其他","2019",3,28,11,"晴","日間自然光線",60,"直路","路肩、路緣","柏油","乾燥","良好","無號誌","雙向禁止超車線","未繪設快慢車道分隔線","有",65,"非汽(機)車駕駛人",121.064479,22.767826,"臺東縣","臺東市"
"其他","2019",3,28,12,"晴","日間自然光線",50,"直路","路肩、路緣","柏油","乾燥","良好","無號誌","中央分向島","快慢車道分隔線","有",59,"非汽(機)車駕駛人",120.187069,23.03802,"臺南市","南區"
"其他","2019",3,28,12,"晴","日間自然光線",50,"直路","路肩、路緣","柏油","乾燥","良好","無號誌","中央分向島","快慢車道分隔線","有",35,"未使用",120.187069,23.03802,"臺南市","南區"
"其他","2019",3,28,12,"晴","日間自然光線",50,"直路","路肩、路緣","柏油","乾燥","良好","無號誌","中央分向島","快慢車道分隔線","有",22,"未使用",120.187069,23.03802,"臺南市","南區"
"其他","2019",3,28,12,"晴","日間自然光線",50,"直路","路肩、路緣","柏油","乾燥","良好","無號誌","中央分向島","快慢車道分隔線","有",58,"未使用",120.187069,23.03802,"臺南市","南區"
"其他","2019",3,28,12,"晴","日間自然光線",50,"直路","路肩、路緣","柏油","乾燥","良好","無號誌","中央分向島","快慢車道分隔線","有",59,"使用免持或未有礙駕駛安全",120.187069,23.03802,"臺南市","南區"
"其他","2019",3,28,12,"晴","日間自然光線",50,"直路","路肩、路緣","柏油","乾燥","良好","無號誌","中央分向島","快慢車道分隔線","有",51,"使用免持或未有礙駕駛安全",120.187069,23.03802,"臺南市","南區"
"其他","2019",3,28,12,"晴","日間自然光線",50,"直路","路肩、路緣","柏油","乾燥","良好","無號誌","中央分向島","快慢車道分隔線","有",43,"使用免持或未有礙駕駛安全",120.187069,23.03802,"臺南市","南區"
"撞護欄(樁)","2019",3,28,13,"晴","日間自然光線",90,"直路","快車道","柏油","乾燥","良好","無號誌","中央分向島","未繪設快慢車道分隔線","有",43,"未使用",120.861379,24.624807,"苗栗縣","造橋鄉"
"撞護欄(樁)","2019",3,28,13,"晴","日間自然光線",90,"直路","快車道","柏油","乾燥","良好","無號誌","中央分向島","未繪設快慢車道分隔線","有",29,"未使用",120.861379,24.624807,"苗栗縣","造橋鄉"
"撞護欄(樁)","2019",3,28,13,"晴","日間自然光線",90,"直路","快車道","柏油","乾燥","良好","無號誌","中央分向島","未繪設快慢車道分隔線","有",55,"未使用",120.861379,24.624807,"苗栗縣","造橋鄉"
"撞護欄(樁)","2019",3,28,13,"晴","日間自然光線",90,"直路","快車道","柏油","乾燥","良好","無號誌","中央分向島","未繪設快慢車道分隔線","有",51,"未使用",120.861379,24.624807,"苗栗縣","造橋鄉"
"追撞","2019",3,29,2,"晴","夜間(或隧道、地下道、涵洞)有照明",80,"高架道路","一般車道(未劃分快慢車道)","柏油","乾燥","良好","無號誌","中央分向島","未繪設快慢車道分隔線","有",30,"不明",120.688286,24.059133,"臺中市","霧峰區"
"追撞","2019",3,29,2,"晴","夜間(或隧道、地下道、涵洞)有照明",80,"高架道路","一般車道(未劃分快慢車道)","柏油","乾燥","良好","無號誌","中央分向島","未繪設快慢車道分隔線","有",46,"未使用",120.688286,24.059133,"臺中市","霧峰區"
"追撞","2019",3,29,2,"晴","夜間(或隧道、地下道、涵洞)有照明",80,"高架道路","一般車道(未劃分快慢車道)","柏油","乾燥","良好","無號誌","中央分向島","未繪設快慢車道分隔線","有",28,"非汽(機)車駕駛人",120.688286,24.059133,"臺中市","霧峰區"
"同向擦撞","2019",3,29,7,"晴","日間自然光線",40,"直路","一般車道(未劃分快慢車道)","柏油","乾燥","良好","無號誌","無","未繪設快慢車道分隔線","無",50,"未使用",120.235441,22.880059,"高雄市","湖內區"
"同向擦撞","2019",3,29,7,"晴","日間自然光線",40,"直路","一般車道(未劃分快慢車道)","柏油","乾燥","良好","無號誌","無","未繪設快慢車道分隔線","無",24,"未使用",120.235441,22.880059,"高雄市","湖內區"
"同向擦撞","2019",3,29,7,"晴","日間自然光線",40,"直路","一般車道(未劃分快慢車道)","柏油","乾燥","良好","無號誌","無","未繪設快慢車道分隔線","無",52,"未使用",120.235441,22.880059,"高雄市","湖內區"
"對向擦撞","2019",3,29,14,"晴","日間自然光線",40,"坡路","一般車道(未劃分快慢車道)","柏油","乾燥","不良","無號誌","雙向禁止超車線","未繪設快慢車道分隔線","有",48,"未使用",120.819479,24.591236,"苗栗縣","苗栗市"
"對向擦撞","2019",3,29,14,"晴","日間自然光線",40,"坡路","一般車道(未劃分快慢車道)","柏油","乾燥","不良","無號誌","雙向禁止超車線","未繪設快慢車道分隔線","有",43,"未使用",120.819479,24.591236,"苗栗縣","苗栗市"
"側撞","2019",3,29,15,"晴","日間自然光線",40,"三岔路","交叉路口內","柏油","乾燥","良好","無號誌","無","未繪設快慢車道分隔線","無",82,"非汽(機)車駕駛人",120.185927,23.11485,"臺南市","西港區"
"側撞","2019",3,29,15,"晴","日間自然光線",40,"三岔路","交叉路口內","柏油","乾燥","良好","無號誌","無","未繪設快慢車道分隔線","無",59,"未使用",120.185927,23.11485,"臺南市","西港區"
"側撞","2019",3,29,16,"陰","日間自然光線",50,"三岔路","交叉路口內","柏油","乾燥","良好","無號誌","無","未繪設快慢車道分隔線","無",21,"未使用",121.181153,24.999811,"桃園市","中壢區"
"側撞","2019",3,29,16,"陰","日間自然光線",50,"三岔路","交叉路口內","柏油","乾燥","良好","無號誌","無","未繪設快慢車道分隔線","無",18,"未使用",121.181153,24.999811,"桃園市","中壢區"
"側撞","2019",3,29,16,"陰","日間自然光線",50,"三岔路","交叉路口內","柏油","乾燥","良好","無號誌","無","未繪設快慢車道分隔線","無",54,"未使用",121.181153,24.999811,"桃園市","中壢區"
"側撞","2019",3,29,16,"陰","日間自然光線",50,"三岔路","交叉路口內","柏油","乾燥","良好","無號誌","無","未繪設快慢車道分隔線","無",3,"非汽(機)車駕駛人",121.181153,24.999811,"桃園市","中壢區"
"路口交岔撞","2019",3,29,19,"晴","夜間(或隧道、地下道、涵洞)有照明",50,"四岔路","交叉路口內","無鋪裝","乾燥","良好","正常","無","未繪設快慢車道分隔線","有",37,"未使用",120.676344,24.005284,"南投縣","草屯鎮"
"路口交岔撞","2019",3,29,19,"晴","夜間(或隧道、地下道、涵洞)有照明",50,"四岔路","交叉路口內","無鋪裝","乾燥","良好","正常","無","未繪設快慢車道分隔線","有",16,"非汽(機)車駕駛人",120.676344,24.005284,"南投縣","草屯鎮"
"路口交岔撞","2019",3,29,19,"晴","夜間(或隧道、地下道、涵洞)有照明",50,"四岔路","交叉路口內","無鋪裝","乾燥","良好","正常","無","未繪設快慢車道分隔線","有",40,"未使用",120.676344,24.005284,"南投縣","草屯鎮"
"同向通行中","2019",3,29,19,"陰","夜間(或隧道、地下道、涵洞)有照明",50,"直路","機車優先道","柏油","乾燥","良好","無號誌","行車分向線","快慢車道分隔線","有",37,"未使用",121.287312,24.934434,"桃園市","八德區"
"同向通行中","2019",3,29,19,"陰","夜間(或隧道、地下道、涵洞)有照明",50,"直路","機車優先道","柏油","乾燥","良好","無號誌","行車分向線","快慢車道分隔線","有",37,"未使用",121.287312,24.934434,"桃園市","八德區"
"同向通行中","2019",3,29,19,"陰","夜間(或隧道、地下道、涵洞)有照明",50,"直路","機車優先道","柏油","乾燥","良好","無號誌","行車分向線","快慢車道分隔線","有",79,"未使用",121.287312,24.934434,"桃園市","八德區"
"同向通行中","2019",3,29,19,"陰","夜間(或隧道、地下道、涵洞)有照明",50,"直路","機車優先道","柏油","乾燥","良好","無號誌","行車分向線","快慢車道分隔線","有",59,"非汽(機)車駕駛人",121.287312,24.934434,"桃園市","八德區"
"同向通行中","2019",3,29,19,"陰","夜間(或隧道、地下道、涵洞)有照明",50,"直路","機車優先道","柏油","乾燥","良好","無號誌","行車分向線","快慢車道分隔線","有",34,"非汽(機)車駕駛人",121.287312,24.934434,"桃園市","八德區"
"同向通行中","2019",3,29,19,"陰","夜間(或隧道、地下道、涵洞)有照明",50,"直路","機車優先道","柏油","乾燥","良好","無號誌","行車分向線","快慢車道分隔線","有",60,"非汽(機)車駕駛人",121.287312,24.934434,"桃園市","八德區"
"同向通行中","2019",3,29,19,"陰","夜間(或隧道、地下道、涵洞)有照明",50,"直路","機車優先道","柏油","乾燥","良好","無號誌","行車分向線","快慢車道分隔線","有",61,"非汽(機)車駕駛人",121.287312,24.934434,"桃園市","八德區"
"同向通行中","2019",3,29,19,"陰","夜間(或隧道、地下道、涵洞)有照明",50,"直路","機車優先道","柏油","乾燥","良好","無號誌","行車分向線","快慢車道分隔線","有",57,"非汽(機)車駕駛人",121.287312,24.934434,"桃園市","八德區"
"其他","2019",3,29,22,"雨","夜間(或隧道、地下道、涵洞)有照明",50,"直路","一般車道(未劃分快慢車道)","柏油","濕潤","良好","無號誌","雙向禁止超車線","未繪設快慢車道分隔線","有",21,"未使用",121.24214,24.987914,"桃園市","中壢區"
"其他","2019",3,29,22,"雨","夜間(或隧道、地下道、涵洞)有照明",50,"直路","一般車道(未劃分快慢車道)","柏油","濕潤","良好","無號誌","雙向禁止超車線","未繪設快慢車道分隔線","有",55,"未使用",121.24214,24.987914,"桃園市","中壢區"
"撞護欄(樁)","2019",3,30,0,"雨","夜間(或隧道、地下道、涵洞)有照明",60,"三岔路","路肩、路緣","柏油","濕潤","良好","正常","中央分向島","未繪設快慢車道分隔線","有",30,"未使用",120.780976,24.461724,"苗栗縣","銅鑼鄉"
"其他","2019",3,30,0,"陰","夜間(或隧道、地下道、涵洞)有照明",50,"三岔路","交叉路口內","柏油","濕潤","良好","正常","無","未繪設快慢車道分隔線","無",19,"未使用",120.470862,24.130997,"彰化縣","線西鄉"
"其他","2019",3,30,0,"陰","夜間(或隧道、地下道、涵洞)有照明",50,"三岔路","交叉路口內","柏油","濕潤","良好","正常","無","未繪設快慢車道分隔線","無",17,"不明",120.470862,24.130997,"彰化縣","線西鄉"
"穿越道路中","2019",3,30,18,"晴","夜間(或隧道、地下道、涵洞)有照明",60,"三岔路","交叉口附近","柏油","乾燥","良好","無號誌","雙向禁止超車線","未繪設快慢車道分隔線","有",81,"未使用",120.893164,22.339741,"臺東縣","大武鄉"
"穿越道路中","2019",3,30,18,"晴","夜間(或隧道、地下道、涵洞)有照明",60,"三岔路","交叉口附近","柏油","乾燥","良好","無號誌","雙向禁止超車線","未繪設快慢車道分隔線","有",69,"非汽(機)車駕駛人",120.893164,22.339741,"臺東縣","大武鄉"
"倒車撞","2019",3,30,19,"陰","夜間(或隧道、地下道、涵洞)無照明",40,"四岔路","交叉路口內","柏油","乾燥","良好","無號誌","無","未繪設快慢車道分隔線","有",56,"未使用",120.730008,24.232896,"臺中市","豐原區"
"倒車撞","2019",3,30,19,"陰","夜間(或隧道、地下道、涵洞)無照明",40,"四岔路","交叉路口內","柏油","乾燥","良好","無號誌","無","未繪設快慢車道分隔線","有",76,"未使用",120.730008,24.232896,"臺中市","豐原區"
"其他","2019",3,31,3,"晴","夜間(或隧道、地下道、涵洞)有照明",50,"三岔路","交叉口附近","柏油","乾燥","良好","無號誌","中央分向島","快慢車道分隔線","無",63,"未使用",120.659166,24.156461,"臺中市","西區"
"其他","2019",3,31,3,"晴","夜間(或隧道、地下道、涵洞)有照明",50,"三岔路","交叉口附近","柏油","乾燥","良好","無號誌","中央分向島","快慢車道分隔線","無",55,"未使用",120.659166,24.156461,"臺中市","西區"
"追撞","2019",3,31,5,"晴","晨或暮光",50,"直路","一般車道(未劃分快慢車道)","柏油","乾燥","良好","無號誌","行車分向線","未繪設快慢車道分隔線","有",80,"未使用",120.543975,24.089004,"彰化縣","彰化市"
"追撞","2019",3,31,5,"晴","晨或暮光",50,"直路","一般車道(未劃分快慢車道)","柏油","乾燥","良好","無號誌","行車分向線","未繪設快慢車道分隔線","有",71,"非汽(機)車駕駛人",120.543975,24.089004,"彰化縣","彰化市"
"追撞","2019",3,31,5,"晴","晨或暮光",50,"直路","一般車道(未劃分快慢車道)","柏油","乾燥","良好","無號誌","行車分向線","未繪設快慢車道分隔線","有",50,"未使用",120.543975,24.089004,"彰化縣","彰化市"
"同向擦撞","2019",3,31,10,"陰","日間自然光線",50,"直路","一般車道(未劃分快慢車道)","柏油","乾燥","良好","無號誌","中央分向島","未繪設快慢車道分隔線","有",34,"未使用",121.417046,25.055666,"新北市","泰山區"
"同向擦撞","2019",3,31,10,"陰","日間自然光線",50,"直路","一般車道(未劃分快慢車道)","柏油","乾燥","良好","無號誌","中央分向島","未繪設快慢車道分隔線","有",23,"未使用",121.417046,25.055666,"新北市","泰山區"
"撞交通島","2019",3,31,14,"晴","日間自然光線",50,"彎曲路及附近","一般車道(未劃分快慢車道)","柏油","乾燥","良好","無號誌","中央分向島","未繪設快慢車道分隔線","有",38,"未使用",121.258233,25.042879,"桃園市","蘆竹區"
"撞交通島","2019",3,31,14,"晴","日間自然光線",50,"彎曲路及附近","一般車道(未劃分快慢車道)","柏油","乾燥","良好","無號誌","中央分向島","未繪設快慢車道分隔線","有",26,"非汽(機)車駕駛人",121.258233,25.042879,"桃園市","蘆竹區"
"路上翻車、摔倒","2019",3,31,18,"晴","晨或暮光",40,"三岔路","交叉路口內","柏油","乾燥","良好","正常","無","未繪設快慢車道分隔線","無",38,"未使用",120.29989,23.022685,"臺南市","新化區"
"路上翻車、摔倒","2019",3,31,18,"晴","晨或暮光",40,"三岔路","交叉路口內","柏油","乾燥","良好","正常","無","未繪設快慢車道分隔線","無",28,"未使用",120.29989,23.022685,"臺南市","新化區"
"側撞","2019",3,31,21,"晴","夜間(或隧道、地下道、涵洞)有照明",50,"四岔路","交叉路口內","柏油","乾燥","良好","正常","無","未繪設快慢車道分隔線","無",62,"未使用",120.326558,22.617219,"高雄市","苓雅區"
"側撞","2019",3,31,21,"晴","夜間(或隧道、地下道、涵洞)有照明",50,"四岔路","交叉路口內","柏油","乾燥","良好","正常","無","未繪設快慢車道分隔線","無",28,"未使用",120.326558,22.617219,"高雄市","苓雅區"
"路口交岔撞","2019",4,1,5,"雨","夜間(或隧道、地下道、涵洞)有照明",50,"四岔路","交叉路口內","柏油","濕潤","良好","正常","無","未繪設快慢車道分隔線","無",45,"未使用",121.297751,25.017911,"桃園市","桃園區"
"路口交岔撞","2019",4,1,5,"雨","夜間(或隧道、地下道、涵洞)有照明",50,"四岔路","交叉路口內","柏油","濕潤","良好","正常","無","未繪設快慢車道分隔線","無",44,"未使用",121.297751,25.017911,"桃園市","桃園區"
"撞號誌、標誌桿","2019",4,1,10,"晴","日間自然光線",50,"彎曲路及附近","機車優先道","柏油","乾燥","良好","無號誌","行車分向線","未繪設快慢車道分隔線","有",42,"未使用",121.226525,24.896404,"桃園市","平鎮區"
"穿越道路中","2019",4,1,10,"晴","日間自然光線",30,"巷弄","一般車道(未劃分快慢車道)","柏油","乾燥","良好","無號誌","無","未繪設快慢車道分隔線","有",60,"非汽(機)車駕駛人",121.543627,25.062918,"臺北市","中山區"
"穿越道路中","2019",4,1,10,"晴","日間自然光線",30,"巷弄","一般車道(未劃分快慢車道)","柏油","乾燥","良好","無號誌","無","未繪設快慢車道分隔線","有",47,"未使用",121.543627,25.062918,"臺北市","中山區"
"穿越道路中","2019",4,1,18,"晴","夜間(或隧道、地下道、涵洞)無照明",50,"三岔路","一般車道(未劃分快慢車道)","柏油","乾燥","良好","無號誌","無","未繪設快慢車道分隔線","有",35,"未使用",120.813713,24.632806,"苗栗縣","後龍鎮"
"穿越道路中","2019",4,1,18,"晴","夜間(或隧道、地下道、涵洞)無照明",50,"三岔路","一般車道(未劃分快慢車道)","柏油","乾燥","良好","無號誌","無","未繪設快慢車道分隔線","有",61,"非汽(機)車駕駛人",120.813713,24.632806,"苗栗縣","後龍鎮"
"追撞","2019",4,1,19,"晴","夜間(或隧道、地下道、涵洞)有照明",70,"三岔路","交叉口附近","柏油","乾燥","良好","無號誌","無","未繪設快慢車道分隔線","無",85,"不明",120.309322,23.01368,"臺南市","新化區"
"追撞","2019",4,1,19,"晴","夜間(或隧道、地下道、涵洞)有照明",70,"三岔路","交叉口附近","柏油","乾燥","良好","無號誌","無","未繪設快慢車道分隔線","無",26,"未使用",120.309322,23.01368,"臺南市","新化區"
"追撞","2019",4,1,19,"晴","夜間(或隧道、地下道、涵洞)有照明",70,"三岔路","交叉口附近","柏油","乾燥","良好","無號誌","無","未繪設快慢車道分隔線","無",83,"非汽(機)車駕駛人",120.309322,23.01368,"臺南市","新化區"
"追撞","2019",4,1,19,"晴","夜間(或隧道、地下道、涵洞)有照明",50,"三岔路","交叉口附近","柏油","乾燥","良好","無號誌","行車分向線","未繪設快慢車道分隔線","有",66,"未使用",120.834454,22.011364,"屏東縣","滿州鄉"
"追撞","2019",4,1,19,"晴","夜間(或隧道、地下道、涵洞)有照明",50,"三岔路","交叉口附近","柏油","乾燥","良好","無號誌","行車分向線","未繪設快慢車道分隔線","有",78,"未使用",120.834454,22.011364,"屏東縣","滿州鄉"
"同向擦撞","2019",4,2,4,"陰","夜間(或隧道、地下道、涵洞)無照明",50,"直路","一般車道(未劃分快慢車道)","柏油","濕潤","良好","無號誌","中央分向島","未繪設快慢車道分隔線","有",88,"不明",120.500544,23.994274,"彰化縣","埔鹽鄉"
"同向擦撞","2019",4,2,4,"陰","夜間(或隧道、地下道、涵洞)無照明",50,"直路","一般車道(未劃分快慢車道)","柏油","濕潤","良好","無號誌","中央分向島","未繪設快慢車道分隔線","有",43,"不明",120.500544,23.994274,"彰化縣","埔鹽鄉"
"側撞","2019",4,2,10,"晴","日間自然光線",50,"四岔路","交叉路口內","柏油","乾燥","良好","正常","無","未繪設快慢車道分隔線","無",50,"未使用",121.591667,23.92709,"花蓮縣","吉安鄉"
"側撞","2019",4,2,10,"晴","日間自然光線",50,"四岔路","交叉路口內","柏油","乾燥","良好","正常","無","未繪設快慢車道分隔線","無",65,"未使用",121.591667,23.92709,"花蓮縣","吉安鄉"
"同向擦撞","2019",4,2,20,"晴","夜間(或隧道、地下道、涵洞)無照明",110,"直路","快車道","柏油","乾燥","良好","無號誌","中央分向島","未繪設快慢車道分隔線","有",25,"非汽(機)車駕駛人",120.703651,24.489706,"苗栗縣","通霄鎮"
"同向擦撞","2019",4,2,20,"晴","夜間(或隧道、地下道、涵洞)無照明",110,"直路","快車道","柏油","乾燥","良好","無號誌","中央分向島","未繪設快慢車道分隔線","有",39,"未使用",120.703651,24.489706,"苗栗縣","通霄鎮"
"同向擦撞","2019",4,2,20,"晴","夜間(或隧道、地下道、涵洞)無照明",110,"直路","快車道","柏油","乾燥","良好","無號誌","中央分向島","未繪設快慢車道分隔線","有",43,"未使用",120.703651,24.489706,"苗栗縣","通霄鎮"
"同向擦撞","2019",4,2,20,"晴","夜間(或隧道、地下道、涵洞)無照明",110,"直路","快車道","柏油","乾燥","良好","無號誌","中央分向島","未繪設快慢車道分隔線","有",22,"不明",120.703651,24.489706,"苗栗縣","通霄鎮"
"撞路樹、電桿","2019",4,3,3,"晴","夜間(或隧道、地下道、涵洞)有照明",60,"直路","路肩、路緣","柏油","乾燥","良好","無號誌","行車分向線","未繪設快慢車道分隔線","有",45,"不明",120.427218,23.36825,"臺南市","白河區"
"側撞","2019",4,3,6,"晴","日間自然光線",60,"三岔路","交叉路口內","柏油","乾燥","良好","正常","中央分向島","快慢車道分隔線","有",24,"未使用",120.258515,22.769816,"高雄市","彌陀區"
"側撞","2019",4,3,6,"晴","日間自然光線",60,"三岔路","交叉路口內","柏油","乾燥","良好","正常","中央分向島","快慢車道分隔線","有",61,"未使用",120.258515,22.769816,"高雄市","彌陀區"
"穿越道路中","2019",4,3,19,"晴","夜間(或隧道、地下道、涵洞)有照明",50,"四岔路","交叉路口內","柏油","乾燥","良好","正常","無","未繪設快慢車道分隔線","有",55,"",120.378436,23.899396,"彰化縣","二林鎮"
"穿越道路中","2019",4,3,19,"晴","夜間(或隧道、地下道、涵洞)有照明",50,"四岔路","交叉路口內","柏油","乾燥","良好","正常","無","未繪設快慢車道分隔線","有",20,"未使用",120.378436,23.899396,"彰化縣","二林鎮"
"穿越道路中","2019",4,3,19,"晴","夜間(或隧道、地下道、涵洞)有照明",50,"四岔路","交叉路口內","柏油","乾燥","良好","正常","無","未繪設快慢車道分隔線","有",38,"未使用",120.378436,23.899396,"彰化縣","二林鎮"
"穿越道路中","2019",4,3,19,"晴","夜間(或隧道、地下道、涵洞)有照明",50,"四岔路","交叉路口內","柏油","乾燥","良好","正常","無","未繪設快慢車道分隔線","有",85,"非汽(機)車駕駛人",120.378436,23.899396,"彰化縣","二林鎮"
"穿越道路中","2019",4,3,20,"晴","夜間(或隧道、地下道、涵洞)有照明",50,"直路","一般車道(未劃分快慢車道)","柏油","乾燥","良好","無號誌","雙向禁止超車線","未繪設快慢車道分隔線","有",24,"未使用",120.372059,23.903619,"彰化縣","二林鎮"
"穿越道路中","2019",4,3,20,"晴","夜間(或隧道、地下道、涵洞)有照明",50,"直路","一般車道(未劃分快慢車道)","柏油","乾燥","良好","無號誌","雙向禁止超車線","未繪設快慢車道分隔線","有",75,"非汽(機)車駕駛人",120.372059,23.903619,"彰化縣","二林鎮"
"撞護欄(樁)","2019",4,3,20,"雨","夜間(或隧道、地下道、涵洞)有照明",50,"直路","路肩、路緣","柏油","濕潤","良好","無號誌","中央分向島","寛式快慢車道分隔島(50公分以上)","有",22,"未使用",121.12512,25.036985,"桃園市","觀音區"
"對撞","2019",4,4,16,"晴","日間自然光線",40,"直路","一般車道(未劃分快慢車道)","柏油","乾燥","良好","無號誌","無","未繪設快慢車道分隔線","有",51,"未使用",120.593878,24.28907,"臺中市","清水區"
"對撞","2019",4,4,16,"晴","日間自然光線",40,"直路","一般車道(未劃分快慢車道)","柏油","乾燥","良好","無號誌","無","未繪設快慢車道分隔線","有",71,"非汽(機)車駕駛人",120.593878,24.28907,"臺中市","清水區"
"側撞","2019",4,5,5,"晴","夜間(或隧道、地下道、涵洞)無照明",50,"直路","一般車道(未劃分快慢車道)","柏油","乾燥","良好","無號誌","雙向禁止超車線","未繪設快慢車道分隔線","有",46,"不明",120.958128,24.799386,"新竹市","北區"
"側撞","2019",4,5,5,"晴","夜間(或隧道、地下道、涵洞)無照明",50,"直路","一般車道(未劃分快慢車道)","柏油","乾燥","良好","無號誌","雙向禁止超車線","未繪設快慢車道分隔線","有",78,"非汽(機)車駕駛人",120.958128,24.799386,"新竹市","北區"
"側撞","2019",4,5,5,"晴","夜間(或隧道、地下道、涵洞)無照明",50,"直路","一般車道(未劃分快慢車道)","柏油","乾燥","良好","無號誌","雙向禁止超車線","未繪設快慢車道分隔線","有",32,"非汽(機)車駕駛人",120.958128,24.799386,"新竹市","北區"
"側撞","2019",4,5,5,"晴","夜間(或隧道、地下道、涵洞)無照明",50,"直路","一般車道(未劃分快慢車道)","柏油","乾燥","良好","無號誌","雙向禁止超車線","未繪設快慢車道分隔線","有",31,"未使用",120.958128,24.799386,"新竹市","北區"
"側撞","2019",4,5,5,"晴","夜間(或隧道、地下道、涵洞)無照明",50,"直路","一般車道(未劃分快慢車道)","柏油","乾燥","良好","無號誌","雙向禁止超車線","未繪設快慢車道分隔線","有",86,"未使用",120.958128,24.799386,"新竹市","北區"