"事故類型及型態子類別名稱","發生年度","發生月份","發生日期","發生時間","天候名稱","光線名稱","速限.第1當事者","道路型態子類別名稱","事故位置子類別名稱","路面狀況.路面鋪裝名稱","路面狀況.路面狀態名稱","道路障礙.視距品質名稱","號誌.號誌動作名稱","車道劃分設施.分向設施大類別名稱","車道劃分設施.分道設施.快慢車道間名稱","車道劃分設施.分道設施.路面邊線名稱","當事者事故發生時年齡","行動電話或電腦或其他相類功能裝置名稱","經度","緯度","縣市","鄉鎮"
"側撞","2019",4,17,13,"晴","日間自然光線",60,"三岔路","交叉路口內","柏油","乾燥","良好","正常","無","未繪設快慢車道分隔線","無",76,"未使用",120.359876,23.515577,"嘉義縣","新港鄉"
"側撞","2019",4,17,13,"晴","日間自然光線",60,"三岔路","交叉路口內","柏油","乾燥","良好","正常","無","未繪設快慢車道分隔線","無",60,"未使用",120.359876,23.515577,"嘉義縣","新港鄉"
"側撞","2019",4,17,14,"晴","日間自然光線",50,"直路","一般車道(未劃分快慢車道)","柏油","乾燥","良好","正常","行車分向線","未繪設快慢車道分隔線","有",36,"不明",121.519591,25.050224,"臺北市","大同區"
"側撞","2019",4,17,14,"晴","日間自然光線",50,"直路","一般車道(未劃分快慢車道)","柏油","乾燥","良好","正常","行車分向線","未繪設快慢車道分隔線","有",75,"不明",121.519591,25.050224,"臺北市","大同區"
"側撞","2019",4,17,14,"晴","日間自然光線",50,"直路","一般車道(未劃分快慢車道)","柏油","乾燥","良好","正常","行車分向線","未繪設快慢車道分隔線","有",58,"不明",121.519591,25.050224,"臺北市","大同區"
"側撞","2019",4,17,15,"晴","日間自然光線",50,"四岔路","交叉路口內","柏油","乾燥","良好","正常","無","未繪設快慢車道分隔線","無",79,"非汽(機)車駕駛人",120.778337,24.153778,"臺中市","太平區"
"側撞","2019",4,17,15,"晴","日間自然光線",50,"四岔路","交叉路口內","柏油","乾燥","良好","正常","無","未繪設快慢車道分隔線","無",44,"未使用",120.778337,24.153778,"臺中市","太平區"
"側撞","2019",4,17,17,"晴","日間自然光線",50,"四岔路","交叉路口內","柏油","乾燥","良好","正常","行車分向線","快慢車道分隔線","有",68,"未使用",120.656455,24.190036,"臺中市","西屯區"
"側撞","2019",4,17,17,"晴","日間自然光線",50,"四岔路","交叉路口內","柏油","乾燥","良好","正常","行車分向線","快慢車道分隔線","有",37,"未使用",120.656455,24.190036,"臺中市","西屯區"
"穿越道路中","2019",4,17,18,"晴","夜間(或隧道、地下道、涵洞)有照明",40,"直路","一般車道(未劃分快慢車道)","柏油","乾燥","良好","無號誌","行車分向線","未繪設快慢車道分隔線","有",16,"未使用",121.812275,24.779988,"宜蘭縣","壯圍鄉"
"穿越道路中","2019",4,17,18,"晴","夜間(或隧道、地下道、涵洞)有照明",40,"直路","一般車道(未劃分快慢車道)","柏油","乾燥","良好","無號誌","行車分向線","未繪設快慢車道分隔線","有",71,"非汽(機)車駕駛人",121.812275,24.779988,"宜蘭縣","壯圍鄉"
"路口交岔撞","2019",4,17,18,"晴","晨或暮光",50,"四岔路","交叉路口內","柏油","乾燥","良好","無號誌","無","未繪設快慢車道分隔線","有",69,"未使用",120.264457,22.862612,"高雄市","路竹區"
"路口交岔撞","2019",4,17,18,"晴","晨或暮光",50,"四岔路","交叉路口內","柏油","乾燥","良好","無號誌","無","未繪設快慢車道分隔線","有",47,"未使用",120.264457,22.862612,"高雄市","路竹區"
"穿越道路中","2019",4,18,0,"晴","夜間(或隧道、地下道、涵洞)無照明",110,"直路","快車道","柏油","乾燥","良好","無號誌","中央分向島","未繪設快慢車道分隔線","有",56,"非汽(機)車駕駛人",120.636473,24.186283,"臺中市","西屯區"
"穿越道路中","2019",4,18,0,"晴","夜間(或隧道、地下道、涵洞)無照明",110,"直路","快車道","柏油","乾燥","良好","無號誌","中央分向島","未繪設快慢車道分隔線","有",39,"未使用",120.636473,24.186283,"臺中市","西屯區"
"穿越道路中","2019",4,18,0,"晴","夜間(或隧道、地下道、涵洞)無照明",110,"直路","快車道","柏油","乾燥","良好","無號誌","中央分向島","未繪設快慢車道分隔線","有",36,"未使用",120.636473,24.186283,"臺中市","西屯區"
"同向擦撞","2019",4,18,5,"晴","晨或暮光",40,"直路","一般車道(未劃分快慢車道)","柏油","乾燥","良好","無號誌","行車分向線","未繪設快慢車道分隔線","有",66,"未使用",120.664794,23.678876,"南投縣","竹山鎮"
"同向擦撞","2019",4,18,5,"晴","晨或暮光",40,"直路","一般車道(未劃分快慢車道)","柏油","乾燥","良好","無號誌","行車分向線","未繪設快慢車道分隔線","有",29,"未使用",120.664794,23.678876,"南投縣","竹山鎮"
"其他","2019",4,18,8,"晴","日間自然光線",50,"直路","路肩、路緣","柏油","乾燥","良好","無號誌","中央分向島","未繪設快慢車道分隔線","有",55,"不明",120.232598,22.950872,"臺南市","仁德區"
"路口交岔撞","2019",4,18,11,"晴","日間自然光線",50,"四岔路","交叉路口內","柏油","乾燥","良好","正常","無","未繪設快慢車道分隔線","無",34,"不明",120.245532,23.44286,"嘉義縣","朴子市"
"路口交岔撞","2019",4,18,11,"晴","日間自然光線",50,"四岔路","交叉路口內","柏油","乾燥","良好","正常","無","未繪設快慢車道分隔線","無",45,"不明",120.245532,23.44286,"嘉義縣","朴子市"
"撞路樹、電桿","2019",4,18,19,"晴","夜間(或隧道、地下道、涵洞)有照明",40,"直路","一般車道(未劃分快慢車道)","柏油","乾燥","良好","無號誌","無","未繪設快慢車道分隔線","無",68,"非汽(機)車駕駛人",121.058438,24.914417,"新竹縣","湖口鄉"
"同向擦撞","2019",4,19,8,"晴","日間自然光線",60,"直路","慢車道","柏油","乾燥","良好","無號誌","中央分向島","快慢車道分隔線","有",23,"未使用",120.355316,22.681871,"高雄市","仁武區"
"同向擦撞","2019",4,19,8,"晴","日間自然光線",60,"直路","慢車道","柏油","乾燥","良好","無號誌","中央分向島","快慢車道分隔線","有",56,"未使用",120.355316,22.681871,"高雄市","仁武區"
"其他","2019",4,19,9,"陰","日間自然光線",40,"直路","一般車道(未劃分快慢車道)","柏油","乾燥","良好","無號誌","無","未繪設快慢車道分隔線","無",84,"未使用",120.623309,24.361534,"臺中市","大甲區"
"其他","2019",4,19,9,"陰","日間自然光線",40,"直路","一般車道(未劃分快慢車道)","柏油","乾燥","良好","無號誌","無","未繪設快慢車道分隔線","無",43,"未使用",120.623309,24.361534,"臺中市","大甲區"
"穿越道路中","2019",4,19,9,"陰","日間自然光線",40,"直路","一般車道(未劃分快慢車道)","柏油","乾燥","良好","無號誌","無","未繪設快慢車道分隔線","有",53,"未使用",121.470823,25.046991,"新北市","三重區"
"穿越道路中","2019",4,19,9,"陰","日間自然光線",40,"直路","一般車道(未劃分快慢車道)","柏油","乾燥","良好","無號誌","無","未繪設快慢車道分隔線","有",34,"未使用",121.470823,25.046991,"新北市","三重區"
"其他","2019",4,19,12,"陰","日間自然光線",70,"三岔路","交叉路口內","柏油","乾燥","良好","正常","中央分向島","快慢車道分隔線","有",1,"非汽(機)車駕駛人",120.311544,23.094528,"臺南市","新市區"
"其他","2019",4,19,12,"陰","日間自然光線",70,"三岔路","交叉路口內","柏油","乾燥","良好","正常","中央分向島","快慢車道分隔線","有",25,"未使用",120.311544,23.094528,"臺南市","新市區"
"其他","2019",4,19,12,"陰","日間自然光線",70,"三岔路","交叉路口內","柏油","乾燥","良好","正常","中央分向島","快慢車道分隔線","有",19,"未使用",120.311544,23.094528,"臺南市","新市區"
"其他","2019",4,19,12,"陰","日間自然光線",70,"三岔路","交叉路口內","柏油","乾燥","良好","正常","中央分向島","快慢車道分隔線","有",19,"未使用",120.311544,23.094528,"臺南市","新市區"
"其他","2019",4,19,12,"陰","日間自然光線",70,"三岔路","交叉路口內","柏油","乾燥","良好","正常","中央分向島","快慢車道分隔線","有",32,"未使用",120.311544,23.094528,"臺南市","新市區"
"對撞","2019",4,19,16,"陰","日間自然光線",50,"直路","直線匝道","柏油","乾燥","良好","無號誌","雙向禁止超車線","未繪設快慢車道分隔線","有",19,"不明",121.681838,25.085951,"基隆市","暖暖區"
"對撞","2019",4,19,16,"陰","日間自然光線",50,"直路","直線匝道","柏油","乾燥","良好","無號誌","雙向禁止超車線","未繪設快慢車道分隔線","有",49,"未使用",121.681838,25.085951,"基隆市","暖暖區"
"對撞","2019",4,19,21,"陰","夜間(或隧道、地下道、涵洞)有照明",50,"直路","快車道","柏油","乾燥","良好","無號誌","雙向禁止超車線","快慢車道分隔線","有",71,"未使用",121.788281,25.143497,"基隆市","中正區"
"對撞","2019",4,19,21,"陰","夜間(或隧道、地下道、涵洞)有照明",50,"直路","快車道","柏油","乾燥","良好","無號誌","雙向禁止超車線","快慢車道分隔線","有",52,"未使用",121.788281,25.143497,"基隆市","中正區"
"穿越道路中","2019",4,20,0,"晴","夜間(或隧道、地下道、涵洞)有照明",50,"直路","快車道","柏油","濕潤","良好","正常","雙向禁止超車線","快慢車道分隔線","無",42,"未使用",120.332658,22.613154,"高雄市","鳳山區"
"穿越道路中","2019",4,20,0,"晴","夜間(或隧道、地下道、涵洞)有照明",50,"直路","快車道","柏油","濕潤","良好","正常","雙向禁止超車線","快慢車道分隔線","無",40,"未使用",120.332658,22.613154,"高雄市","鳳山區"
"穿越道路中","2019",4,20,0,"晴","夜間(或隧道、地下道、涵洞)有照明",50,"直路","快車道","柏油","濕潤","良好","正常","雙向禁止超車線","快慢車道分隔線","無",38,"未使用",120.332658,22.613154,"高雄市","鳳山區"
"穿越道路中","2019",4,20,0,"晴","夜間(或隧道、地下道、涵洞)有照明",50,"直路","快車道","柏油","濕潤","良好","正常","雙向禁止超車線","快慢車道分隔線","無",20,"未使用",120.332658,22.613154,"高雄市","鳳山區"
"穿越道路中","2019",4,20,0,"晴","夜間(或隧道、地下道、涵洞)有照明",50,"直路","快車道","柏油","濕潤","良好","正常","雙向禁止超車線","快慢車道分隔線","無",30,"未使用",120.332658,22.613154,"高雄市","鳳山區"
"穿越道路中","2019",4,20,0,"晴","夜間(或隧道、地下道、涵洞)有照明",50,"直路","快車道","柏油","濕潤","良好","正常","雙向禁止超車線","快慢車道分隔線","無",72,"非汽(機)車駕駛人",120.332658,22.613154,"高雄市","鳳山區"
"正越過平交道中","2019",4,20,8,"晴","日間自然光線",15,"有遮斷器","其他","其他鋪裝","乾燥","良好","正常","無","未繪設快慢車道分隔線","無",49,"未使用",120.262811,22.849404,"高雄市","路竹區"
"正越過平交道中","2019",4,20,8,"晴","日間自然光線",15,"有遮斷器","其他","其他鋪裝","乾燥","良好","正常","無","未繪設快慢車道分隔線","無",48,"非汽(機)車駕駛人",120.262811,22.849404,"高雄市","路竹區"
"路上翻車、摔倒","2019",4,20,10,"雨","日間自然光線",40,"彎曲路及附近","一般車道(未劃分快慢車道)","柏油","濕潤","良好","無號誌","無","未繪設快慢車道分隔線","有",56,"未使用",120.759104,24.079231,"臺中市","太平區"
"同向擦撞","2019",4,20,18,"晴","日間自然光線",50,"三岔路","交叉路口內","柏油","乾燥","良好","正常","無","未繪設快慢車道分隔線","無",53,"未使用",120.286255,23.308635,"臺南市","新營區"
"同向擦撞","2019",4,20,18,"晴","日間自然光線",50,"三岔路","交叉路口內","柏油","乾燥","良好","正常","無","未繪設快慢車道分隔線","無",51,"未使用",120.286255,23.308635,"臺南市","新營區"
"穿越道路中","2019",4,20,20,"雨","夜間(或隧道、地下道、涵洞)有照明",50,"直路","一般車道(未劃分快慢車道)","柏油","濕潤","良好","無號誌","雙向禁止超車線","未繪設快慢車道分隔線","有",35,"未使用",120.54201,24.006772,"彰化縣","大村鄉"
"穿越道路中","2019",4,20,20,"雨","夜間(或隧道、地下道、涵洞)有照明",50,"直路","一般車道(未劃分快慢車道)","柏油","濕潤","良好","無號誌","雙向禁止超車線","未繪設快慢車道分隔線","有",80,"非汽(機)車駕駛人",120.54201,24.006772,"彰化縣","大村鄉"
"穿越道路中","2019",4,20,20,"雨","夜間(或隧道、地下道、涵洞)有照明",50,"直路","一般車道(未劃分快慢車道)","柏油","濕潤","良好","無號誌","雙向禁止超車線","未繪設快慢車道分隔線","有",20,"未使用",120.54201,24.006772,"彰化縣","大村鄉"
"撞護欄(樁)","2019",4,21,4,"雨","夜間(或隧道、地下道、涵洞)有照明",40,"高架道路","環道匝道","柏油","濕潤","良好","無號誌","無","未繪設快慢車道分隔線","無",27,"不明",120.618659,24.12001,"臺中市","南屯區"
"撞路樹、電桿","2019",4,21,4,"雨","夜間(或隧道、地下道、涵洞)有照明",50,"四岔路","交叉口附近","柏油","濕潤","良好","無號誌","無","未繪設快慢車道分隔線","無",26,"未使用",120.377892,23.804192,"雲林縣","二崙鄉"
"追撞","2019",4,21,13,"晴","日間自然光線",50,"四岔路","交叉口附近","柏油","乾燥","良好","正常","中央分向島","快慢車道分隔線","無",18,"未使用",120.30152,22.62716,"高雄市","三民區"
"追撞","2019",4,21,13,"晴","日間自然光線",50,"四岔路","交叉口附近","柏油","乾燥","良好","正常","中央分向島","快慢車道分隔線","無",42,"未使用",120.30152,22.62716,"高雄市","三民區"
"追撞","2019",4,21,13,"晴","日間自然光線",50,"四岔路","交叉口附近","柏油","乾燥","良好","正常","中央分向島","快慢車道分隔線","無",46,"未使用",120.30152,22.62716,"高雄市","三民區"
"其他","2019",4,21,20,"陰","夜間(或隧道、地下道、涵洞)無照明",70,"直路","機車優先道","柏油","濕潤","良好","無號誌","中央分向島","快慢車道分隔線","有",43,"未使用",120.840083,24.567164,"苗栗縣","苗栗市"
"其他","2019",4,21,20,"陰","夜間(或隧道、地下道、涵洞)無照明",70,"直路","機車優先道","柏油","濕潤","良好","無號誌","中央分向島","快慢車道分隔線","有",41,"不明",120.840083,24.567164,"苗栗縣","苗栗市"
"其他","2019",4,22,5,"陰","晨或暮光",50,"四岔路","交叉路口內","柏油","乾燥","良好","正常","中央分向島","未繪設快慢車道分隔線","無",22,"不明",121.527504,25.052205,"臺北市","中山區"
"其他","2019",4,22,5,"陰","晨或暮光",50,"四岔路","交叉路口內","柏油","乾燥","良好","正常","中央分向島","未繪設快慢車道分隔線","無",49,"不明",121.527504,25.052205,"臺北市","中山區"
"路口交岔撞","2019",4,22,9,"晴","日間自然光線",40,"四岔路","交叉路口內","柏油","乾燥","良好","正常","行車分向線","未繪設快慢車道分隔線","有",72,"不明",120.531791,23.909087,"彰化縣","田尾鄉"
"路口交岔撞","2019",4,22,9,"晴","日間自然光線",40,"四岔路","交叉路口內","柏油","乾燥","良好","正常","行車分向線","未繪設快慢車道分隔線","有",51,"不明",120.531791,23.909087,"彰化縣","田尾鄉"
"追撞","2019",4,22,9,"晴","日間自然光線",110,"直路","加速車道","柏油","乾燥","良好","無號誌","中央分向島","未繪設快慢車道分隔線","有",18,"未使用",120.877198,24.705551,"苗栗縣","竹南鎮"
"追撞","2019",4,22,9,"晴","日間自然光線",110,"直路","加速車道","柏油","乾燥","良好","無號誌","中央分向島","未繪設快慢車道分隔線","有",45,"未使用",120.877198,24.705551,"苗栗縣","竹南鎮"
"撞路樹、電桿","2019",4,22,12,"晴","日間自然光線",40,"直路","其他","柏油","乾燥","良好","無號誌","無","未繪設快慢車道分隔線","有",108,"",120.293548,22.780654,"高雄市","岡山區"
"撞路樹、電桿","2019",4,22,12,"晴","日間自然光線",40,"直路","其他","柏油","乾燥","良好","無號誌","無","未繪設快慢車道分隔線","有",67,"未使用",120.293548,22.780654,"高雄市","岡山區"
"撞護欄(樁)","2019",4,22,13,"晴","日間自然光線",50,"直路","路肩、路緣","柏油","乾燥","良好","無號誌","雙向禁止超車線","未繪設快慢車道分隔線","有",61,"不明",120.198863,23.481032,"嘉義縣","東石鄉"
"撞護欄(樁)","2019",4,22,22,"晴","夜間(或隧道、地下道、涵洞)有照明",100,"直路","快車道","柏油","乾燥","良好","無號誌","中央分向島","未繪設快慢車道分隔線","有",20,"不明",120.787798,24.461485,"苗栗縣","銅鑼鄉"
"撞護欄(樁)","2019",4,22,22,"晴","夜間(或隧道、地下道、涵洞)有照明",100,"直路","快車道","柏油","乾燥","良好","無號誌","中央分向島","未繪設快慢車道分隔線","有",20,"不明",120.787798,24.461485,"苗栗縣","銅鑼鄉"
"撞號誌、標誌桿","2019",4,23,10,"晴","日間自然光線",60,"直路","路肩、路緣","柏油","乾燥","良好","無號誌","雙向禁止超車線","未繪設快慢車道分隔線","有",62,"不明",120.312738,23.041264,"臺南市","新化區"
"撞號誌、標誌桿","2019",4,23,10,"晴","日間自然光線",60,"直路","路肩、路緣","柏油","乾燥","良好","無號誌","雙向禁止超車線","未繪設快慢車道分隔線","有",42,"未使用",120.312738,23.041264,"臺南市","新化區"
"追撞","2019",4,23,10,"晴","日間自然光線",50,"橋樑","機車專用道","柏油","乾燥","良好","無號誌","單向禁止超車線","快慢車道分隔線","有",33,"不明",121.482941,25.050892,"新北市","三重區"
"追撞","2019",4,23,10,"晴","日間自然光線",50,"橋樑","機車專用道","柏油","乾燥","良好","無號誌","單向禁止超車線","快慢車道分隔線","有",66,"不明",121.482941,25.050892,"新北市","三重區"
"路口交岔撞","2019",4,23,15,"晴","日間自然光線",50,"四岔路","交叉路口內","柏油","乾燥","良好","無號誌","無","未繪設快慢車道分隔線","有",39,"未使用",120.276956,22.742717,"高雄市","橋頭區"
"路口交岔撞","2019",4,23,15,"晴","日間自然光線",50,"四岔路","交叉路口內","柏油","乾燥","良好","無號誌","無","未繪設快慢車道分隔線","有",41,"未使用",120.276956,22.742717,"高雄市","橋頭區"
"撞護欄(樁)","2019",4,23,20,"晴","夜間(或隧道、地下道、涵洞)有照明",40,"直路","一般車道(未劃分快慢車道)","柏油","乾燥","良好","無號誌","雙向禁止超車線","未繪設快慢車道分隔線","有",56,"未使用",121.34191,25.065509,"桃園市","蘆竹區"
"撞護欄(樁)","2019",4,23,20,"晴","夜間(或隧道、地下道、涵洞)有照明",40,"直路","一般車道(未劃分快慢車道)","柏油","乾燥","良好","無號誌","雙向禁止超車線","未繪設快慢車道分隔線","有",52,"未使用",121.34191,25.065509,"桃園市","蘆竹區"
"追撞","2019",4,24,4,"晴","夜間(或隧道、地下道、涵洞)有照明",50,"直路","一般車道(未劃分快慢車道)","柏油","乾燥","良好","無號誌","行車分向線","未繪設快慢車道分隔線","有",52,"不明",121.222946,24.864203,"桃園市","龍潭區"
"追撞","2019",4,24,4,"晴","夜間(或隧道、地下道、涵洞)有照明",50,"直路","一般車道(未劃分快慢車道)","柏油","乾燥","良好","無號誌","行車分向線","未繪設快慢車道分隔線","有",24,"不明",121.222946,24.864203,"桃園市","龍潭區"
"衝出路外","2019",4,24,5,"晴","日間自然光線",40,"四岔路","交叉口附近","柏油","乾燥","良好","無號誌","無","未繪設快慢車道分隔線","無",63,"不明",120.392717,23.694517,"雲林縣","土庫鎮"
"路口交岔撞","2019",4,24,6,"晴","日間自然光線",50,"四岔路","交叉路口內","柏油","乾燥","良好","正常","無","未繪設快慢車道分隔線","無",56,"不明",120.537466,23.495106,"嘉義縣","竹崎鄉"
"路口交岔撞","2019",4,24,6,"晴","日間自然光線",50,"四岔路","交叉路口內","柏油","乾燥","良好","正常","無","未繪設快慢車道分隔線","無",44,"不明",120.537466,23.495106,"嘉義縣","竹崎鄉"
"其他","2019",4,24,6,"晴","日間自然光線",40,"直路","一般車道(未劃分快慢車道)","柏油","乾燥","良好","無號誌","無","未繪設快慢車道分隔線","無",108,"",120.364994,22.665564,"高雄市","鳥松區"
"其他","2019",4,24,6,"晴","日間自然光線",40,"直路","一般車道(未劃分快慢車道)","柏油","乾燥","良好","無號誌","無","未繪設快慢車道分隔線","無",55,"未使用",120.364994,22.665564,"高雄市","鳥松區"
"其他","2019",4,24,6,"晴","日間自然光線",40,"直路","一般車道(未劃分快慢車道)","柏油","乾燥","良好","無號誌","無","未繪設快慢車道分隔線","無",67,"未使用",120.364994,22.665564,"高雄市","鳥松區"
"穿越道路中","2019",4,24,7,"晴","日間自然光線",50,"直路","一般車道(未劃分快慢車道)","柏油","乾燥","良好","無號誌","中央分向島","未繪設快慢車道分隔線","有",53,"未使用",121.315921,24.945615,"桃園市","八德區"
"穿越道路中","2019",4,24,7,"晴","日間自然光線",50,"直路","一般車道(未劃分快慢車道)","柏油","乾燥","良好","無號誌","中央分向島","未繪設快慢車道分隔線","有",69,"未使用",121.315921,24.945615,"桃園市","八德區"
"同向擦撞","2019",4,24,7,"晴","日間自然光線",50,"四岔路","交叉路口內","柏油","乾燥","良好","正常","無","未繪設快慢車道分隔線","有",28,"未使用",121.524437,25.035248,"臺北市","大安區"
"同向擦撞","2019",4,24,7,"晴","日間自然光線",50,"四岔路","交叉路口內","柏油","乾燥","良好","正常","無","未繪設快慢車道分隔線","有",50,"未使用",121.524437,25.035248,"臺北市","大安區"
"同向擦撞","2019",4,24,7,"晴","日間自然光線",50,"四岔路","交叉路口內","柏油","乾燥","良好","正常","無","未繪設快慢車道分隔線","有",28,"非汽(機)車駕駛人",121.524437,25.035248,"臺北市","大安區"
"追撞","2019",4,24,8,"晴","日間自然光線",50,"直路","一般車道(未劃分快慢車道)","柏油","乾燥","良好","無號誌","中央分向島","未繪設快慢車道分隔線","有",37,"未使用",121.46356,25.091622,"新北市","蘆洲區"
"追撞","2019",4,24,8,"晴","日間自然光線",50,"直路","一般車道(未劃分快慢車道)","柏油","乾燥","良好","無號誌","中央分向島","未繪設快慢車道分隔線","有",59,"未使用",121.46356,25.091622,"新北市","蘆洲區"
"側撞","2019",4,25,10,"晴","日間自然光線",50,"三岔路","交叉路口內","柏油","乾燥","良好","正常","無","未繪設快慢車道分隔線","無",74,"未使用",121.260268,25.072537,"桃園市","大園區"
"側撞","2019",4,25,10,"晴","日間自然光線",50,"三岔路","交叉路口內","柏油","乾燥","良好","正常","無","未繪設快慢車道分隔線","無",39,"未使用",121.260268,25.072537,"桃園市","大園區"
"同向擦撞","2019",4,25,17,"晴","日間自然光線",40,"直路","機車專用道","柏油","乾燥","良好","無號誌","中央分向島","寛式快慢車道分隔島(50公分以上)","有",18,"未使用",120.610751,24.202807,"臺中市","西屯區"
"同向擦撞","2019",4,25,17,"晴","日間自然光線",40,"直路","機車專用道","柏油","乾燥","良好","無號誌","中央分向島","寛式快慢車道分隔島(50公分以上)","有",55,"未使用",120.610751,24.202807,"臺中市","西屯區"
"同向擦撞","2019",4,25,17,"晴","日間自然光線",40,"直路","機車專用道","柏油","乾燥","良好","無號誌","中央分向島","寛式快慢車道分隔島(50公分以上)","有",17,"未使用",120.610751,24.202807,"臺中市","西屯區"
"側撞","2019",4,25,17,"晴","日間自然光線",70,"四岔路","交叉路口內","柏油","乾燥","良好","無號誌","無","未繪設快慢車道分隔線","無",54,"未使用",121.210695,25.079702,"桃園市","大園區"
"側撞","2019",4,25,17,"晴","日間自然光線",70,"四岔路","交叉路口內","柏油","乾燥","良好","無號誌","無","未繪設快慢車道分隔線","無",41,"未使用",121.210695,25.079702,"桃園市","大園區"
"對撞","2019",4,25,19,"晴","夜間(或隧道、地下道、涵洞)無照明",40,"彎曲路及附近","一般車道(未劃分快慢車道)","柏油","乾燥","良好","無號誌","無","未繪設快慢車道分隔線","有",69,"不明",120.586576,23.686065,"雲林縣","古坑鄉"
"對撞","2019",4,25,19,"晴","夜間(或隧道、地下道、涵洞)無照明",40,"彎曲路及附近","一般車道(未劃分快慢車道)","柏油","乾燥","良好","無號誌","無","未繪設快慢車道分隔線","有",20,"未使用",120.586576,23.686065,"雲林縣","古坑鄉"
"路上翻車、摔倒","2019",4,25,22,"晴","夜間(或隧道、地下道、涵洞)有照明",60,"彎曲路及附近","快車道","柏油","乾燥","良好","無號誌","行車分向線","未繪設快慢車道分隔線","有",25,"未使用",120.484851,23.047972,"臺南市","南化區"
"撞路樹、電桿","2019",4,26,7,"晴","日間自然光線",50,"直路","一般車道(未劃分快慢車道)","柏油","乾燥","良好","無號誌","雙向禁止超車線","未繪設快慢車道分隔線","有",43,"不明",120.924716,24.720241,"新竹市","香山區"
"穿越道路中","2019",4,26,10,"晴","日間自然光線",50,"直路","一般車道(未劃分快慢車道)","柏油","乾燥","良好","無號誌","無","未繪設快慢車道分隔線","無",84,"非汽(機)車駕駛人",121.816676,24.700773,"宜蘭縣","五結鄉"
"穿越道路中","2019",4,26,10,"晴","日間自然光線",50,"直路","一般車道(未劃分快慢車道)","柏油","乾燥","良好","無號誌","無","未繪設快慢車道分隔線","無",25,"未使用",121.816676,24.700773,"宜蘭縣","五結鄉"
"對向通行中","2019",4,26,11,"晴","日間自然光線",40,"直路","一般車道(未劃分快慢車道)","柏油","乾燥","良好","無號誌","無","未繪設快慢車道分隔線","有",56,"未使用",121.556914,25.018145,"臺北市","大安區"
"對向通行中","2019",4,26,11,"晴","日間自然光線",40,"直路","一般車道(未劃分快慢車道)","柏油","乾燥","良好","無號誌","無","未繪設快慢車道分隔線","有",75,"非汽(機)車駕駛人",121.556914,25.018145,"臺北市","大安區"
"側撞","2019",4,26,13,"晴","日間自然光線",40,"直路","其他","柏油","乾燥","良好","無號誌","中央分向島","快慢車道分隔線","有",63,"未使用",120.485616,22.636325,"屏東縣","屏東市"
"側撞","2019",4,26,13,"晴","日間自然光線",40,"直路","其他","柏油","乾燥","良好","無號誌","中央分向島","快慢車道分隔線","有",67,"不明",120.485616,22.636325,"屏東縣","屏東市"
"衝出路外","2019",4,26,17,"晴","日間自然光線",60,"彎曲路及附近","慢車道","柏油","乾燥","良好","無號誌","中央分向島","快慢車道分隔線","有",58,"不明",120.784055,21.9454,"屏東縣","恆春鎮"
"穿越道路中","2019",4,26,21,"晴","夜間(或隧道、地下道、涵洞)有照明",50,"直路","慢車道","柏油","乾燥","良好","無號誌","雙向禁止超車線","未繪設快慢車道分隔線","有",15,"未使用",120.329944,22.953662,"臺南市","關廟區"
"穿越道路中","2019",4,26,21,"晴","夜間(或隧道、地下道、涵洞)有照明",50,"直路","慢車道","柏油","乾燥","良好","無號誌","雙向禁止超車線","未繪設快慢車道分隔線","有",15,"非汽(機)車駕駛人",120.329944,22.953662,"臺南市","關廟區"
"穿越道路中","2019",4,26,21,"晴","夜間(或隧道、地下道、涵洞)有照明",50,"直路","慢車道","柏油","乾燥","良好","無號誌","雙向禁止超車線","未繪設快慢車道分隔線","有",69,"非汽(機)車駕駛人",120.329944,22.953662,"臺南市","關廟區"
"路口交岔撞","2019",4,27,8,"晴","日間自然光線",40,"四岔路","交叉路口內","柏油","乾燥","良好","無號誌","無","未繪設快慢車道分隔線","無",69,"未使用",121.090673,22.717442,"臺東縣","臺東市"
"路口交岔撞","2019",4,27,8,"晴","日間自然光線",40,"四岔路","交叉路口內","柏油","乾燥","良好","無號誌","無","未繪設快慢車道分隔線","無",58,"未使用",121.090673,22.717442,"臺東縣","臺東市"
"路口交岔撞","2019",4,27,12,"晴","日間自然光線",50,"四岔路","交叉路口內","柏油","乾燥","良好","正常","雙向禁止超車線","未繪設快慢車道分隔線","有",16,"未使用",120.53253,22.777359,"屏東縣","里港鄉"
"路口交岔撞","2019",4,27,12,"晴","日間自然光線",50,"四岔路","交叉路口內","柏油","乾燥","良好","正常","雙向禁止超車線","未繪設快慢車道分隔線","有",34,"未使用",120.53253,22.777359,"屏東縣","里港鄉"