"事故類型及型態子類別名稱","發生年度","發生月份","發生日期","發生時間","天候名稱","光線名稱","速限.第1當事者","道路型態子類別名稱","事故位置子類別名稱","路面狀況.路面鋪裝名稱","路面狀況.路面狀態名稱","道路障礙.視距品質名稱","號誌.號誌動作名稱","車道劃分設施.分向設施大類別名稱","車道劃分設施.分道設施.快慢車道間名稱","車道劃分設施.分道設施.路面邊線名稱","當事者事故發生時年齡","行動電話或電腦或其他相類功能裝置名稱","經度","緯度","縣市","鄉鎮"
"路口交岔撞","2019",4,27,12,"晴","日間自然光線",50,"四岔路","交叉路口內","柏油","乾燥","良好","正常","雙向禁止超車線","未繪設快慢車道分隔線","有",39,"非汽(機)車駕駛人",120.53253,22.777359,"屏東縣","里港鄉"
"其他","2019",4,27,20,"晴","夜間(或隧道、地下道、涵洞)有照明",50,"直路","一般車道(未劃分快慢車道)","柏油","乾燥","良好","無號誌","行車分向線","未繪設快慢車道分隔線","有",44,"不明",120.40048,22.532525,"高雄市","林園區"
"其他","2019",4,27,20,"晴","夜間(或隧道、地下道、涵洞)有照明",50,"直路","一般車道(未劃分快慢車道)","柏油","乾燥","良好","無號誌","行車分向線","未繪設快慢車道分隔線","有",22,"未使用",120.40048,22.532525,"高雄市","林園區"
"撞路樹、電桿","2019",4,28,0,"雨","夜間(或隧道、地下道、涵洞)有照明",50,"四岔路","路肩、路緣","柏油","濕潤","良好","無號誌","中央分向島","未繪設快慢車道分隔線","有",20,"未使用",121.565937,23.962872,"花蓮縣","吉安鄉"
"撞路樹、電桿","2019",4,28,0,"雨","夜間(或隧道、地下道、涵洞)有照明",50,"四岔路","路肩、路緣","柏油","濕潤","良好","無號誌","中央分向島","未繪設快慢車道分隔線","有",25,"未使用",121.565937,23.962872,"花蓮縣","吉安鄉"
"路上翻車、摔倒","2019",4,28,1,"晴","夜間(或隧道、地下道、涵洞)有照明",50,"直路","機車優先道","柏油","乾燥","良好","無號誌","雙向禁止超車線","未繪設快慢車道分隔線","有",40,"未使用",121.5,25.066667,"新北市","三重區"
"同向通行中","2019",4,28,13,"晴","日間自然光線",40,"直路","一般車道(未劃分快慢車道)","柏油","乾燥","良好","無號誌","無","未繪設快慢車道分隔線","無",46,"未使用",120.1935,22.86681,"高雄市","茄萣區"
"同向通行中","2019",4,28,13,"晴","日間自然光線",40,"直路","一般車道(未劃分快慢車道)","柏油","乾燥","良好","無號誌","無","未繪設快慢車道分隔線","無",42,"不明",120.1935,22.86681,"高雄市","茄萣區"
"同向通行中","2019",4,28,13,"晴","日間自然光線",40,"直路","一般車道(未劃分快慢車道)","柏油","乾燥","良好","無號誌","無","未繪設快慢車道分隔線","無",67,"非汽(機)車駕駛人",120.1935,22.86681,"高雄市","茄萣區"
"同向通行中","2019",4,28,13,"晴","日間自然光線",40,"直路","一般車道(未劃分快慢車道)","柏油","乾燥","良好","無號誌","無","未繪設快慢車道分隔線","無",68,"非汽(機)車駕駛人",120.1935,22.86681,"高雄市","茄萣區"
"同向通行中","2019",4,28,13,"晴","日間自然光線",40,"直路","一般車道(未劃分快慢車道)","柏油","乾燥","良好","無號誌","無","未繪設快慢車道分隔線","無",66,"未使用",120.1935,22.86681,"高雄市","茄萣區"
"側撞","2019",4,28,16,"晴","日間自然光線",70,"四岔路","交叉路口內","柏油","乾燥","良好","正常","中央分向島","快慢車道分隔線","有",81,"不明",120.570843,22.43411,"屏東縣","枋寮鄉"
"側撞","2019",4,28,16,"晴","日間自然光線",70,"四岔路","交叉路口內","柏油","乾燥","良好","正常","中央分向島","快慢車道分隔線","有",61,"未使用",120.570843,22.43411,"屏東縣","枋寮鄉"
"側撞","2019",4,28,16,"晴","日間自然光線",70,"四岔路","交叉路口內","柏油","乾燥","良好","正常","中央分向島","快慢車道分隔線","有",62,"非汽(機)車駕駛人",120.570843,22.43411,"屏東縣","枋寮鄉"
"側撞","2019",4,28,16,"晴","日間自然光線",70,"四岔路","交叉路口內","柏油","乾燥","良好","正常","中央分向島","快慢車道分隔線","有",52,"非汽(機)車駕駛人",120.570843,22.43411,"屏東縣","枋寮鄉"
"側撞","2019",4,28,16,"晴","日間自然光線",70,"四岔路","交叉路口內","柏油","乾燥","良好","正常","中央分向島","快慢車道分隔線","有",44,"非汽(機)車駕駛人",120.570843,22.43411,"屏東縣","枋寮鄉"
"側撞","2019",4,28,16,"晴","日間自然光線",70,"四岔路","交叉路口內","柏油","乾燥","良好","正常","中央分向島","快慢車道分隔線","有",48,"非汽(機)車駕駛人",120.570843,22.43411,"屏東縣","枋寮鄉"
"追撞","2019",4,28,20,"晴","夜間(或隧道、地下道、涵洞)有照明",60,"直路","快車道","柏油","乾燥","良好","無號誌","中央分向島","快慢車道分隔線","有",46,"未使用",120.253545,23.125742,"臺南市","安定區"
"追撞","2019",4,28,20,"晴","夜間(或隧道、地下道、涵洞)有照明",60,"直路","快車道","柏油","乾燥","良好","無號誌","中央分向島","快慢車道分隔線","有",31,"未使用",120.253545,23.125742,"臺南市","安定區"
"側撞","2019",4,28,21,"陰","夜間(或隧道、地下道、涵洞)有照明",50,"三岔路","交叉路口內","柏油","乾燥","良好","正常","雙向禁止超車線","未繪設快慢車道分隔線","無",21,"不明",121.471877,25.082186,"新北市","蘆洲區"
"側撞","2019",4,28,21,"陰","夜間(或隧道、地下道、涵洞)有照明",50,"三岔路","交叉路口內","柏油","乾燥","良好","正常","雙向禁止超車線","未繪設快慢車道分隔線","無",58,"不明",121.471877,25.082186,"新北市","蘆洲區"
"側撞","2019",4,28,21,"陰","夜間(或隧道、地下道、涵洞)有照明",50,"三岔路","交叉路口內","柏油","乾燥","良好","正常","雙向禁止超車線","未繪設快慢車道分隔線","無",55,"不明",121.471877,25.082186,"新北市","蘆洲區"
"其他","2019",4,28,22,"晴","夜間(或隧道、地下道、涵洞)有照明",60,"三岔路","交叉路口內","柏油","乾燥","良好","正常","無","未繪設快慢車道分隔線","無",23,"未使用",121.455692,25.16162,"新北市","淡水區"
"其他","2019",4,28,22,"晴","夜間(或隧道、地下道、涵洞)有照明",60,"三岔路","交叉路口內","柏油","乾燥","良好","正常","無","未繪設快慢車道分隔線","無",38,"未使用",121.455692,25.16162,"新北市","淡水區"
"其他","2019",4,28,22,"晴","夜間(或隧道、地下道、涵洞)有照明",60,"三岔路","交叉路口內","柏油","乾燥","良好","正常","無","未繪設快慢車道分隔線","無",22,"非汽(機)車駕駛人",121.455692,25.16162,"新北市","淡水區"
"其他","2019",4,28,22,"晴","夜間(或隧道、地下道、涵洞)有照明",60,"三岔路","交叉路口內","柏油","乾燥","良好","正常","無","未繪設快慢車道分隔線","無",28,"非汽(機)車駕駛人",121.455692,25.16162,"新北市","淡水區"
"側撞","2019",4,29,1,"晴","夜間(或隧道、地下道、涵洞)有照明",50,"四岔路","交叉路口內","柏油","乾燥","良好","正常","行車分向線","快慢車道分隔線","有",28,"非汽(機)車駕駛人",121.213303,24.928145,"桃園市","平鎮區"
"側撞","2019",4,29,1,"晴","夜間(或隧道、地下道、涵洞)有照明",50,"四岔路","交叉路口內","柏油","乾燥","良好","正常","行車分向線","快慢車道分隔線","有",29,"非汽(機)車駕駛人",121.213303,24.928145,"桃園市","平鎮區"
"側撞","2019",4,29,1,"晴","夜間(或隧道、地下道、涵洞)有照明",50,"四岔路","交叉路口內","柏油","乾燥","良好","正常","行車分向線","快慢車道分隔線","有",18,"未使用",121.213303,24.928145,"桃園市","平鎮區"
"側撞","2019",4,29,1,"晴","夜間(或隧道、地下道、涵洞)有照明",50,"四岔路","交叉路口內","柏油","乾燥","良好","正常","行車分向線","快慢車道分隔線","有",27,"未使用",121.213303,24.928145,"桃園市","平鎮區"
"衝出路外","2019",4,29,6,"晴","日間自然光線",40,"直路","一般車道(未劃分快慢車道)","柏油","乾燥","良好","無號誌","無","未繪設快慢車道分隔線","無",56,"未使用",120.454357,23.890443,"彰化縣","埤頭鄉"
"側撞","2019",4,29,6,"晴","日間自然光線",60,"三岔路","交叉路口內","柏油","乾燥","良好","正常","中央分向島","快慢車道分隔線","有",108,"",120.415751,22.586248,"高雄市","大寮區"
"側撞","2019",4,29,6,"晴","日間自然光線",60,"三岔路","交叉路口內","柏油","乾燥","良好","正常","中央分向島","快慢車道分隔線","有",23,"未使用",120.415751,22.586248,"高雄市","大寮區"
"側撞","2019",4,29,6,"晴","日間自然光線",60,"三岔路","交叉路口內","柏油","乾燥","良好","正常","中央分向島","快慢車道分隔線","有",42,"未使用",120.415751,22.586248,"高雄市","大寮區"
"穿越道路中","2019",4,29,20,"晴","夜間(或隧道、地下道、涵洞)有照明",50,"三岔路","交叉路口內","水泥","濕潤","良好","無號誌","無","未繪設快慢車道分隔線","有",68,"非汽(機)車駕駛人",120.470161,22.665293,"屏東縣","屏東市"
"穿越道路中","2019",4,29,20,"晴","夜間(或隧道、地下道、涵洞)有照明",50,"三岔路","交叉路口內","水泥","濕潤","良好","無號誌","無","未繪設快慢車道分隔線","有",33,"未使用",120.470161,22.665293,"屏東縣","屏東市"
"路口交岔撞","2019",4,30,6,"晴","日間自然光線",50,"三岔路","交叉路口內","柏油","乾燥","良好","正常","無","未繪設快慢車道分隔線","無",71,"未使用",120.225721,22.964966,"臺南市","東區"
"路口交岔撞","2019",4,30,6,"晴","日間自然光線",50,"三岔路","交叉路口內","柏油","乾燥","良好","正常","無","未繪設快慢車道分隔線","無",50,"未使用",120.225721,22.964966,"臺南市","東區"
"其他","2019",4,30,14,"陰","日間自然光線",50,"三岔路","交叉口附近","柏油","乾燥","良好","無號誌","雙向禁止超車線","未繪設快慢車道分隔線","無",37,"不明",121.517249,25.000457,"新北市","永和區"
"其他","2019",4,30,14,"陰","日間自然光線",50,"三岔路","交叉口附近","柏油","乾燥","良好","無號誌","雙向禁止超車線","未繪設快慢車道分隔線","無",60,"未使用",121.517249,25.000457,"新北市","永和區"
"其他","2019",4,30,14,"陰","日間自然光線",50,"三岔路","交叉口附近","柏油","乾燥","良好","無號誌","雙向禁止超車線","未繪設快慢車道分隔線","無",29,"未使用",121.517249,25.000457,"新北市","永和區"
"其他","2019",4,30,14,"陰","日間自然光線",50,"三岔路","交叉口附近","柏油","乾燥","良好","無號誌","雙向禁止超車線","未繪設快慢車道分隔線","無",39,"未使用",121.517249,25.000457,"新北市","永和區"
"其他","2019",4,30,14,"陰","日間自然光線",50,"三岔路","交叉口附近","柏油","乾燥","良好","無號誌","雙向禁止超車線","未繪設快慢車道分隔線","無",60,"未使用",121.517249,25.000457,"新北市","永和區"
"穿越道路中","2019",4,30,19,"晴","夜間(或隧道、地下道、涵洞)有照明",50,"直路","一般車道(未劃分快慢車道)","柏油","乾燥","良好","無號誌","行車分向線","快慢車道分隔線","有",39,"未使用",120.602743,24.184341,"臺中市","西屯區"
"穿越道路中","2019",4,30,19,"晴","夜間(或隧道、地下道、涵洞)有照明",50,"直路","一般車道(未劃分快慢車道)","柏油","乾燥","良好","無號誌","行車分向線","快慢車道分隔線","有",59,"非汽(機)車駕駛人",120.602743,24.184341,"臺中市","西屯區"
"穿越道路中","2019",5,1,0,"雨","夜間(或隧道、地下道、涵洞)有照明",50,"多岔路","交叉口附近","柏油","濕潤","良好","正常","無","未繪設快慢車道分隔線","無",34,"不明",121.499331,25.035325,"臺北市","萬華區"
"穿越道路中","2019",5,1,0,"雨","夜間(或隧道、地下道、涵洞)有照明",50,"多岔路","交叉口附近","柏油","濕潤","良好","正常","無","未繪設快慢車道分隔線","無",67,"非汽(機)車駕駛人",121.499331,25.035325,"臺北市","萬華區"
"其他","2019",5,1,4,"晴","夜間(或隧道、地下道、涵洞)有照明",50,"直路","一般車道(未劃分快慢車道)","柏油","乾燥","良好","無號誌","行車分向線","未繪設快慢車道分隔線","有",37,"不明",120.292554,23.581925,"雲林縣","北港鎮"
"其他","2019",5,1,4,"晴","夜間(或隧道、地下道、涵洞)有照明",50,"直路","一般車道(未劃分快慢車道)","柏油","乾燥","良好","無號誌","行車分向線","未繪設快慢車道分隔線","有",28,"不明",120.292554,23.581925,"雲林縣","北港鎮"
"路口交岔撞","2019",5,1,8,"雨","日間自然光線",50,"四岔路","交叉路口內","柏油","濕潤","良好","正常","中央分向島","未繪設快慢車道分隔線","有",70,"未使用",120.38508,23.708342,"雲林縣","虎尾鎮"
"路口交岔撞","2019",5,1,8,"雨","日間自然光線",50,"四岔路","交叉路口內","柏油","濕潤","良好","正常","中央分向島","未繪設快慢車道分隔線","有",27,"未使用",120.38508,23.708342,"雲林縣","虎尾鎮"
"側撞","2019",5,1,14,"陰","日間自然光線",60,"四岔路","交叉路口內","柏油","濕潤","良好","正常","無","未繪設快慢車道分隔線","無",31,"未使用",121.768724,24.741898,"宜蘭縣","宜蘭市"
"側撞","2019",5,1,14,"陰","日間自然光線",60,"四岔路","交叉路口內","柏油","濕潤","良好","正常","無","未繪設快慢車道分隔線","無",38,"未使用",121.768724,24.741898,"宜蘭縣","宜蘭市"
"其他","2019",5,1,17,"陰","日間自然光線",40,"彎曲路及附近","一般車道(未劃分快慢車道)","柏油","濕潤","良好","無號誌","行車分向線","未繪設快慢車道分隔線","有",53,"未使用",121.720231,24.901738,"新北市","坪林區"
"其他","2019",5,1,17,"陰","日間自然光線",40,"彎曲路及附近","一般車道(未劃分快慢車道)","柏油","濕潤","良好","無號誌","行車分向線","未繪設快慢車道分隔線","有",26,"未使用",121.720231,24.901738,"新北市","坪林區"
"撞交通島","2019",5,1,19,"雨","夜間(或隧道、地下道、涵洞)有照明",70,"直路","快車道","柏油","濕潤","良好","無號誌","中央分向島","快慢車道分隔線","有",43,"未使用",121.06491,25.02673,"桃園市","觀音區"
"追撞","2019",5,2,9,"晴","日間自然光線",60,"三岔路","交叉口附近","柏油","乾燥","良好","無號誌","無","未繪設快慢車道分隔線","有",66,"未使用",120.508995,23.980542,"彰化縣","埔鹽鄉"
"追撞","2019",5,2,9,"晴","日間自然光線",60,"三岔路","交叉口附近","柏油","乾燥","良好","無號誌","無","未繪設快慢車道分隔線","有",56,"未使用",120.508995,23.980542,"彰化縣","埔鹽鄉"
"路口交岔撞","2019",5,2,9,"雨","日間自然光線",50,"三岔路","交叉路口內","柏油","濕潤","良好","無號誌","雙向禁止超車線","快慢車道分隔線","有",75,"未使用",121.785897,24.815973,"宜蘭縣","礁溪鄉"
"路口交岔撞","2019",5,2,9,"雨","日間自然光線",50,"三岔路","交叉路口內","柏油","濕潤","良好","無號誌","雙向禁止超車線","快慢車道分隔線","有",59,"未使用",121.785897,24.815973,"宜蘭縣","礁溪鄉"
"路上翻車、摔倒","2019",5,2,12,"晴","日間自然光線",50,"直路","路肩、路緣","柏油","乾燥","良好","無號誌","雙向禁止超車線","未繪設快慢車道分隔線","有",61,"未使用",120.261077,23.351511,"嘉義縣","義竹鄉"
"追撞","2019",5,2,13,"雨","日間自然光線",70,"四岔路","交叉口附近","柏油","泥濘","良好","正常","中央分向島","寛式快慢車道分隔島(50公分以上)","有",88,"不明",121.771829,24.730622,"宜蘭縣","宜蘭市"
"追撞","2019",5,2,13,"雨","日間自然光線",70,"四岔路","交叉口附近","柏油","泥濘","良好","正常","中央分向島","寛式快慢車道分隔島(50公分以上)","有",48,"未使用",121.771829,24.730622,"宜蘭縣","宜蘭市"
"衝出路外","2019",5,3,6,"雨","晨或暮光",50,"三岔路","交叉口附近","柏油","濕潤","良好","無號誌","雙向禁止超車線","未繪設快慢車道分隔線","無",34,"",120.669535,24.174411,"臺中市","北屯區"
"衝出路外","2019",5,3,6,"雨","晨或暮光",50,"三岔路","交叉口附近","柏油","濕潤","良好","無號誌","雙向禁止超車線","未繪設快慢車道分隔線","無",21,"不明",120.669535,24.174411,"臺中市","北屯區"
"穿越道路中","2019",5,3,6,"晴","日間自然光線",50,"三岔路","交叉路口內","柏油","乾燥","良好","正常","無","未繪設快慢車道分隔線","無",49,"未使用",121.210809,24.912199,"桃園市","平鎮區"
"穿越道路中","2019",5,3,6,"晴","日間自然光線",50,"三岔路","交叉路口內","柏油","乾燥","良好","正常","無","未繪設快慢車道分隔線","無",81,"非汽(機)車駕駛人",121.210809,24.912199,"桃園市","平鎮區"
"側撞","2019",5,3,11,"陰","日間自然光線",40,"三岔路","交叉路口內","柏油","乾燥","良好","無號誌","無","未繪設快慢車道分隔線","無",37,"不明",120.807903,24.618068,"苗栗縣","後龍鎮"
"側撞","2019",5,3,11,"陰","日間自然光線",40,"三岔路","交叉路口內","柏油","乾燥","良好","無號誌","無","未繪設快慢車道分隔線","無",70,"不明",120.807903,24.618068,"苗栗縣","後龍鎮"
"衝出路外","2019",5,3,15,"晴","日間自然光線",70,"直路","慢車道","柏油","乾燥","良好","無號誌","雙向禁止超車線","快慢車道分隔線","有",42,"未使用",119.613238,23.595639,"澎湖縣","湖西鄉"
"衝出路外","2019",5,3,15,"晴","日間自然光線",70,"直路","慢車道","柏油","乾燥","良好","無號誌","雙向禁止超車線","快慢車道分隔線","有",38,"非汽(機)車駕駛人",119.613238,23.595639,"澎湖縣","湖西鄉"
"衝出路外","2019",5,4,0,"陰","夜間(或隧道、地下道、涵洞)無照明",50,"直路","一般車道(未劃分快慢車道)","柏油","濕潤","良好","無號誌","無","未繪設快慢車道分隔線","有",32,"未使用",120.503037,23.8575,"彰化縣","溪州鄉"
"穿越道路中","2019",5,4,5,"雨","夜間(或隧道、地下道、涵洞)有照明",50,"直路","一般車道(未劃分快慢車道)","柏油","濕潤","良好","無號誌","雙向禁止超車線","快慢車道分隔線","有",80,"未使用",120.292881,22.79099,"高雄市","岡山區"
"穿越道路中","2019",5,4,5,"雨","夜間(或隧道、地下道、涵洞)有照明",50,"直路","一般車道(未劃分快慢車道)","柏油","濕潤","良好","無號誌","雙向禁止超車線","快慢車道分隔線","有",61,"非汽(機)車駕駛人",120.292881,22.79099,"高雄市","岡山區"
"路上翻車、摔倒","2019",5,4,13,"晴","日間自然光線",40,"直路","一般車道(未劃分快慢車道)","柏油","乾燥","良好","無號誌","無","未繪設快慢車道分隔線","無",53,"未使用",120.635532,24.275508,"臺中市","清水區"
"穿越道路中","2019",5,4,16,"陰","日間自然光線",40,"三岔路","交叉路口內","柏油","乾燥","良好","無號誌","無","未繪設快慢車道分隔線","無",58,"不明",120.346392,23.452237,"嘉義縣","太保市"
"穿越道路中","2019",5,4,16,"陰","日間自然光線",40,"三岔路","交叉路口內","柏油","乾燥","良好","無號誌","無","未繪設快慢車道分隔線","無",86,"非汽(機)車駕駛人",120.346392,23.452237,"嘉義縣","太保市"
"路口交岔撞","2019",5,4,21,"晴","日間自然光線",50,"四岔路","交叉路口內","柏油","乾燥","良好","正常","雙向禁止超車線","未繪設快慢車道分隔線","無",49,"未使用",120.663263,24.162461,"臺中市","北區"
"路口交岔撞","2019",5,4,21,"晴","日間自然光線",50,"四岔路","交叉路口內","柏油","乾燥","良好","正常","雙向禁止超車線","未繪設快慢車道分隔線","無",17,"非汽(機)車駕駛人",120.663263,24.162461,"臺中市","北區"
"路口交岔撞","2019",5,4,21,"晴","日間自然光線",50,"四岔路","交叉路口內","柏油","乾燥","良好","正常","雙向禁止超車線","未繪設快慢車道分隔線","無",15,"非汽(機)車駕駛人",120.663263,24.162461,"臺中市","北區"
"路口交岔撞","2019",5,4,21,"晴","日間自然光線",50,"四岔路","交叉路口內","柏油","乾燥","良好","正常","雙向禁止超車線","未繪設快慢車道分隔線","無",25,"未使用",120.663263,24.162461,"臺中市","北區"
"側撞","2019",5,4,23,"晴","夜間(或隧道、地下道、涵洞)有照明",50,"四岔路","交叉路口內","柏油","乾燥","良好","正常","無","未繪設快慢車道分隔線","無",72,"不明",120.352544,23.758063,"雲林縣","崙背鄉"
"側撞","2019",5,4,23,"晴","夜間(或隧道、地下道、涵洞)有照明",50,"四岔路","交叉路口內","柏油","乾燥","良好","正常","無","未繪設快慢車道分隔線","無",70,"非汽(機)車駕駛人",120.352544,23.758063,"雲林縣","崙背鄉"
"側撞","2019",5,4,23,"晴","夜間(或隧道、地下道、涵洞)有照明",50,"四岔路","交叉路口內","柏油","乾燥","良好","正常","無","未繪設快慢車道分隔線","無",39,"未使用",120.352544,23.758063,"雲林縣","崙背鄉"
"同向通行中","2019",5,4,23,"晴","夜間(或隧道、地下道、涵洞)有照明",60,"三岔路","交叉路口內","柏油","乾燥","良好","正常","行車分向線","快慢車道分隔線","有",20,"未使用",120.3853,22.63139,"高雄市","大寮區"
"同向通行中","2019",5,4,23,"晴","夜間(或隧道、地下道、涵洞)有照明",60,"三岔路","交叉路口內","柏油","乾燥","良好","正常","行車分向線","快慢車道分隔線","有",84,"非汽(機)車駕駛人",120.3853,22.63139,"高雄市","大寮區"
"其他","2019",5,5,3,"晴","夜間(或隧道、地下道、涵洞)有照明",40,"直路","慢車道","柏油","乾燥","良好","無號誌","中央分向島","寛式快慢車道分隔島(50公分以上)","無",28,"未使用",120.3106,22.60239,"高雄市","前鎮區"
"其他","2019",5,5,3,"晴","夜間(或隧道、地下道、涵洞)有照明",40,"直路","慢車道","柏油","乾燥","良好","無號誌","中央分向島","寛式快慢車道分隔島(50公分以上)","無",17,"非汽(機)車駕駛人",120.3106,22.60239,"高雄市","前鎮區"
"其他","2019",5,5,20,"雨","夜間(或隧道、地下道、涵洞)有照明",50,"三岔路","交叉口附近","柏油","濕潤","良好","無號誌","雙向禁止超車線","未繪設快慢車道分隔線","有",66,"非汽(機)車駕駛人",121.078617,22.788449,"臺東縣","卑南鄉"
"其他","2019",5,5,20,"雨","夜間(或隧道、地下道、涵洞)有照明",50,"三岔路","交叉口附近","柏油","濕潤","良好","無號誌","雙向禁止超車線","未繪設快慢車道分隔線","有",55,"未使用",121.078617,22.788449,"臺東縣","卑南鄉"
"其他","2019",5,5,21,"雨","夜間(或隧道、地下道、涵洞)有照明",60,"直路","路肩、路緣","柏油","濕潤","良好","無號誌","中央分向島","快慢車道分隔線","有",38,"不明",120.621018,24.356125,"臺中市","大甲區"
"其他","2019",5,5,21,"雨","夜間(或隧道、地下道、涵洞)有照明",60,"直路","路肩、路緣","柏油","濕潤","良好","無號誌","中央分向島","快慢車道分隔線","有",53,"未使用",120.621018,24.356125,"臺中市","大甲區"
"其他","2019",5,5,21,"雨","夜間(或隧道、地下道、涵洞)有照明",60,"直路","路肩、路緣","柏油","濕潤","良好","無號誌","中央分向島","快慢車道分隔線","有",35,"未使用",120.621018,24.356125,"臺中市","大甲區"
"其他","2019",5,5,21,"雨","夜間(或隧道、地下道、涵洞)有照明",60,"直路","路肩、路緣","柏油","濕潤","良好","無號誌","中央分向島","快慢車道分隔線","有",36,"未使用",120.621018,24.356125,"臺中市","大甲區"
"穿越道路中","2019",5,7,17,"陰","晨或暮光",50,"直路","一般車道(未劃分快慢車道)","柏油","乾燥","良好","無號誌","行車分向線","未繪設快慢車道分隔線","有",29,"未使用",121.232237,24.967731,"桃園市","中壢區"
"穿越道路中","2019",5,7,17,"陰","晨或暮光",50,"直路","一般車道(未劃分快慢車道)","柏油","乾燥","良好","無號誌","行車分向線","未繪設快慢車道分隔線","有",85,"未使用",121.232237,24.967731,"桃園市","中壢區"
"路口交岔撞","2019",5,7,18,"陰","日間自然光線",50,"四岔路","交叉路口內","柏油","乾燥","良好","正常","雙向禁止超車線","未繪設快慢車道分隔線","有",24,"未使用",118.345663,24.43245,"金門縣","金寧鄉"
"路口交岔撞","2019",5,7,18,"陰","日間自然光線",50,"四岔路","交叉路口內","柏油","乾燥","良好","正常","雙向禁止超車線","未繪設快慢車道分隔線","有",52,"未使用",118.345663,24.43245,"金門縣","金寧鄉"
"穿越道路中","2019",5,8,7,"陰","日間自然光線",50,"三岔路","交叉路口內","柏油","濕潤","良好","無號誌","無","未繪設快慢車道分隔線","無",32,"未使用",120.692935,24.113371,"臺中市","大里區"
"穿越道路中","2019",5,8,7,"陰","日間自然光線",50,"三岔路","交叉路口內","柏油","濕潤","良好","無號誌","無","未繪設快慢車道分隔線","無",72,"非汽(機)車駕駛人",120.692935,24.113371,"臺中市","大里區"
"路上翻車、摔倒","2019",5,8,12,"晴","日間自然光線",50,"直路","一般車道(未劃分快慢車道)","柏油","乾燥","良好","無號誌","無","未繪設快慢車道分隔線","無",84,"未使用",120.80696,24.217888,"臺中市","新社區"
"側撞","2019",5,8,12,"晴","日間自然光線",50,"四岔路","交叉路口內","柏油","乾燥","良好","正常","無","未繪設快慢車道分隔線","無",22,"未使用",120.178845,23.005176,"臺南市","北區"
"側撞","2019",5,8,12,"晴","日間自然光線",50,"四岔路","交叉路口內","柏油","乾燥","良好","正常","無","未繪設快慢車道分隔線","無",43,"未使用",120.178845,23.005176,"臺南市","北區"
"穿越道路中","2019",5,8,16,"陰","日間自然光線",50,"四岔路","交叉路口內","柏油","乾燥","良好","正常","雙向禁止超車線","快慢車道分隔線","無",57,"未使用",120.703605,24.107688,"臺中市","大里區"
"穿越道路中","2019",5,8,16,"陰","日間自然光線",50,"四岔路","交叉路口內","柏油","乾燥","良好","正常","雙向禁止超車線","快慢車道分隔線","無",79,"非汽(機)車駕駛人",120.703605,24.107688,"臺中市","大里區"
"其他","2019",5,8,19,"晴","夜間(或隧道、地下道、涵洞)有照明",40,"四岔路","交叉口附近","柏油","乾燥","良好","正常","雙向禁止超車線","未繪設快慢車道分隔線","無",70,"不明",120.317775,22.582432,"高雄市","前鎮區"
"其他","2019",5,8,19,"晴","夜間(或隧道、地下道、涵洞)有照明",40,"四岔路","交叉口附近","柏油","乾燥","良好","正常","雙向禁止超車線","未繪設快慢車道分隔線","無",21,"未使用",120.317775,22.582432,"高雄市","前鎮區"
"路口交岔撞","2019",5,9,4,"雨","夜間(或隧道、地下道、涵洞)有照明",50,"四岔路","交叉路口內","柏油","濕潤","良好","正常","無","未繪設快慢車道分隔線","無",23,"未使用",120.657318,24.146766,"臺中市","西區"
"路口交岔撞","2019",5,9,4,"雨","夜間(或隧道、地下道、涵洞)有照明",50,"四岔路","交叉路口內","柏油","濕潤","良好","正常","無","未繪設快慢車道分隔線","無",26,"未使用",120.657318,24.146766,"臺中市","西區"
"路口交岔撞","2019",5,9,4,"雨","夜間(或隧道、地下道、涵洞)有照明",50,"四岔路","交叉路口內","柏油","濕潤","良好","正常","無","未繪設快慢車道分隔線","無",22,"未使用",120.657318,24.146766,"臺中市","西區"
"路口交岔撞","2019",5,9,4,"雨","夜間(或隧道、地下道、涵洞)有照明",50,"四岔路","交叉路口內","柏油","濕潤","良好","正常","無","未繪設快慢車道分隔線","無",46,"未使用",120.657318,24.146766,"臺中市","西區"
"路口交岔撞","2019",5,9,4,"雨","夜間(或隧道、地下道、涵洞)有照明",50,"四岔路","交叉路口內","柏油","濕潤","良好","正常","無","未繪設快慢車道分隔線","無",37,"未使用",120.657318,24.146766,"臺中市","西區"
"側撞","2019",5,9,15,"晴","日間自然光線",50,"三岔路","交叉路口內","柏油","乾燥","良好","正常","中央分向島","寛式快慢車道分隔島(50公分以上)","無",63,"未使用",120.302842,22.712316,"高雄市","楠梓區"
"側撞","2019",5,9,15,"晴","日間自然光線",50,"三岔路","交叉路口內","柏油","乾燥","良好","正常","中央分向島","寛式快慢車道分隔島(50公分以上)","無",30,"未使用",120.302842,22.712316,"高雄市","楠梓區"
"路口交岔撞","2019",5,9,18,"晴","日間自然光線",40,"四岔路","交叉路口內","柏油","乾燥","良好","無號誌","單向禁止超車線","未繪設快慢車道分隔線","有",47,"未使用",120.297196,22.742261,"高雄市","橋頭區"
"路口交岔撞","2019",5,9,18,"晴","日間自然光線",40,"四岔路","交叉路口內","柏油","乾燥","良好","無號誌","單向禁止超車線","未繪設快慢車道分隔線","有",76,"未使用",120.297196,22.742261,"高雄市","橋頭區"
"穿越道路中","2019",5,9,20,"雨","夜間(或隧道、地下道、涵洞)有照明",40,"三岔路","交叉路口內","柏油","濕潤","良好","無號誌","無","未繪設快慢車道分隔線","無",25,"不明",120.625633,24.198215,"臺中市","西屯區"