"事故類型及型態子類別名稱","發生年度","發生月份","發生日期","發生時間","天候名稱","光線名稱","速限.第1當事者","道路型態子類別名稱","事故位置子類別名稱","路面狀況.路面鋪裝名稱","路面狀況.路面狀態名稱","道路障礙.視距品質名稱","號誌.號誌動作名稱","車道劃分設施.分向設施大類別名稱","車道劃分設施.分道設施.快慢車道間名稱","車道劃分設施.分道設施.路面邊線名稱","當事者事故發生時年齡","行動電話或電腦或其他相類功能裝置名稱","經度","緯度","縣市","鄉鎮"
"穿越道路中","2019",5,9,20,"雨","夜間(或隧道、地下道、涵洞)有照明",40,"三岔路","交叉路口內","柏油","濕潤","良好","無號誌","無","未繪設快慢車道分隔線","無",53,"不明",120.625633,24.198215,"臺中市","西屯區"
"其他","2019",5,10,9,"晴","日間自然光線",50,"直路","快車道","柏油","乾燥","良好","無號誌","雙向禁止超車線","快慢車道分隔線","無",64,"未使用",120.658636,24.125226,"臺中市","南區"
"其他","2019",5,10,9,"晴","日間自然光線",50,"直路","快車道","柏油","乾燥","良好","無號誌","雙向禁止超車線","快慢車道分隔線","無",42,"未使用",120.658636,24.125226,"臺中市","南區"
"側撞","2019",5,10,15,"晴","日間自然光線",70,"四岔路","交叉路口內","柏油","乾燥","良好","正常","無","未繪設快慢車道分隔線","有",77,"不明",120.307402,23.903596,"彰化縣","芳苑鄉"
"側撞","2019",5,10,15,"晴","日間自然光線",70,"四岔路","交叉路口內","柏油","乾燥","良好","正常","無","未繪設快慢車道分隔線","有",52,"未使用",120.307402,23.903596,"彰化縣","芳苑鄉"
"追撞","2019",5,10,19,"晴","夜間(或隧道、地下道、涵洞)有照明",70,"直路","快車道","柏油","乾燥","良好","正常","中央分向島","未繪設快慢車道分隔線","有",65,"不明",120.195244,23.08045,"臺南市","南區"
"追撞","2019",5,10,19,"晴","夜間(或隧道、地下道、涵洞)有照明",70,"直路","快車道","柏油","乾燥","良好","正常","中央分向島","未繪設快慢車道分隔線","有",56,"未使用",120.195244,23.08045,"臺南市","南區"
"撞路樹、電桿","2019",5,10,23,"晴","夜間(或隧道、地下道、涵洞)有照明",50,"彎曲路及附近","快車道","柏油","乾燥","良好","無號誌","雙向禁止超車線","快慢車道分隔線","有",37,"不明",120.276855,23.054629,"臺南市","永康區"
"側撞","2019",5,11,0,"晴","夜間(或隧道、地下道、涵洞)有照明",50,"四岔路","交叉路口內","柏油","乾燥","良好","正常","無","未繪設快慢車道分隔線","有",30,"未使用",121.460423,25.042322,"新北市","新莊區"
"側撞","2019",5,11,0,"晴","夜間(或隧道、地下道、涵洞)有照明",50,"四岔路","交叉路口內","柏油","乾燥","良好","正常","無","未繪設快慢車道分隔線","有",20,"未使用",121.460423,25.042322,"新北市","新莊區"
"對撞","2019",5,11,6,"晴","日間自然光線",30,"彎曲路及附近","一般車道(未劃分快慢車道)","柏油","乾燥","不良","無號誌","無","未繪設快慢車道分隔線","無",58,"未使用",121.377057,24.992252,"桃園市","龜山區"
"對撞","2019",5,11,6,"晴","日間自然光線",30,"彎曲路及附近","一般車道(未劃分快慢車道)","柏油","乾燥","不良","無號誌","無","未繪設快慢車道分隔線","無",52,"未使用",121.377057,24.992252,"桃園市","龜山區"
"撞路樹、電桿","2019",5,11,14,"晴","日間自然光線",40,"直路","路肩、路緣","柏油","乾燥","良好","無號誌","中央分向島","快慢車道分隔線","有",108,"",120.262148,22.755134,"高雄市","梓官區"
"撞路樹、電桿","2019",5,11,14,"晴","日間自然光線",40,"直路","路肩、路緣","柏油","乾燥","良好","無號誌","中央分向島","快慢車道分隔線","有",69,"未使用",120.262148,22.755134,"高雄市","梓官區"
"對撞","2019",5,11,14,"晴","日間自然光線",50,"直路","一般車道(未劃分快慢車道)","柏油","乾燥","良好","無號誌","雙向禁止超車線","快慢車道分隔線","有",64,"未使用",121.100637,24.842973,"新竹縣","新埔鎮"
"對撞","2019",5,11,14,"晴","日間自然光線",50,"直路","一般車道(未劃分快慢車道)","柏油","乾燥","良好","無號誌","雙向禁止超車線","快慢車道分隔線","有",72,"未使用",121.100637,24.842973,"新竹縣","新埔鎮"
"對撞","2019",5,11,14,"晴","日間自然光線",50,"直路","一般車道(未劃分快慢車道)","柏油","乾燥","良好","無號誌","雙向禁止超車線","快慢車道分隔線","有",92,"非汽(機)車駕駛人",121.100637,24.842973,"新竹縣","新埔鎮"
"對撞","2019",5,11,14,"晴","日間自然光線",50,"直路","一般車道(未劃分快慢車道)","柏油","乾燥","良好","無號誌","雙向禁止超車線","快慢車道分隔線","有",38,"非汽(機)車駕駛人",121.100637,24.842973,"新竹縣","新埔鎮"
"其他","2019",5,11,23,"晴","夜間(或隧道、地下道、涵洞)無照明",110,"直路","快車道","柏油","乾燥","良好","無號誌","中央分向島","未繪設快慢車道分隔線","有",44,"未使用",120.877198,24.705551,"苗栗縣","竹南鎮"
"其他","2019",5,11,23,"晴","夜間(或隧道、地下道、涵洞)無照明",110,"直路","快車道","柏油","乾燥","良好","無號誌","中央分向島","未繪設快慢車道分隔線","有",49,"未使用",120.877198,24.705551,"苗栗縣","竹南鎮"
"其他","2019",5,11,23,"晴","夜間(或隧道、地下道、涵洞)無照明",110,"直路","快車道","柏油","乾燥","良好","無號誌","中央分向島","未繪設快慢車道分隔線","有",25,"未使用",120.877198,24.705551,"苗栗縣","竹南鎮"
"其他","2019",5,11,23,"晴","夜間(或隧道、地下道、涵洞)無照明",110,"直路","快車道","柏油","乾燥","良好","無號誌","中央分向島","未繪設快慢車道分隔線","有",39,"未使用",120.877198,24.705551,"苗栗縣","竹南鎮"
"其他","2019",5,11,23,"晴","夜間(或隧道、地下道、涵洞)無照明",110,"直路","快車道","柏油","乾燥","良好","無號誌","中央分向島","未繪設快慢車道分隔線","有",45,"未使用",120.877198,24.705551,"苗栗縣","竹南鎮"
"其他","2019",5,11,23,"晴","夜間(或隧道、地下道、涵洞)無照明",110,"直路","快車道","柏油","乾燥","良好","無號誌","中央分向島","未繪設快慢車道分隔線","有",34,"未使用",120.877198,24.705551,"苗栗縣","竹南鎮"
"其他","2019",5,11,23,"晴","夜間(或隧道、地下道、涵洞)無照明",110,"直路","快車道","柏油","乾燥","良好","無號誌","中央分向島","未繪設快慢車道分隔線","有",27,"未使用",120.877198,24.705551,"苗栗縣","竹南鎮"
"路上翻車、摔倒","2019",5,12,4,"晴","日間自然光線",50,"直路","路肩、路緣","柏油","乾燥","良好","正常","雙向禁止超車線","快慢車道分隔線","無",108,"",120.3087,22.71335,"高雄市","楠梓區"
"路上翻車、摔倒","2019",5,12,4,"晴","日間自然光線",50,"直路","路肩、路緣","柏油","乾燥","良好","正常","雙向禁止超車線","快慢車道分隔線","無",18,"未使用",120.3087,22.71335,"高雄市","楠梓區"
"路上翻車、摔倒","2019",5,12,4,"晴","日間自然光線",50,"直路","路肩、路緣","柏油","乾燥","良好","正常","雙向禁止超車線","快慢車道分隔線","無",15,"未使用",120.3087,22.71335,"高雄市","楠梓區"
"側撞","2019",5,12,13,"晴","日間自然光線",60,"直路","快車道","柏油","乾燥","良好","無號誌","無","未繪設快慢車道分隔線","無",19,"未使用",120.648138,24.081371,"臺中市","烏日區"
"側撞","2019",5,12,13,"晴","日間自然光線",60,"直路","快車道","柏油","乾燥","良好","無號誌","無","未繪設快慢車道分隔線","無",30,"未使用",120.648138,24.081371,"臺中市","烏日區"
"側撞","2019",5,12,13,"晴","日間自然光線",60,"直路","快車道","柏油","乾燥","良好","無號誌","無","未繪設快慢車道分隔線","無",19,"非汽(機)車駕駛人",120.648138,24.081371,"臺中市","烏日區"
"穿越道路中","2019",5,12,15,"晴","日間自然光線",50,"直路","一般車道(未劃分快慢車道)","柏油","乾燥","良好","無號誌","中央分向島","未繪設快慢車道分隔線","有",35,"未使用",121.632053,25.05617,"新北市","汐止區"
"穿越道路中","2019",5,12,15,"晴","日間自然光線",50,"直路","一般車道(未劃分快慢車道)","柏油","乾燥","良好","無號誌","中央分向島","未繪設快慢車道分隔線","有",29,"非汽(機)車駕駛人",121.632053,25.05617,"新北市","汐止區"
"側撞","2019",5,12,17,"晴","日間自然光線",60,"直路","路肩、路緣","柏油","乾燥","良好","無號誌","中央分向島","快慢車道分隔線","有",47,"未使用",120.214706,23.068737,"臺南市","南區"
"側撞","2019",5,12,17,"晴","日間自然光線",60,"直路","路肩、路緣","柏油","乾燥","良好","無號誌","中央分向島","快慢車道分隔線","有",37,"不明",120.214706,23.068737,"臺南市","南區"
"其他","2019",5,13,8,"晴","日間自然光線",50,"三岔路","交叉口附近","柏油","乾燥","良好","正常","中央分向島","未繪設快慢車道分隔線","有",23,"未使用",121.64423,25.063477,"新北市","汐止區"
"其他","2019",5,13,8,"晴","日間自然光線",50,"三岔路","交叉口附近","柏油","乾燥","良好","正常","中央分向島","未繪設快慢車道分隔線","有",54,"未使用",121.64423,25.063477,"新北市","汐止區"
"其他","2019",5,13,8,"晴","日間自然光線",50,"三岔路","交叉口附近","柏油","乾燥","良好","正常","中央分向島","未繪設快慢車道分隔線","有",32,"未使用",121.64423,25.063477,"新北市","汐止區"
"側撞","2019",5,13,14,"晴","日間自然光線",60,"三岔路","交叉路口內","柏油","乾燥","良好","正常","無","未繪設快慢車道分隔線","無",74,"未使用",120.47832,23.11002,"臺南市","玉井區"
"側撞","2019",5,13,14,"晴","日間自然光線",60,"三岔路","交叉路口內","柏油","乾燥","良好","正常","無","未繪設快慢車道分隔線","無",23,"未使用",120.47832,23.11002,"臺南市","玉井區"
"撞路樹、電桿","2019",5,14,0,"晴","夜間(或隧道、地下道、涵洞)無照明",70,"直路","路肩、路緣","柏油","乾燥","良好","無號誌","雙向禁止超車線","快慢車道分隔線","有",53,"不明",120.701003,22.141561,"屏東縣","枋山鄉"
"側撞","2019",5,14,13,"晴","日間自然光線",50,"直路","快車道","柏油","乾燥","良好","無號誌","行車分向線","快慢車道分隔線","有",26,"未使用",121.089672,24.823952,"新竹縣","新埔鎮"
"側撞","2019",5,14,13,"晴","日間自然光線",50,"直路","快車道","柏油","乾燥","良好","無號誌","行車分向線","快慢車道分隔線","有",70,"未使用",121.089672,24.823952,"新竹縣","新埔鎮"
"穿越道路中","2019",5,14,16,"晴","日間自然光線",50,"四岔路","人行道","柏油","乾燥","良好","正常","無","未繪設快慢車道分隔線","無",32,"不明",120.634567,24.135752,"臺中市","南屯區"
"穿越道路中","2019",5,14,16,"晴","日間自然光線",50,"四岔路","人行道","柏油","乾燥","良好","正常","無","未繪設快慢車道分隔線","無",27,"不明",120.634567,24.135752,"臺中市","南屯區"
"穿越道路中","2019",5,14,16,"晴","日間自然光線",50,"四岔路","人行道","柏油","乾燥","良好","正常","無","未繪設快慢車道分隔線","無",35,"不明",120.634567,24.135752,"臺中市","南屯區"
"穿越道路中","2019",5,14,16,"晴","日間自然光線",50,"四岔路","人行道","柏油","乾燥","良好","正常","無","未繪設快慢車道分隔線","無",38,"不明",120.634567,24.135752,"臺中市","南屯區"
"穿越道路中","2019",5,14,16,"晴","日間自然光線",50,"四岔路","人行道","柏油","乾燥","良好","正常","無","未繪設快慢車道分隔線","無",5,"非汽(機)車駕駛人",120.634567,24.135752,"臺中市","南屯區"
"穿越道路中","2019",5,14,18,"陰","夜間(或隧道、地下道、涵洞)有照明",60,"多岔路","交叉路口內","柏油","乾燥","良好","正常","無","未繪設快慢車道分隔線","無",31,"未使用",121.569525,23.95854,"花蓮縣","吉安鄉"
"穿越道路中","2019",5,14,18,"陰","夜間(或隧道、地下道、涵洞)有照明",60,"多岔路","交叉路口內","柏油","乾燥","良好","正常","無","未繪設快慢車道分隔線","無",11,"非汽(機)車駕駛人",121.569525,23.95854,"花蓮縣","吉安鄉"
"路上翻車、摔倒","2019",5,14,19,"晴","夜間(或隧道、地下道、涵洞)有照明",50,"彎曲路及附近","一般車道(未劃分快慢車道)","柏油","乾燥","良好","無號誌","雙向禁止超車線","未繪設快慢車道分隔線","有",16,"未使用",121.433,24.9667,"新北市","土城區"
"路上翻車、摔倒","2019",5,14,19,"晴","夜間(或隧道、地下道、涵洞)有照明",50,"彎曲路及附近","一般車道(未劃分快慢車道)","柏油","乾燥","良好","無號誌","雙向禁止超車線","未繪設快慢車道分隔線","有",16,"未使用",121.433,24.9667,"新北市","土城區"
"穿越道路中","2019",5,14,20,"陰","夜間(或隧道、地下道、涵洞)有照明",60,"三岔路","交叉路口內","柏油","乾燥","良好","無號誌","無","未繪設快慢車道分隔線","無",19,"未使用",121.039577,22.674167,"臺東縣","太麻里鄉"
"穿越道路中","2019",5,14,20,"陰","夜間(或隧道、地下道、涵洞)有照明",60,"三岔路","交叉路口內","柏油","乾燥","良好","無號誌","無","未繪設快慢車道分隔線","無",49,"非汽(機)車駕駛人",121.039577,22.674167,"臺東縣","太麻里鄉"
"同向擦撞","2019",5,15,8,"陰","日間自然光線",50,"三岔路","交叉路口內","柏油","乾燥","良好","正常","無","未繪設快慢車道分隔線","無",51,"未使用",121.272771,24.891366,"桃園市","大溪區"
"同向擦撞","2019",5,15,8,"陰","日間自然光線",50,"三岔路","交叉路口內","柏油","乾燥","良好","正常","無","未繪設快慢車道分隔線","無",74,"未使用",121.272771,24.891366,"桃園市","大溪區"
"同向擦撞","2019",5,15,8,"陰","日間自然光線",50,"三岔路","交叉路口內","柏油","乾燥","良好","正常","無","未繪設快慢車道分隔線","無",64,"未使用",121.272771,24.891366,"桃園市","大溪區"
"追撞","2019",5,15,8,"晴","日間自然光線",60,"直路","一般車道(未劃分快慢車道)","柏油","乾燥","良好","無號誌","中央分向島","未繪設快慢車道分隔線","有",68,"未使用",120.526845,24.097275,"彰化縣","和美鎮"
"追撞","2019",5,15,8,"晴","日間自然光線",60,"直路","一般車道(未劃分快慢車道)","柏油","乾燥","良好","無號誌","中央分向島","未繪設快慢車道分隔線","有",54,"未使用",120.526845,24.097275,"彰化縣","和美鎮"
"追撞","2019",5,15,8,"晴","日間自然光線",60,"直路","一般車道(未劃分快慢車道)","柏油","乾燥","良好","無號誌","中央分向島","未繪設快慢車道分隔線","有",53,"未使用",120.526845,24.097275,"彰化縣","和美鎮"
"追撞","2019",5,15,8,"晴","日間自然光線",60,"直路","一般車道(未劃分快慢車道)","柏油","乾燥","良好","無號誌","中央分向島","未繪設快慢車道分隔線","有",66,"非汽(機)車駕駛人",120.526845,24.097275,"彰化縣","和美鎮"
"同向擦撞","2019",5,15,18,"晴","日間自然光線",50,"三岔路","交叉路口內","柏油","乾燥","良好","無號誌","無","未繪設快慢車道分隔線","無",23,"未使用",121.276658,25.064929,"桃園市","蘆竹區"
"同向擦撞","2019",5,15,18,"晴","日間自然光線",50,"三岔路","交叉路口內","柏油","乾燥","良好","無號誌","無","未繪設快慢車道分隔線","無",39,"未使用",121.276658,25.064929,"桃園市","蘆竹區"
"撞護欄(樁)","2019",5,15,19,"晴","夜間(或隧道、地下道、涵洞)有照明",50,"直路","一般車道(未劃分快慢車道)","柏油","乾燥","良好","無號誌","中央分向島","未繪設快慢車道分隔線","有",27,"未使用",121.485541,25.022253,"新北市","板橋區"
"撞路樹、電桿","2019",5,16,7,"晴","日間自然光線",40,"直路","其他","柏油","乾燥","良好","無號誌","無","未繪設快慢車道分隔線","有",63,"未使用",120.928842,24.640591,"苗栗縣","三灣鄉"
"穿越道路中","2019",5,16,22,"陰","夜間(或隧道、地下道、涵洞)有照明",50,"四岔路","交叉路口內","柏油","乾燥","良好","正常","雙向禁止超車線","未繪設快慢車道分隔線","有",44,"未使用",121.540665,24.965951,"新北市","新店區"
"穿越道路中","2019",5,16,22,"陰","夜間(或隧道、地下道、涵洞)有照明",50,"四岔路","交叉路口內","柏油","乾燥","良好","正常","雙向禁止超車線","未繪設快慢車道分隔線","有",73,"非汽(機)車駕駛人",121.540665,24.965951,"新北市","新店區"
"側撞","2019",5,17,9,"雨","日間自然光線",60,"四岔路","交叉路口內","柏油","濕潤","良好","正常","無","未繪設快慢車道分隔線","無",46,"未使用",120.428758,22.592332,"高雄市","大寮區"
"側撞","2019",5,17,9,"雨","日間自然光線",60,"四岔路","交叉路口內","柏油","濕潤","良好","正常","無","未繪設快慢車道分隔線","無",48,"未使用",120.428758,22.592332,"高雄市","大寮區"
"追撞","2019",5,17,10,"雨","日間自然光線",50,"四岔路","交叉路口內","柏油","濕潤","良好","正常","無","未繪設快慢車道分隔線","無",34,"未使用",121.024039,24.78134,"新竹市","東區"
"追撞","2019",5,17,10,"雨","日間自然光線",50,"四岔路","交叉路口內","柏油","濕潤","良好","正常","無","未繪設快慢車道分隔線","無",33,"未使用",121.024039,24.78134,"新竹市","東區"
"路口交岔撞","2019",5,17,10,"晴","日間自然光線",50,"四岔路","交叉路口內","柏油","乾燥","良好","正常","無","未繪設快慢車道分隔線","無",59,"不明",120.216967,23.012774,"臺南市","北區"
"路口交岔撞","2019",5,17,10,"晴","日間自然光線",50,"四岔路","交叉路口內","柏油","乾燥","良好","正常","無","未繪設快慢車道分隔線","無",43,"未使用",120.216967,23.012774,"臺南市","北區"
"穿越道路中","2019",5,17,13,"雨","日間自然光線",30,"直路","一般車道(未劃分快慢車道)","柏油","濕潤","良好","無號誌","雙向禁止超車線","未繪設快慢車道分隔線","無",22,"未使用",121.374058,24.933758,"新北市","三峽區"
"穿越道路中","2019",5,17,13,"雨","日間自然光線",30,"直路","一般車道(未劃分快慢車道)","柏油","濕潤","良好","無號誌","雙向禁止超車線","未繪設快慢車道分隔線","無",74,"未使用",121.374058,24.933758,"新北市","三峽區"
"其他","2019",5,17,13,"晴","日間自然光線",60,"直路","路肩、路緣","柏油","乾燥","良好","無號誌","雙向禁止超車線","未繪設快慢車道分隔線","有",49,"不明",120.290984,23.034954,"臺南市","新化區"
"側撞","2019",5,17,14,"晴","日間自然光線",50,"三岔路","交叉路口內","柏油","乾燥","良好","正常","中央分向島","未繪設快慢車道分隔線","無",46,"未使用",120.570311,24.225481,"臺中市","沙鹿區"
"側撞","2019",5,17,14,"晴","日間自然光線",50,"三岔路","交叉路口內","柏油","乾燥","良好","正常","中央分向島","未繪設快慢車道分隔線","無",19,"未使用",120.570311,24.225481,"臺中市","沙鹿區"
"追撞","2019",5,17,21,"雨","夜間(或隧道、地下道、涵洞)有照明",60,"四岔路","交叉口附近","柏油","濕潤","良好","正常","雙向禁止超車線","快慢車道分隔線","有",46,"不明",120.736903,24.311051,"臺中市","后里區"
"追撞","2019",5,17,21,"雨","夜間(或隧道、地下道、涵洞)有照明",60,"四岔路","交叉口附近","柏油","濕潤","良好","正常","雙向禁止超車線","快慢車道分隔線","有",51,"不明",120.736903,24.311051,"臺中市","后里區"
"其他","2019",5,17,23,"晴","夜間(或隧道、地下道、涵洞)無照明",110,"直路","快車道","柏油","濕潤","良好","無號誌","中央分向島","未繪設快慢車道分隔線","有",28,"未使用",120.520708,24.033151,"彰化縣","秀水鄉"
"其他","2019",5,17,23,"晴","夜間(或隧道、地下道、涵洞)無照明",110,"直路","快車道","柏油","濕潤","良好","無號誌","中央分向島","未繪設快慢車道分隔線","有",41,"未使用",120.520708,24.033151,"彰化縣","秀水鄉"
"其他","2019",5,17,23,"晴","夜間(或隧道、地下道、涵洞)無照明",110,"直路","快車道","柏油","濕潤","良好","無號誌","中央分向島","未繪設快慢車道分隔線","有",26,"未使用",120.520708,24.033151,"彰化縣","秀水鄉"
"其他","2019",5,17,23,"晴","夜間(或隧道、地下道、涵洞)無照明",110,"直路","快車道","柏油","濕潤","良好","無號誌","中央分向島","未繪設快慢車道分隔線","有",70,"未使用",120.520708,24.033151,"彰化縣","秀水鄉"
"其他","2019",5,17,23,"晴","夜間(或隧道、地下道、涵洞)無照明",110,"直路","快車道","柏油","濕潤","良好","無號誌","中央分向島","未繪設快慢車道分隔線","有",58,"未使用",120.520708,24.033151,"彰化縣","秀水鄉"
"其他","2019",5,17,23,"晴","夜間(或隧道、地下道、涵洞)無照明",110,"直路","快車道","柏油","濕潤","良好","無號誌","中央分向島","未繪設快慢車道分隔線","有",19,"未使用",120.520708,24.033151,"彰化縣","秀水鄉"
"其他","2019",5,17,23,"晴","夜間(或隧道、地下道、涵洞)無照明",110,"直路","快車道","柏油","濕潤","良好","無號誌","中央分向島","未繪設快慢車道分隔線","有",47,"未使用",120.520708,24.033151,"彰化縣","秀水鄉"
"其他","2019",5,17,23,"晴","夜間(或隧道、地下道、涵洞)無照明",110,"直路","快車道","柏油","濕潤","良好","無號誌","中央分向島","未繪設快慢車道分隔線","有",26,"未使用",120.520708,24.033151,"彰化縣","秀水鄉"
"其他","2019",5,17,23,"晴","夜間(或隧道、地下道、涵洞)無照明",110,"直路","快車道","柏油","濕潤","良好","無號誌","中央分向島","未繪設快慢車道分隔線","有",42,"未使用",120.520708,24.033151,"彰化縣","秀水鄉"
"路口交岔撞","2019",5,18,3,"陰","夜間(或隧道、地下道、涵洞)有照明",50,"四岔路","交叉路口內","柏油","濕潤","良好","正常","無","未繪設快慢車道分隔線","無",41,"不明",120.375,22.6562,"高雄市","鳥松區"
"路口交岔撞","2019",5,18,3,"陰","夜間(或隧道、地下道、涵洞)有照明",50,"四岔路","交叉路口內","柏油","濕潤","良好","正常","無","未繪設快慢車道分隔線","無",38,"未使用",120.375,22.6562,"高雄市","鳥松區"
"路口交岔撞","2019",5,18,3,"陰","夜間(或隧道、地下道、涵洞)有照明",50,"四岔路","交叉路口內","柏油","濕潤","良好","正常","無","未繪設快慢車道分隔線","無",42,"非汽(機)車駕駛人",120.375,22.6562,"高雄市","鳥松區"
"撞號誌、標誌桿","2019",5,18,4,"雨","晨或暮光",40,"彎曲路及附近","一般車道(未劃分快慢車道)","柏油","濕潤","良好","無號誌","無","未繪設快慢車道分隔線","有",25,"不明",121.362708,24.923062,"新北市","三峽區"
"其他","2019",5,18,6,"晴","日間自然光線",50,"三岔路","交叉路口內","柏油","乾燥","良好","正常","中央分向島","未繪設快慢車道分隔線","無",54,"未使用",121.549106,25.021412,"臺北市","大安區"
"其他","2019",5,18,6,"晴","日間自然光線",50,"三岔路","交叉路口內","柏油","乾燥","良好","正常","中央分向島","未繪設快慢車道分隔線","無",52,"未使用",121.549106,25.021412,"臺北市","大安區"
"其他","2019",5,18,8,"陰","日間自然光線",50,"四岔路","交叉口附近","柏油","乾燥","良好","無號誌","雙向禁止超車線","未繪設快慢車道分隔線","有",56,"不明",120.389511,23.978548,"彰化縣","芳苑鄉"
"其他","2019",5,18,8,"陰","日間自然光線",50,"四岔路","交叉口附近","柏油","乾燥","良好","無號誌","雙向禁止超車線","未繪設快慢車道分隔線","有",27,"未使用",120.389511,23.978548,"彰化縣","芳苑鄉"
"其他","2019",5,18,9,"陰","日間自然光線",40,"彎曲路及附近","一般車道(未劃分快慢車道)","柏油","乾燥","不良","無號誌","雙向禁止超車線","未繪設快慢車道分隔線","有",37,"不明",121.675303,25.013318,"新北市","石碇區"
"其他","2019",5,18,9,"陰","日間自然光線",40,"彎曲路及附近","一般車道(未劃分快慢車道)","柏油","乾燥","不良","無號誌","雙向禁止超車線","未繪設快慢車道分隔線","有",36,"不明",121.675303,25.013318,"新北市","石碇區"
"側撞","2019",5,18,10,"晴","日間自然光線",40,"四岔路","交叉路口內","柏油","乾燥","良好","無號誌","雙向禁止超車線","未繪設快慢車道分隔線","有",65,"不明",120.25943,23.572285,"雲林縣","水林鄉"
"側撞","2019",5,18,10,"晴","日間自然光線",40,"四岔路","交叉路口內","柏油","乾燥","良好","無號誌","雙向禁止超車線","未繪設快慢車道分隔線","有",55,"未使用",120.25943,23.572285,"雲林縣","水林鄉"
"路上翻車、摔倒","2019",5,18,14,"雨","日間自然光線",40,"直路","一般車道(未劃分快慢車道)","柏油","濕潤","良好","無號誌","中央分向島","未繪設快慢車道分隔線","有",23,"未使用",121.121996,22.771428,"臺東縣","臺東市"
"路上翻車、摔倒","2019",5,18,14,"雨","日間自然光線",40,"直路","一般車道(未劃分快慢車道)","柏油","濕潤","良好","無號誌","中央分向島","未繪設快慢車道分隔線","有",19,"未使用",121.121996,22.771428,"臺東縣","臺東市"
"側撞","2019",5,18,17,"陰","晨或暮光",60,"直路","路肩、路緣","柏油","乾燥","良好","無號誌","行車分向線","快慢車道分隔線","有",43,"不明",121.1626,24.738322,"新竹縣","關西鎮"
"側撞","2019",5,18,17,"陰","晨或暮光",60,"直路","路肩、路緣","柏油","乾燥","良好","無號誌","行車分向線","快慢車道分隔線","有",14,"不明",121.1626,24.738322,"新竹縣","關西鎮"
"側撞","2019",5,18,17,"陰","晨或暮光",60,"直路","路肩、路緣","柏油","乾燥","良好","無號誌","行車分向線","快慢車道分隔線","有",20,"不明",121.1626,24.738322,"新竹縣","關西鎮"
"側撞","2019",5,18,17,"陰","晨或暮光",60,"直路","路肩、路緣","柏油","乾燥","良好","無號誌","行車分向線","快慢車道分隔線","有",30,"不明",121.1626,24.738322,"新竹縣","關西鎮"
"側撞","2019",5,18,17,"陰","晨或暮光",60,"直路","路肩、路緣","柏油","乾燥","良好","無號誌","行車分向線","快慢車道分隔線","有",34,"不明",121.1626,24.738322,"新竹縣","關西鎮"
"穿越道路中","2019",5,19,2,"晴","夜間(或隧道、地下道、涵洞)有照明",50,"四岔路","穿越道附近","柏油","濕潤","良好","正常","無","未繪設快慢車道分隔線","無",49,"未使用",120.656032,24.169577,"臺中市","西屯區"
"穿越道路中","2019",5,19,2,"晴","夜間(或隧道、地下道、涵洞)有照明",50,"四岔路","穿越道附近","柏油","濕潤","良好","正常","無","未繪設快慢車道分隔線","無",28,"非汽(機)車駕駛人",120.656032,24.169577,"臺中市","西屯區"
"撞交通島","2019",5,19,4,"晴","夜間(或隧道、地下道、涵洞)有照明",50,"彎曲路及附近","一般車道(未劃分快慢車道)","柏油","乾燥","良好","無號誌","中央分向島","未繪設快慢車道分隔線","有",25,"未使用",121.456301,25.036645,"新北市","新莊區"
"路口交岔撞","2019",5,19,14,"晴","日間自然光線",40,"四岔路","交叉路口內","柏油","乾燥","良好","正常","無","未繪設快慢車道分隔線","無",29,"不明",120.176198,23.656481,"雲林縣","四湖鄉"
"路口交岔撞","2019",5,19,14,"晴","日間自然光線",40,"四岔路","交叉路口內","柏油","乾燥","良好","正常","無","未繪設快慢車道分隔線","無",78,"未使用",120.176198,23.656481,"雲林縣","四湖鄉"
"路口交岔撞","2019",5,19,15,"晴","日間自然光線",50,"四岔路","交叉路口內","柏油","乾燥","良好","無號誌","雙向禁止超車線","未繪設快慢車道分隔線","有",70,"未使用",120.568142,22.610092,"屏東縣","內埔鄉"
"路口交岔撞","2019",5,19,15,"晴","日間自然光線",50,"四岔路","交叉路口內","柏油","乾燥","良好","無號誌","雙向禁止超車線","未繪設快慢車道分隔線","有",38,"未使用",120.568142,22.610092,"屏東縣","內埔鄉"
"同向通行中","2019",5,19,17,"晴","日間自然光線",40,"直路","一般車道(未劃分快慢車道)","柏油","乾燥","良好","無號誌","行車分向線","未繪設快慢車道分隔線","無",88,"非汽(機)車駕駛人",120.715095,24.093503,"臺中市","大里區"
"同向通行中","2019",5,19,17,"晴","日間自然光線",40,"直路","一般車道(未劃分快慢車道)","柏油","乾燥","良好","無號誌","行車分向線","未繪設快慢車道分隔線","無",35,"未使用",120.715095,24.093503,"臺中市","大里區"