"事故類型及型態子類別名稱","發生年度","發生月份","發生日期","發生時間","天候名稱","光線名稱","速限.第1當事者","道路型態子類別名稱","事故位置子類別名稱","路面狀況.路面鋪裝名稱","路面狀況.路面狀態名稱","道路障礙.視距品質名稱","號誌.號誌動作名稱","車道劃分設施.分向設施大類別名稱","車道劃分設施.分道設施.快慢車道間名稱","車道劃分設施.分道設施.路面邊線名稱","當事者事故發生時年齡","行動電話或電腦或其他相類功能裝置名稱","經度","緯度","縣市","鄉鎮"
"路口交岔撞","2019",5,19,18,"晴","日間自然光線",50,"四岔路","交叉路口內","柏油","乾燥","良好","無號誌","無","未繪設快慢車道分隔線","有",19,"未使用",118.429641,24.480907,"金門縣","金沙鎮"
"路口交岔撞","2019",5,19,18,"晴","日間自然光線",50,"四岔路","交叉路口內","柏油","乾燥","良好","無號誌","無","未繪設快慢車道分隔線","有",61,"未使用",118.429641,24.480907,"金門縣","金沙鎮"
"側撞","2019",5,19,18,"晴","夜間(或隧道、地下道、涵洞)有照明",50,"三岔路","交叉路口內","柏油","乾燥","良好","正常","無","未繪設快慢車道分隔線","無",18,"不明",121.402458,24.975954,"新北市","樹林區"
"側撞","2019",5,19,18,"晴","夜間(或隧道、地下道、涵洞)有照明",50,"三岔路","交叉路口內","柏油","乾燥","良好","正常","無","未繪設快慢車道分隔線","無",60,"未使用",121.402458,24.975954,"新北市","樹林區"
"側撞","2019",5,19,18,"晴","夜間(或隧道、地下道、涵洞)有照明",50,"三岔路","交叉路口內","柏油","乾燥","良好","正常","無","未繪設快慢車道分隔線","無",24,"非汽(機)車駕駛人",121.402458,24.975954,"新北市","樹林區"
"撞號誌、標誌桿","2019",5,20,3,"晴","夜間(或隧道、地下道、涵洞)有照明",50,"彎曲路及附近","路肩、路緣","柏油","乾燥","不良","無號誌","雙向禁止超車線","快慢車道分隔線","有",18,"未使用",120.29245,22.989783,"臺南市","歸仁區"
"撞交通島","2019",5,20,5,"晴","日間自然光線",50,"多岔路","交叉路口內","柏油","乾燥","良好","正常","中央分向島","快慢車道分隔線","無",30,"未使用",120.7114,24.2462,"臺中市","豐原區"
"其他","2019",5,20,18,"雨","夜間(或隧道、地下道、涵洞)有照明",40,"直路","機車優先道","柏油","濕潤","良好","無號誌","中央分向島","快慢車道分隔線","有",37,"不明",120.3512,22.68891,"高雄市","仁武區"
"其他","2019",5,20,18,"雨","夜間(或隧道、地下道、涵洞)有照明",40,"直路","機車優先道","柏油","濕潤","良好","無號誌","中央分向島","快慢車道分隔線","有",65,"未使用",120.3512,22.68891,"高雄市","仁武區"
"撞交通島","2019",5,21,7,"晴","日間自然光線",50,"多岔路","交叉口附近","柏油","乾燥","良好","無號誌","中央分向島","未繪設快慢車道分隔線","有",18,"未使用",121.278565,24.891838,"桃園市","大溪區"
"撞交通島","2019",5,21,7,"晴","日間自然光線",50,"多岔路","交叉口附近","柏油","乾燥","良好","無號誌","中央分向島","未繪設快慢車道分隔線","有",17,"非汽(機)車駕駛人",121.278565,24.891838,"桃園市","大溪區"
"撞橋樑、建築物","2019",5,22,5,"晴","日間自然光線",50,"直路","一般車道(未劃分快慢車道)","柏油","乾燥","良好","正常","中央分向島","快慢車道分隔線","有",24,"不明",120.506581,22.820325,"屏東縣","里港鄉"
"撞橋樑、建築物","2019",5,22,5,"晴","日間自然光線",50,"直路","一般車道(未劃分快慢車道)","柏油","乾燥","良好","正常","中央分向島","快慢車道分隔線","有",25,"不明",120.506581,22.820325,"屏東縣","里港鄉"
"撞護欄(樁)","2019",5,22,8,"晴","日間自然光線",50,"彎曲路及附近","一般車道(未劃分快慢車道)","柏油","乾燥","良好","無號誌","雙向禁止超車線","未繪設快慢車道分隔線","有",63,"未使用",120.514888,24.070158,"彰化縣","彰化市"
"追撞","2019",5,22,11,"陰","日間自然光線",70,"直路","快車道","柏油","乾燥","良好","無號誌","行車分向線","快慢車道分隔線","有",21,"未使用",121.109773,24.936728,"桃園市","楊梅區"
"追撞","2019",5,22,11,"陰","日間自然光線",70,"直路","快車道","柏油","乾燥","良好","無號誌","行車分向線","快慢車道分隔線","有",48,"未使用",121.109773,24.936728,"桃園市","楊梅區"
"追撞","2019",5,22,11,"陰","日間自然光線",70,"直路","快車道","柏油","乾燥","良好","無號誌","行車分向線","快慢車道分隔線","有",61,"未使用",121.109773,24.936728,"桃園市","楊梅區"
"路上翻車、摔倒","2019",5,22,21,"晴","夜間(或隧道、地下道、涵洞)有照明",40,"直路","一般車道(未劃分快慢車道)","柏油","乾燥","良好","無號誌","行車分向線","未繪設快慢車道分隔線","有",108,"",120.242313,22.790892,"高雄市","彌陀區"
"路上翻車、摔倒","2019",5,22,21,"晴","夜間(或隧道、地下道、涵洞)有照明",40,"直路","一般車道(未劃分快慢車道)","柏油","乾燥","良好","無號誌","行車分向線","未繪設快慢車道分隔線","有",24,"未使用",120.242313,22.790892,"高雄市","彌陀區"
"追撞","2019",5,23,10,"晴","夜間(或隧道、地下道、涵洞)無照明",50,"隧道","一般車道(未劃分快慢車道)","柏油","乾燥","良好","無號誌","雙向禁止超車線","未繪設快慢車道分隔線","有",59,"未使用",120.633622,22.6909,"屏東縣","瑪家鄉"
"追撞","2019",5,23,10,"晴","夜間(或隧道、地下道、涵洞)無照明",50,"隧道","一般車道(未劃分快慢車道)","柏油","乾燥","良好","無號誌","雙向禁止超車線","未繪設快慢車道分隔線","有",38,"未使用",120.633622,22.6909,"屏東縣","瑪家鄉"
"側撞","2019",5,23,14,"晴","日間自然光線",50,"三岔路","交叉路口內","柏油","乾燥","良好","無號誌","雙向禁止超車線","快慢車道分隔線","有",50,"未使用",120.433624,22.569754,"高雄市","大寮區"
"側撞","2019",5,23,14,"晴","日間自然光線",50,"三岔路","交叉路口內","柏油","乾燥","良好","無號誌","雙向禁止超車線","快慢車道分隔線","有",24,"未使用",120.433624,22.569754,"高雄市","大寮區"
"其他","2019",5,23,20,"陰","夜間(或隧道、地下道、涵洞)無照明",40,"坡路","其他","無鋪裝","泥濘","不良","無號誌","無","未繪設快慢車道分隔線","無",66,"不明",120.757222,23.71887,"南投縣","鹿谷鄉"
"其他","2019",5,23,20,"陰","夜間(或隧道、地下道、涵洞)無照明",40,"坡路","其他","無鋪裝","泥濘","不良","無號誌","無","未繪設快慢車道分隔線","無",41,"非汽(機)車駕駛人",120.757222,23.71887,"南投縣","鹿谷鄉"
"其他","2019",5,24,3,"晴","夜間(或隧道、地下道、涵洞)無照明",110,"直路","快車道","柏油","乾燥","良好","無號誌","中央分向島","未繪設快慢車道分隔線","有",66,"不明",120.717764,24.33357,"臺中市","后里區"
"其他","2019",5,24,3,"晴","夜間(或隧道、地下道、涵洞)無照明",110,"直路","快車道","柏油","乾燥","良好","無號誌","中央分向島","未繪設快慢車道分隔線","有",66,"不明",120.717764,24.33357,"臺中市","后里區"
"其他","2019",5,24,3,"晴","夜間(或隧道、地下道、涵洞)無照明",110,"直路","快車道","柏油","乾燥","良好","無號誌","中央分向島","未繪設快慢車道分隔線","有",46,"未使用",120.717764,24.33357,"臺中市","后里區"
"同向擦撞","2019",5,24,8,"晴","日間自然光線",50,"直路","快車道","柏油","乾燥","良好","無號誌","中央分向島","快慢車道分隔線","無",51,"未使用",120.67573,24.159217,"臺中市","北區"
"同向擦撞","2019",5,24,8,"晴","日間自然光線",50,"直路","快車道","柏油","乾燥","良好","無號誌","中央分向島","快慢車道分隔線","無",67,"未使用",120.67573,24.159217,"臺中市","北區"
"其他","2019",5,24,11,"晴","日間自然光線",50,"直路","路肩、路緣","柏油","乾燥","良好","無號誌","中央分向島","未繪設快慢車道分隔線","有",63,"不明",121.466259,25.04286,"新北市","三重區"
"其他","2019",5,24,11,"晴","日間自然光線",50,"直路","路肩、路緣","柏油","乾燥","良好","無號誌","中央分向島","未繪設快慢車道分隔線","有",38,"不明",121.466259,25.04286,"新北市","三重區"
"其他","2019",5,24,11,"晴","日間自然光線",50,"直路","路肩、路緣","柏油","乾燥","良好","無號誌","中央分向島","未繪設快慢車道分隔線","有",44,"不明",121.466259,25.04286,"新北市","三重區"
"其他","2019",5,24,11,"晴","日間自然光線",50,"直路","路肩、路緣","柏油","乾燥","良好","無號誌","中央分向島","未繪設快慢車道分隔線","有",28,"未使用",121.466259,25.04286,"新北市","三重區"
"其他","2019",5,24,11,"晴","日間自然光線",50,"直路","路肩、路緣","柏油","乾燥","良好","無號誌","中央分向島","未繪設快慢車道分隔線","有",31,"不明",121.466259,25.04286,"新北市","三重區"
"路口交岔撞","2019",5,24,13,"晴","日間自然光線",40,"四岔路","交叉路口內","柏油","乾燥","良好","正常","無","未繪設快慢車道分隔線","無",77,"未使用",120.633568,24.098295,"臺中市","烏日區"
"路口交岔撞","2019",5,24,13,"晴","日間自然光線",40,"四岔路","交叉路口內","柏油","乾燥","良好","正常","無","未繪設快慢車道分隔線","無",25,"未使用",120.633568,24.098295,"臺中市","烏日區"
"路口交岔撞","2019",5,24,13,"晴","日間自然光線",40,"四岔路","交叉路口內","柏油","乾燥","良好","無號誌","無","未繪設快慢車道分隔線","有",77,"未使用",121.053696,24.919995,"新竹縣","湖口鄉"
"路口交岔撞","2019",5,24,13,"晴","日間自然光線",40,"四岔路","交叉路口內","柏油","乾燥","良好","無號誌","無","未繪設快慢車道分隔線","有",34,"未使用",121.053696,24.919995,"新竹縣","湖口鄉"
"側撞","2019",5,24,14,"晴","日間自然光線",40,"直路","一般車道(未劃分快慢車道)","柏油","乾燥","良好","無號誌","無","未繪設快慢車道分隔線","有",74,"未使用",120.664265,24.096136,"臺中市","大里區"
"側撞","2019",5,24,14,"晴","日間自然光線",40,"直路","一般車道(未劃分快慢車道)","柏油","乾燥","良好","無號誌","無","未繪設快慢車道分隔線","有",42,"未使用",120.664265,24.096136,"臺中市","大里區"
"撞護欄(樁)","2019",5,24,15,"晴","日間自然光線",30,"彎曲路及附近","一般車道(未劃分快慢車道)","柏油","乾燥","良好","無號誌","無","未繪設快慢車道分隔線","無",64,"未使用",121.585958,25.094398,"臺北市","內湖區"
"側撞","2019",5,24,18,"晴","晨或暮光",60,"直路","路肩、路緣","柏油","乾燥","良好","無號誌","行車分向線","快慢車道分隔線","有",58,"未使用",120.239642,23.567344,"雲林縣","水林鄉"
"側撞","2019",5,24,18,"晴","晨或暮光",60,"直路","路肩、路緣","柏油","乾燥","良好","無號誌","行車分向線","快慢車道分隔線","有",21,"未使用",120.239642,23.567344,"雲林縣","水林鄉"
"側撞","2019",5,24,18,"晴","晨或暮光",60,"直路","路肩、路緣","柏油","乾燥","良好","無號誌","行車分向線","快慢車道分隔線","有",19,"非汽(機)車駕駛人",120.239642,23.567344,"雲林縣","水林鄉"
"撞非固定設施","2019",5,25,2,"晴","夜間(或隧道、地下道、涵洞)有照明",50,"彎曲路及附近","一般車道(未劃分快慢車道)","柏油","乾燥","良好","無號誌","無","未繪設快慢車道分隔線","有",29,"未使用",120.537333,22.675904,"屏東縣","長治鄉"
"對撞","2019",5,25,6,"晴","日間自然光線",50,"四岔路","交叉路口內","柏油","乾燥","良好","正常","無","未繪設快慢車道分隔線","無",63,"未使用",120.274031,23.030044,"臺南市","永康區"
"對撞","2019",5,25,6,"晴","日間自然光線",50,"四岔路","交叉路口內","柏油","乾燥","良好","正常","無","未繪設快慢車道分隔線","無",56,"非汽(機)車駕駛人",120.274031,23.030044,"臺南市","永康區"
"對撞","2019",5,25,6,"晴","日間自然光線",50,"四岔路","交叉路口內","柏油","乾燥","良好","正常","無","未繪設快慢車道分隔線","無",62,"未使用",120.274031,23.030044,"臺南市","永康區"
"對撞","2019",5,25,6,"晴","日間自然光線",50,"四岔路","交叉路口內","柏油","乾燥","良好","正常","無","未繪設快慢車道分隔線","無",27,"未使用",120.274031,23.030044,"臺南市","永康區"
"對撞","2019",5,25,6,"晴","日間自然光線",50,"四岔路","交叉路口內","柏油","乾燥","良好","正常","無","未繪設快慢車道分隔線","無",60,"未使用",120.274031,23.030044,"臺南市","永康區"
"對撞","2019",5,25,6,"晴","日間自然光線",50,"四岔路","交叉路口內","柏油","乾燥","良好","正常","無","未繪設快慢車道分隔線","無",28,"非汽(機)車駕駛人",120.274031,23.030044,"臺南市","永康區"
"路口交岔撞","2019",5,25,9,"晴","日間自然光線",50,"四岔路","交叉路口內","柏油","乾燥","良好","正常","雙向禁止超車線","未繪設快慢車道分隔線","有",79,"未使用",120.507604,22.736316,"屏東縣","九如鄉"
"路口交岔撞","2019",5,25,9,"晴","日間自然光線",50,"四岔路","交叉路口內","柏油","乾燥","良好","正常","雙向禁止超車線","未繪設快慢車道分隔線","有",22,"未使用",120.507604,22.736316,"屏東縣","九如鄉"
"撞路樹、電桿","2019",5,25,12,"晴","日間自然光線",50,"直路","一般車道(未劃分快慢車道)","柏油","乾燥","良好","無號誌","中央分向島","未繪設快慢車道分隔線","無",52,"未使用",121.359548,24.956608,"新北市","鶯歌區"
"撞路樹、電桿","2019",5,25,12,"晴","日間自然光線",50,"直路","一般車道(未劃分快慢車道)","柏油","乾燥","良好","無號誌","中央分向島","未繪設快慢車道分隔線","無",17,"非汽(機)車駕駛人",121.359548,24.956608,"新北市","鶯歌區"
"穿越道路中","2019",5,25,19,"晴","夜間(或隧道、地下道、涵洞)有照明",50,"直路","一般車道(未劃分快慢車道)","柏油","乾燥","良好","正常","雙向禁止超車線","未繪設快慢車道分隔線","無",58,"未使用",121.532926,24.977522,"新北市","新店區"
"穿越道路中","2019",5,25,19,"晴","夜間(或隧道、地下道、涵洞)有照明",50,"直路","一般車道(未劃分快慢車道)","柏油","乾燥","良好","正常","雙向禁止超車線","未繪設快慢車道分隔線","無",81,"非汽(機)車駕駛人",121.532926,24.977522,"新北市","新店區"
"撞路樹、電桿","2019",5,25,21,"晴","夜間(或隧道、地下道、涵洞)有照明",50,"直路","路肩、路緣","柏油","乾燥","良好","無號誌","單向禁止超車線","快慢車道分隔線","有",31,"未使用",120.574436,22.674801,"屏東縣","長治鄉"
"穿越道路中","2019",5,26,2,"晴","日間自然光線",50,"三岔路","交叉路口內","柏油","乾燥","良好","正常","無","未繪設快慢車道分隔線","無",53,"未使用",120.387749,23.495989,"嘉義縣","太保市"
"穿越道路中","2019",5,26,2,"晴","日間自然光線",50,"三岔路","交叉路口內","柏油","乾燥","良好","正常","無","未繪設快慢車道分隔線","無",83,"未使用",120.387749,23.495989,"嘉義縣","太保市"
"側撞","2019",5,26,12,"晴","日間自然光線",50,"多岔路","交叉路口內","柏油","乾燥","良好","正常","無","未繪設快慢車道分隔線","無",80,"未使用",120.290811,23.067529,"臺南市","新市區"
"側撞","2019",5,26,12,"晴","日間自然光線",50,"多岔路","交叉路口內","柏油","乾燥","良好","正常","無","未繪設快慢車道分隔線","無",17,"未使用",120.290811,23.067529,"臺南市","新市區"
"側撞","2019",5,26,12,"晴","日間自然光線",50,"多岔路","交叉路口內","柏油","乾燥","良好","正常","無","未繪設快慢車道分隔線","無",80,"非汽(機)車駕駛人",120.290811,23.067529,"臺南市","新市區"
"側撞","2019",5,26,14,"晴","日間自然光線",40,"三岔路","交叉路口內","柏油","乾燥","良好","正常","中央分向島","快慢車道分隔線","有",79,"未使用",120.476184,22.653572,"屏東縣","屏東市"
"側撞","2019",5,26,14,"晴","日間自然光線",40,"三岔路","交叉路口內","柏油","乾燥","良好","正常","中央分向島","快慢車道分隔線","有",37,"未使用",120.476184,22.653572,"屏東縣","屏東市"
"穿越道路中","2019",5,26,19,"晴","夜間(或隧道、地下道、涵洞)有照明",50,"三岔路","交叉口附近","柏油","乾燥","良好","正常","雙向禁止超車線","未繪設快慢車道分隔線","有",35,"未使用",120.415849,23.435514,"嘉義縣","水上鄉"
"穿越道路中","2019",5,26,19,"晴","夜間(或隧道、地下道、涵洞)有照明",50,"三岔路","交叉口附近","柏油","乾燥","良好","正常","雙向禁止超車線","未繪設快慢車道分隔線","有",67,"未使用",120.415849,23.435514,"嘉義縣","水上鄉"
"穿越道路中","2019",5,26,21,"晴","夜間(或隧道、地下道、涵洞)有照明",50,"直路","快車道","柏油","乾燥","良好","無號誌","行車分向線","快慢車道分隔線","無",60,"未使用",120.656427,24.258801,"臺中市","神岡區"
"穿越道路中","2019",5,26,21,"晴","夜間(或隧道、地下道、涵洞)有照明",50,"直路","快車道","柏油","乾燥","良好","無號誌","行車分向線","快慢車道分隔線","無",91,"不明",120.656427,24.258801,"臺中市","神岡區"
"其他","2019",5,27,4,"晴","夜間(或隧道、地下道、涵洞)有照明",100,"高架道路","一般車道(未劃分快慢車道)","柏油","乾燥","良好","無號誌","無","未繪設快慢車道分隔線","有",39,"非汽(機)車駕駛人",121.407404,25.05682,"新北市","泰山區"
"其他","2019",5,27,4,"晴","夜間(或隧道、地下道、涵洞)有照明",100,"高架道路","一般車道(未劃分快慢車道)","柏油","乾燥","良好","無號誌","無","未繪設快慢車道分隔線","有",63,"未使用",121.407404,25.05682,"新北市","泰山區"
"其他","2019",5,27,4,"晴","夜間(或隧道、地下道、涵洞)有照明",100,"高架道路","一般車道(未劃分快慢車道)","柏油","乾燥","良好","無號誌","無","未繪設快慢車道分隔線","有",65,"未使用",121.407404,25.05682,"新北市","泰山區"
"側撞","2019",5,27,9,"陰","日間自然光線",50,"四岔路","交叉路口內","柏油","乾燥","良好","正常","無","未繪設快慢車道分隔線","無",44,"未使用",121.141102,24.901626,"桃園市","楊梅區"
"側撞","2019",5,27,9,"陰","日間自然光線",50,"四岔路","交叉路口內","柏油","乾燥","良好","正常","無","未繪設快慢車道分隔線","無",77,"未使用",121.141102,24.901626,"桃園市","楊梅區"
"側撞","2019",5,27,9,"陰","日間自然光線",50,"四岔路","交叉路口內","柏油","乾燥","良好","正常","無","未繪設快慢車道分隔線","無",76,"非汽(機)車駕駛人",121.141102,24.901626,"桃園市","楊梅區"
"其他","2019",5,27,11,"陰","日間自然光線",40,"直路","慢車道","柏油","乾燥","良好","無號誌","雙向禁止超車線","快慢車道分隔線","無",72,"不明",120.301494,22.62971,"高雄市","新興區"
"其他","2019",5,27,11,"陰","日間自然光線",40,"直路","慢車道","柏油","乾燥","良好","無號誌","雙向禁止超車線","快慢車道分隔線","無",41,"未使用",120.301494,22.62971,"高雄市","新興區"
"同向擦撞","2019",5,27,12,"雨","日間自然光線",50,"四岔路","交叉路口內","柏油","濕潤","良好","正常","行車分向線","未繪設快慢車道分隔線","有",55,"不明",121.489463,24.996098,"新北市","中和區"
"同向擦撞","2019",5,27,12,"雨","日間自然光線",50,"四岔路","交叉路口內","柏油","濕潤","良好","正常","行車分向線","未繪設快慢車道分隔線","有",65,"不明",121.489463,24.996098,"新北市","中和區"
"路口交岔撞","2019",5,27,12,"雨","日間自然光線",50,"四岔路","交叉路口內","柏油","濕潤","良好","無號誌","無","未繪設快慢車道分隔線","無",27,"不明",120.654554,24.397725,"臺中市","大甲區"
"路口交岔撞","2019",5,27,12,"雨","日間自然光線",50,"四岔路","交叉路口內","柏油","濕潤","良好","無號誌","無","未繪設快慢車道分隔線","無",44,"未使用",120.654554,24.397725,"臺中市","大甲區"
"路口交岔撞","2019",5,27,13,"雨","日間自然光線",50,"四岔路","交叉口附近","柏油","濕潤","良好","正常","中央分向島","未繪設快慢車道分隔線","無",80,"非汽(機)車駕駛人",121.492117,25.032841,"臺北市","萬華區"
"路口交岔撞","2019",5,27,13,"雨","日間自然光線",50,"四岔路","交叉口附近","柏油","濕潤","良好","正常","中央分向島","未繪設快慢車道分隔線","無",19,"未使用",121.492117,25.032841,"臺北市","萬華區"
"追撞","2019",5,27,13,"晴","日間自然光線",100,"直路","一般車道(未劃分快慢車道)","柏油","乾燥","良好","無號誌","中央分向島","未繪設快慢車道分隔線","有",37,"未使用",121.213828,25.056851,"桃園市","大園區"
"追撞","2019",5,27,13,"晴","日間自然光線",100,"直路","一般車道(未劃分快慢車道)","柏油","乾燥","良好","無號誌","中央分向島","未繪設快慢車道分隔線","有",58,"未使用",121.213828,25.056851,"桃園市","大園區"
"追撞","2019",5,27,13,"晴","日間自然光線",100,"直路","一般車道(未劃分快慢車道)","柏油","乾燥","良好","無號誌","中央分向島","未繪設快慢車道分隔線","有",30,"未使用",121.213828,25.056851,"桃園市","大園區"
"路口交岔撞","2019",5,28,6,"陰","日間自然光線",50,"四岔路","交叉路口內","柏油","乾燥","良好","正常","無","未繪設快慢車道分隔線","無",41,"未使用",120.900594,24.698348,"苗栗縣","頭份市"
"路口交岔撞","2019",5,28,6,"陰","日間自然光線",50,"四岔路","交叉路口內","柏油","乾燥","良好","正常","無","未繪設快慢車道分隔線","無",84,"未使用",120.900594,24.698348,"苗栗縣","頭份市"
"對撞","2019",5,28,12,"雨","日間自然光線",50,"直路","一般車道(未劃分快慢車道)","柏油","濕潤","良好","無號誌","雙向禁止超車線","未繪設快慢車道分隔線","有",60,"未使用",120.539097,23.442888,"嘉義縣","中埔鄉"
"對撞","2019",5,28,12,"雨","日間自然光線",50,"直路","一般車道(未劃分快慢車道)","柏油","濕潤","良好","無號誌","雙向禁止超車線","未繪設快慢車道分隔線","有",47,"未使用",120.539097,23.442888,"嘉義縣","中埔鄉"
"路上翻車、摔倒","2019",5,28,15,"陰","日間自然光線",50,"直路","路肩、路緣","柏油","乾燥","良好","無號誌","雙向禁止超車線","未繪設快慢車道分隔線","有",59,"未使用",120.814343,24.564537,"苗栗縣","苗栗市"
"路上翻車、摔倒","2019",5,29,7,"陰","日間自然光線",50,"直路","一般車道(未劃分快慢車道)","柏油","乾燥","良好","無號誌","無","未繪設快慢車道分隔線","有",47,"未使用",121.414452,25.022988,"新北市","新莊區"
"對撞","2019",5,29,13,"陰","日間自然光線",40,"彎曲路及附近","一般車道(未劃分快慢車道)","柏油","乾燥","不良","無號誌","雙向禁止超車線","未繪設快慢車道分隔線","有",65,"未使用",121.07559,24.782879,"新竹縣","芎林鄉"
"對撞","2019",5,29,13,"陰","日間自然光線",40,"彎曲路及附近","一般車道(未劃分快慢車道)","柏油","乾燥","不良","無號誌","雙向禁止超車線","未繪設快慢車道分隔線","有",61,"未使用",121.07559,24.782879,"新竹縣","芎林鄉"
"側撞","2019",5,29,16,"晴","日間自然光線",50,"直路","一般車道(未劃分快慢車道)","柏油","乾燥","良好","無號誌","行車分向線","未繪設快慢車道分隔線","有",33,"未使用",121.005446,24.846843,"新竹縣","竹北市"
"側撞","2019",5,29,16,"晴","日間自然光線",50,"直路","一般車道(未劃分快慢車道)","柏油","乾燥","良好","無號誌","行車分向線","未繪設快慢車道分隔線","有",18,"未使用",121.005446,24.846843,"新竹縣","竹北市"
"追撞","2019",5,30,14,"晴","日間自然光線",80,"高架道路","一般車道(未劃分快慢車道)","柏油","乾燥","良好","無號誌","中央分向島","未繪設快慢車道分隔線","有",21,"未使用",121.498713,25.108244,"臺北市","北投區"
"追撞","2019",5,30,14,"晴","日間自然光線",80,"高架道路","一般車道(未劃分快慢車道)","柏油","乾燥","良好","無號誌","中央分向島","未繪設快慢車道分隔線","有",95,"非汽(機)車駕駛人",121.498713,25.108244,"臺北市","北投區"
"追撞","2019",5,30,14,"晴","日間自然光線",80,"高架道路","一般車道(未劃分快慢車道)","柏油","乾燥","良好","無號誌","中央分向島","未繪設快慢車道分隔線","有",33,"非汽(機)車駕駛人",121.498713,25.108244,"臺北市","北投區"
"追撞","2019",5,30,14,"晴","日間自然光線",80,"高架道路","一般車道(未劃分快慢車道)","柏油","乾燥","良好","無號誌","中央分向島","未繪設快慢車道分隔線","有",64,"未使用",121.498713,25.108244,"臺北市","北投區"
"側撞","2019",5,30,15,"晴","日間自然光線",50,"三岔路","交叉路口內","柏油","乾燥","良好","正常","雙向禁止超車線","未繪設快慢車道分隔線","有",56,"不明",121.73323,25.107603,"新北市","瑞芳區"
"側撞","2019",5,30,15,"晴","日間自然光線",50,"三岔路","交叉路口內","柏油","乾燥","良好","正常","雙向禁止超車線","未繪設快慢車道分隔線","有",33,"未使用",121.73323,25.107603,"新北市","瑞芳區"
"路口交岔撞","2019",5,31,6,"晴","日間自然光線",50,"四岔路","交叉路口內","柏油","乾燥","良好","正常","單向禁止超車線","快慢車道分隔線","有",38,"未使用",120.443993,24.03502,"彰化縣","福興鄉"
"路口交岔撞","2019",5,31,6,"晴","日間自然光線",50,"四岔路","交叉路口內","柏油","乾燥","良好","正常","單向禁止超車線","快慢車道分隔線","有",44,"未使用",120.443993,24.03502,"彰化縣","福興鄉"
"其他","2019",5,31,6,"晴","晨或暮光",50,"四岔路","交叉口附近","柏油","乾燥","良好","正常","雙向禁止超車線","未繪設快慢車道分隔線","無",35,"不明",121.536174,25.046028,"臺北市","中山區"
"其他","2019",5,31,6,"晴","晨或暮光",50,"四岔路","交叉口附近","柏油","乾燥","良好","正常","雙向禁止超車線","未繪設快慢車道分隔線","無",68,"非汽(機)車駕駛人",121.536174,25.046028,"臺北市","中山區"
"追撞","2019",5,31,7,"晴","日間自然光線",60,"四岔路","交叉路口內","柏油","乾燥","良好","正常","無","快慢車道分隔線","有",75,"未使用",120.881993,24.657649,"苗栗縣","頭份市"
"追撞","2019",5,31,7,"晴","日間自然光線",60,"四岔路","交叉路口內","柏油","乾燥","良好","正常","無","快慢車道分隔線","有",54,"未使用",120.881993,24.657649,"苗栗縣","頭份市"
"衝出路外","2019",5,31,10,"晴","日間自然光線",50,"三岔路","交叉口附近","柏油","乾燥","良好","無號誌","無","未繪設快慢車道分隔線","無",80,"未使用",120.705246,23.828453,"南投縣","名間鄉"
"同向通行中","2019",5,31,12,"晴","日間自然光線",50,"直路","慢車道","柏油","乾燥","良好","無號誌","雙向禁止超車線","快慢車道分隔線","無",42,"未使用",120.531493,24.25729,"臺中市","梧棲區"
"同向通行中","2019",5,31,12,"晴","日間自然光線",50,"直路","慢車道","柏油","乾燥","良好","無號誌","雙向禁止超車線","快慢車道分隔線","無",70,"非汽(機)車駕駛人",120.531493,24.25729,"臺中市","梧棲區"
"同向通行中","2019",5,31,12,"晴","日間自然光線",50,"直路","慢車道","柏油","乾燥","良好","無號誌","雙向禁止超車線","快慢車道分隔線","無",20,"非汽(機)車駕駛人",120.531493,24.25729,"臺中市","梧棲區"
"撞路樹、電桿","2019",5,31,14,"晴","日間自然光線",50,"直路","一般車道(未劃分快慢車道)","柏油","乾燥","良好","無號誌","雙向禁止超車線","未繪設快慢車道分隔線","無",61,"未使用",120.388348,23.674001,"雲林縣","土庫鎮"
"撞護欄(樁)","2019",6,1,8,"雨","日間自然光線",50,"直路","一般車道(未劃分快慢車道)","柏油","濕潤","良好","無號誌","中央分向島","寛式快慢車道分隔島(50公分以上)","有",23,"不明",120.89429,24.741197,"新竹市","香山區"
"追撞","2019",6,1,19,"晴","夜間(或隧道、地下道、涵洞)有照明",40,"直路","一般車道(未劃分快慢車道)","柏油","乾燥","良好","無號誌","行車分向線","未繪設快慢車道分隔線","有",82,"未使用",120.542455,23.82438,"彰化縣","溪州鄉"
"追撞","2019",6,1,19,"晴","夜間(或隧道、地下道、涵洞)有照明",40,"直路","一般車道(未劃分快慢車道)","柏油","乾燥","良好","無號誌","行車分向線","未繪設快慢車道分隔線","有",38,"未使用",120.542455,23.82438,"彰化縣","溪州鄉"
"路口交岔撞","2019",6,1,19,"晴","夜間(或隧道、地下道、涵洞)有照明",50,"四岔路","交叉路口內","柏油","乾燥","良好","正常","無","未繪設快慢車道分隔線","無",25,"未使用",121.126979,25.054941,"桃園市","觀音區"