"事故類型及型態子類別名稱","發生年度","發生月份","發生日期","發生時間","天候名稱","光線名稱","速限.第1當事者","道路型態子類別名稱","事故位置子類別名稱","路面狀況.路面鋪裝名稱","路面狀況.路面狀態名稱","道路障礙.視距品質名稱","號誌.號誌動作名稱","車道劃分設施.分向設施大類別名稱","車道劃分設施.分道設施.快慢車道間名稱","車道劃分設施.分道設施.路面邊線名稱","當事者事故發生時年齡","行動電話或電腦或其他相類功能裝置名稱","經度","緯度","縣市","鄉鎮"
"路口交岔撞","2019",6,1,19,"晴","夜間(或隧道、地下道、涵洞)有照明",50,"四岔路","交叉路口內","柏油","乾燥","良好","正常","無","未繪設快慢車道分隔線","無",37,"未使用",121.126979,25.054941,"桃園市","觀音區"
"路口交岔撞","2019",6,1,19,"晴","夜間(或隧道、地下道、涵洞)有照明",50,"四岔路","交叉路口內","柏油","乾燥","良好","正常","無","未繪設快慢車道分隔線","無",34,"未使用",121.126979,25.054941,"桃園市","觀音區"
"追撞","2019",6,1,22,"晴","夜間(或隧道、地下道、涵洞)有照明",50,"直路","一般車道(未劃分快慢車道)","柏油","乾燥","良好","無號誌","行車分向線","未繪設快慢車道分隔線","有",19,"未使用",121.39263,25.016146,"桃園市","龜山區"
"追撞","2019",6,1,22,"晴","夜間(或隧道、地下道、涵洞)有照明",50,"直路","一般車道(未劃分快慢車道)","柏油","乾燥","良好","無號誌","行車分向線","未繪設快慢車道分隔線","有",23,"未使用",121.39263,25.016146,"桃園市","龜山區"
"追撞","2019",6,1,22,"晴","夜間(或隧道、地下道、涵洞)有照明",50,"直路","一般車道(未劃分快慢車道)","柏油","乾燥","良好","無號誌","行車分向線","未繪設快慢車道分隔線","有",64,"未使用",121.39263,25.016146,"桃園市","龜山區"
"追撞","2019",6,1,22,"晴","夜間(或隧道、地下道、涵洞)有照明",50,"直路","一般車道(未劃分快慢車道)","柏油","乾燥","良好","無號誌","行車分向線","未繪設快慢車道分隔線","有",55,"未使用",121.39263,25.016146,"桃園市","龜山區"
"路上翻車、摔倒","2019",6,2,2,"陰","夜間(或隧道、地下道、涵洞)有照明",50,"彎曲路及附近","一般車道(未劃分快慢車道)","柏油","乾燥","良好","無號誌","行車分向線","未繪設快慢車道分隔線","無",20,"不明",121.400119,25.140571,"新北市","八里區"
"同向擦撞","2019",6,2,17,"晴","日間自然光線",70,"四岔路","交叉口附近","柏油","乾燥","良好","正常","中央分向島","未繪設快慢車道分隔線","有",15,"未使用",120.462638,22.830017,"高雄市","旗山區"
"同向擦撞","2019",6,2,17,"晴","日間自然光線",70,"四岔路","交叉口附近","柏油","乾燥","良好","正常","中央分向島","未繪設快慢車道分隔線","有",90,"未使用",120.462638,22.830017,"高雄市","旗山區"
"路上翻車、摔倒","2019",6,3,5,"陰","日間自然光線",70,"直路","其他","柏油","乾燥","良好","無號誌","無","未繪設快慢車道分隔線","無",76,"未使用",121.563687,23.900156,"花蓮縣","壽豐鄉"
"側撞","2019",6,3,11,"晴","日間自然光線",40,"四岔路","交叉路口內","柏油","乾燥","良好","無號誌","無","未繪設快慢車道分隔線","無",44,"不明",120.508579,22.533713,"屏東縣","崁頂鄉"
"側撞","2019",6,3,11,"晴","日間自然光線",40,"四岔路","交叉路口內","柏油","乾燥","良好","無號誌","無","未繪設快慢車道分隔線","無",52,"不明",120.508579,22.533713,"屏東縣","崁頂鄉"
"其他","2019",6,3,15,"晴","日間自然光線",50,"巷弄","一般車道(未劃分快慢車道)","柏油","乾燥","良好","無號誌","無","未繪設快慢車道分隔線","有",68,"未使用",121.574007,25.039657,"臺北市","信義區"
"其他","2019",6,3,15,"晴","日間自然光線",50,"巷弄","一般車道(未劃分快慢車道)","柏油","乾燥","良好","無號誌","無","未繪設快慢車道分隔線","有",80,"非汽(機)車駕駛人",121.574007,25.039657,"臺北市","信義區"
"其他","2019",6,3,15,"晴","日間自然光線",50,"直路","快車道","柏油","乾燥","良好","無號誌","雙向禁止超車線","快慢車道分隔線","無",64,"未使用",120.442741,23.455056,"嘉義市","西區"
"其他","2019",6,3,15,"晴","日間自然光線",50,"直路","快車道","柏油","乾燥","良好","無號誌","雙向禁止超車線","快慢車道分隔線","無",24,"未使用",120.442741,23.455056,"嘉義市","西區"
"穿越道路中","2019",6,3,15,"晴","日間自然光線",60,"三岔路","交叉路口內","柏油","乾燥","良好","無號誌","無","未繪設快慢車道分隔線","無",20,"未使用",121.276279,24.85083,"桃園市","大溪區"
"穿越道路中","2019",6,3,15,"晴","日間自然光線",60,"三岔路","交叉路口內","柏油","乾燥","良好","無號誌","無","未繪設快慢車道分隔線","無",67,"非汽(機)車駕駛人",121.276279,24.85083,"桃園市","大溪區"
"其他","2019",6,3,20,"晴","夜間(或隧道、地下道、涵洞)有照明",30,"直路","一般車道(未劃分快慢車道)","柏油","乾燥","良好","無號誌","行車分向線","未繪設快慢車道分隔線","有",54,"未使用",120.687599,22.911937,"高雄市","茂林區"
"其他","2019",6,3,20,"晴","夜間(或隧道、地下道、涵洞)有照明",30,"直路","一般車道(未劃分快慢車道)","柏油","乾燥","良好","無號誌","行車分向線","未繪設快慢車道分隔線","有",44,"不明",120.687599,22.911937,"高雄市","茂林區"
"其他","2019",6,3,20,"晴","夜間(或隧道、地下道、涵洞)有照明",30,"直路","一般車道(未劃分快慢車道)","柏油","乾燥","良好","無號誌","行車分向線","未繪設快慢車道分隔線","有",39,"未使用",120.687599,22.911937,"高雄市","茂林區"
"其他","2019",6,4,4,"晴","夜間(或隧道、地下道、涵洞)無照明",90,"直路","快車道","柏油","乾燥","良好","無號誌","中央分向島","未繪設快慢車道分隔線","有",58,"未使用",121.095043,24.888017,"新竹縣","湖口鄉"
"其他","2019",6,4,4,"晴","夜間(或隧道、地下道、涵洞)無照明",90,"直路","快車道","柏油","乾燥","良好","無號誌","中央分向島","未繪設快慢車道分隔線","有",34,"未使用",121.095043,24.888017,"新竹縣","湖口鄉"
"其他","2019",6,4,4,"晴","夜間(或隧道、地下道、涵洞)無照明",90,"直路","快車道","柏油","乾燥","良好","無號誌","中央分向島","未繪設快慢車道分隔線","有",64,"未使用",121.095043,24.888017,"新竹縣","湖口鄉"
"路口交岔撞","2019",6,4,5,"晴","日間自然光線",50,"四岔路","交叉路口內","柏油","乾燥","良好","正常","無","未繪設快慢車道分隔線","無",36,"未使用",120.713298,24.167284,"臺中市","北屯區"
"路口交岔撞","2019",6,4,5,"晴","日間自然光線",50,"四岔路","交叉路口內","柏油","乾燥","良好","正常","無","未繪設快慢車道分隔線","無",60,"未使用",120.713298,24.167284,"臺中市","北屯區"
"同向擦撞","2019",6,4,10,"雨","日間自然光線",50,"直路","慢車道","柏油","濕潤","良好","無號誌","雙向禁止超車線","快慢車道分隔線","無",70,"未使用",120.371101,22.571752,"高雄市","小港區"
"同向擦撞","2019",6,4,10,"雨","日間自然光線",50,"直路","慢車道","柏油","濕潤","良好","無號誌","雙向禁止超車線","快慢車道分隔線","無",51,"未使用",120.371101,22.571752,"高雄市","小港區"
"穿越道路中","2019",6,4,17,"雨","晨或暮光",70,"直路","快車道","柏油","濕潤","良好","無號誌","中央分向島","寛式快慢車道分隔島(50公分以上)","有",63,"未使用",120.462037,22.654121,"屏東縣","屏東市"
"穿越道路中","2019",6,4,17,"雨","晨或暮光",70,"直路","快車道","柏油","濕潤","良好","無號誌","中央分向島","寛式快慢車道分隔島(50公分以上)","有",24,"未使用",120.462037,22.654121,"屏東縣","屏東市"
"撞路樹、電桿","2019",6,4,18,"陰","日間自然光線",40,"直路","一般車道(未劃分快慢車道)","柏油","乾燥","良好","無號誌","雙向禁止超車線","未繪設快慢車道分隔線","有",24,"未使用",121.034668,24.760666,"新竹縣","竹東鎮"
"路口交岔撞","2019",6,4,19,"晴","夜間(或隧道、地下道、涵洞)有照明",50,"四岔路","交叉口附近","柏油","乾燥","良好","正常","無","未繪設快慢車道分隔線","無",30,"未使用",120.376667,22.626909,"高雄市","鳳山區"
"路口交岔撞","2019",6,4,19,"晴","夜間(或隧道、地下道、涵洞)有照明",50,"四岔路","交叉口附近","柏油","乾燥","良好","正常","無","未繪設快慢車道分隔線","無",25,"未使用",120.376667,22.626909,"高雄市","鳳山區"
"側撞","2019",6,4,19,"晴","夜間(或隧道、地下道、涵洞)有照明",50,"四岔路","交叉路口內","柏油","乾燥","良好","正常","無","未繪設快慢車道分隔線","無",53,"未使用",121.239632,24.979136,"桃園市","中壢區"
"側撞","2019",6,4,19,"晴","夜間(或隧道、地下道、涵洞)有照明",50,"四岔路","交叉路口內","柏油","乾燥","良好","正常","無","未繪設快慢車道分隔線","無",49,"未使用",121.239632,24.979136,"桃園市","中壢區"
"路口交岔撞","2019",6,4,21,"晴","夜間(或隧道、地下道、涵洞)有照明",50,"四岔路","交叉路口內","柏油","乾燥","良好","正常","無","未繪設快慢車道分隔線","無",20,"未使用",120.45955,23.570908,"嘉義縣","民雄鄉"
"路口交岔撞","2019",6,4,21,"晴","夜間(或隧道、地下道、涵洞)有照明",50,"四岔路","交叉路口內","柏油","乾燥","良好","正常","無","未繪設快慢車道分隔線","無",18,"非汽(機)車駕駛人",120.45955,23.570908,"嘉義縣","民雄鄉"
"路口交岔撞","2019",6,4,21,"晴","夜間(或隧道、地下道、涵洞)有照明",50,"四岔路","交叉路口內","柏油","乾燥","良好","正常","無","未繪設快慢車道分隔線","無",40,"未使用",120.45955,23.570908,"嘉義縣","民雄鄉"
"撞路樹、電桿","2019",6,5,1,"晴","夜間(或隧道、地下道、涵洞)有照明",50,"直路","一般車道(未劃分快慢車道)","柏油","乾燥","良好","無號誌","雙向禁止超車線","未繪設快慢車道分隔線","無",52,"不明",120.680648,24.249146,"臺中市","神岡區"
"撞路樹、電桿","2019",6,5,1,"晴","夜間(或隧道、地下道、涵洞)有照明",50,"直路","一般車道(未劃分快慢車道)","柏油","乾燥","良好","無號誌","雙向禁止超車線","未繪設快慢車道分隔線","無",77,"不明",120.680648,24.249146,"臺中市","神岡區"
"路上翻車、摔倒","2019",6,5,12,"晴","日間自然光線",40,"四岔路","交叉口附近","柏油","乾燥","良好","無號誌","無","未繪設快慢車道分隔線","無",22,"未使用",121.22228,25.038015,"桃園市","大園區"
"路上翻車、摔倒","2019",6,5,12,"晴","日間自然光線",40,"四岔路","交叉口附近","柏油","乾燥","良好","無號誌","無","未繪設快慢車道分隔線","無",26,"未使用",121.22228,25.038015,"桃園市","大園區"
"對向擦撞","2019",6,5,16,"晴","日間自然光線",50,"四岔路","交叉路口內","柏油","乾燥","良好","正常","中央分向島","快慢車道分隔線","有",56,"未使用",120.135652,23.081244,"臺南市","南區"
"對向擦撞","2019",6,5,16,"晴","日間自然光線",50,"四岔路","交叉路口內","柏油","乾燥","良好","正常","中央分向島","快慢車道分隔線","有",41,"未使用",120.135652,23.081244,"臺南市","南區"
"路上翻車、摔倒","2019",6,5,22,"陰","夜間(或隧道、地下道、涵洞)有照明",50,"三岔路","交叉路口內","柏油","濕潤","良好","無號誌","雙向禁止超車線","未繪設快慢車道分隔線","有",56,"不明",121.680073,24.662613,"宜蘭縣","三星鄉"
"撞交通島","2019",6,5,23,"晴","夜間(或隧道、地下道、涵洞)有照明",50,"三岔路","交叉口附近","柏油","乾燥","良好","無號誌","中央分向島","窄式快慢車道分隔島(無柵欄)","有",41,"不明",120.414537,23.733274,"雲林縣","虎尾鎮"
"對撞","2019",6,6,11,"晴","日間自然光線",50,"彎曲路及附近","快車道","柏油","乾燥","良好","無號誌","雙向禁止超車線","快慢車道分隔線","有",20,"不明",120.5007,22.88605,"高雄市","內門區"
"對撞","2019",6,6,11,"晴","日間自然光線",50,"彎曲路及附近","快車道","柏油","乾燥","良好","無號誌","雙向禁止超車線","快慢車道分隔線","有",36,"未使用",120.5007,22.88605,"高雄市","內門區"
"撞路樹、電桿","2019",6,6,14,"晴","日間自然光線",50,"直路","一般車道(未劃分快慢車道)","柏油","乾燥","良好","無號誌","無","未繪設快慢車道分隔線","無",44,"未使用",120.282031,23.202673,"臺南市","麻豆區"
"撞路樹、電桿","2019",6,6,16,"陰","日間自然光線",60,"直路","路肩、路緣","柏油","乾燥","良好","無號誌","無","未繪設快慢車道分隔線","無",94,"非汽(機)車駕駛人",121.27214,23.206191,"花蓮縣","富里鄉"
"撞路樹、電桿","2019",6,6,16,"陰","日間自然光線",60,"直路","路肩、路緣","柏油","乾燥","良好","無號誌","無","未繪設快慢車道分隔線","無",60,"未使用",121.27214,23.206191,"花蓮縣","富里鄉"
"撞路樹、電桿","2019",6,6,16,"陰","日間自然光線",60,"直路","路肩、路緣","柏油","乾燥","良好","無號誌","無","未繪設快慢車道分隔線","無",61,"非汽(機)車駕駛人",121.27214,23.206191,"花蓮縣","富里鄉"
"撞路樹、電桿","2019",6,6,16,"陰","日間自然光線",60,"直路","路肩、路緣","柏油","乾燥","良好","無號誌","無","未繪設快慢車道分隔線","無",32,"非汽(機)車駕駛人",121.27214,23.206191,"花蓮縣","富里鄉"
"側撞","2019",6,6,17,"晴","日間自然光線",50,"直路","一般車道(未劃分快慢車道)","柏油","乾燥","良好","無號誌","行車分向線","未繪設快慢車道分隔線","有",55,"非汽(機)車駕駛人",120.247071,22.738737,"高雄市","梓官區"
"側撞","2019",6,6,17,"晴","日間自然光線",50,"直路","一般車道(未劃分快慢車道)","柏油","乾燥","良好","無號誌","行車分向線","未繪設快慢車道分隔線","有",61,"未使用",120.247071,22.738737,"高雄市","梓官區"
"側撞","2019",6,6,17,"晴","日間自然光線",50,"四岔路","交叉路口內","柏油","乾燥","良好","正常","中央分向島","快慢車道分隔線","無",30,"未使用",120.568775,24.255901,"臺中市","沙鹿區"
"側撞","2019",6,6,17,"晴","日間自然光線",50,"四岔路","交叉路口內","柏油","乾燥","良好","正常","中央分向島","快慢車道分隔線","無",19,"未使用",120.568775,24.255901,"臺中市","沙鹿區"
"其他","2019",6,6,20,"晴","夜間(或隧道、地下道、涵洞)有照明",50,"四岔路","交叉路口內","柏油","乾燥","良好","正常","無","未繪設快慢車道分隔線","無",21,"未使用",120.656944,24.134019,"臺中市","南區"
"其他","2019",6,6,20,"晴","夜間(或隧道、地下道、涵洞)有照明",50,"四岔路","交叉路口內","柏油","乾燥","良好","正常","無","未繪設快慢車道分隔線","無",25,"未使用",120.656944,24.134019,"臺中市","南區"
"其他","2019",6,6,20,"晴","夜間(或隧道、地下道、涵洞)有照明",50,"四岔路","交叉路口內","柏油","乾燥","良好","正常","無","未繪設快慢車道分隔線","無",21,"未使用",120.656944,24.134019,"臺中市","南區"
"衝出路外","2019",6,7,6,"晴","日間自然光線",40,"直路","路肩、路緣","柏油","乾燥","良好","無號誌","無","未繪設快慢車道分隔線","有",48,"未使用",121.738712,24.726087,"宜蘭縣","宜蘭市"
"同向擦撞","2019",6,7,20,"晴","夜間(或隧道、地下道、涵洞)有照明",60,"直路","慢車道","柏油","乾燥","良好","無號誌","行車分向線","快慢車道分隔線","有",42,"不明",120.229672,23.623731,"雲林縣","四湖鄉"
"同向擦撞","2019",6,7,20,"晴","夜間(或隧道、地下道、涵洞)有照明",60,"直路","慢車道","柏油","乾燥","良好","無號誌","行車分向線","快慢車道分隔線","有",16,"不明",120.229672,23.623731,"雲林縣","四湖鄉"
"同向擦撞","2019",6,7,20,"晴","夜間(或隧道、地下道、涵洞)有照明",60,"直路","慢車道","柏油","乾燥","良好","無號誌","行車分向線","快慢車道分隔線","有",16,"非汽(機)車駕駛人",120.229672,23.623731,"雲林縣","四湖鄉"
"穿越道路中","2019",6,8,4,"晴","晨或暮光",50,"直路","一般車道(未劃分快慢車道)","柏油","乾燥","良好","正常","行車分向線","未繪設快慢車道分隔線","有",35,"未使用",120.389027,22.614161,"高雄市","大寮區"
"穿越道路中","2019",6,8,4,"晴","晨或暮光",50,"直路","一般車道(未劃分快慢車道)","柏油","乾燥","良好","正常","行車分向線","未繪設快慢車道分隔線","有",90,"非汽(機)車駕駛人",120.389027,22.614161,"高雄市","大寮區"
"路口交岔撞","2019",6,8,7,"晴","日間自然光線",40,"四岔路","交叉路口內","柏油","乾燥","良好","無號誌","無","未繪設快慢車道分隔線","無",46,"未使用",120.317403,23.802636,"雲林縣","崙背鄉"
"路口交岔撞","2019",6,8,7,"晴","日間自然光線",40,"四岔路","交叉路口內","柏油","乾燥","良好","無號誌","無","未繪設快慢車道分隔線","無",40,"未使用",120.317403,23.802636,"雲林縣","崙背鄉"
"路口交岔撞","2019",6,8,13,"晴","日間自然光線",40,"四岔路","交叉路口內","柏油","乾燥","不良","無號誌","無","未繪設快慢車道分隔線","有",35,"未使用",120.835162,24.562975,"苗栗縣","苗栗市"
"路口交岔撞","2019",6,8,13,"晴","日間自然光線",40,"四岔路","交叉路口內","柏油","乾燥","不良","無號誌","無","未繪設快慢車道分隔線","有",66,"未使用",120.835162,24.562975,"苗栗縣","苗栗市"
"其他","2019",6,8,16,"晴","日間自然光線",40,"三岔路","交叉口附近","柏油","乾燥","良好","無號誌","無","未繪設快慢車道分隔線","無",47,"未使用",120.590057,22.383788,"屏東縣","枋寮鄉"
"其他","2019",6,8,16,"晴","日間自然光線",40,"三岔路","交叉口附近","柏油","乾燥","良好","無號誌","無","未繪設快慢車道分隔線","無",35,"未使用",120.590057,22.383788,"屏東縣","枋寮鄉"
"路上翻車、摔倒","2019",6,8,17,"晴","日間自然光線",40,"彎曲路及附近","一般車道(未劃分快慢車道)","柏油","乾燥","良好","無號誌","無","未繪設快慢車道分隔線","無",45,"不明",121.128047,24.620541,"新竹縣","五峰鄉"
"側撞","2019",6,8,18,"晴","日間自然光線",50,"三岔路","交叉口附近","柏油","乾燥","良好","無號誌","雙向禁止超車線","快慢車道分隔線","有",68,"未使用",120.495447,22.736223,"屏東縣","九如鄉"
"側撞","2019",6,8,18,"晴","日間自然光線",50,"三岔路","交叉口附近","柏油","乾燥","良好","無號誌","雙向禁止超車線","快慢車道分隔線","有",53,"未使用",120.495447,22.736223,"屏東縣","九如鄉"
"路口交岔撞","2019",6,8,19,"晴","夜間(或隧道、地下道、涵洞)有照明",40,"四岔路","交叉路口內","柏油","乾燥","不良","無號誌","無","未繪設快慢車道分隔線","無",24,"不明",120.37833,23.848241,"彰化縣","竹塘鄉"
"路口交岔撞","2019",6,8,19,"晴","夜間(或隧道、地下道、涵洞)有照明",40,"四岔路","交叉路口內","柏油","乾燥","不良","無號誌","無","未繪設快慢車道分隔線","無",71,"不明",120.37833,23.848241,"彰化縣","竹塘鄉"
"路口交岔撞","2019",6,8,19,"晴","夜間(或隧道、地下道、涵洞)有照明",40,"四岔路","交叉路口內","柏油","乾燥","不良","無號誌","無","未繪設快慢車道分隔線","無",71,"非汽(機)車駕駛人",120.37833,23.848241,"彰化縣","竹塘鄉"
"其他","2019",6,9,0,"晴","夜間(或隧道、地下道、涵洞)有照明",50,"直路","一般車道(未劃分快慢車道)","柏油","乾燥","良好","無號誌","中央分向島","未繪設快慢車道分隔線","有",14,"不明",121.657862,25.209177,"新北市","萬里區"
"其他","2019",6,9,0,"晴","夜間(或隧道、地下道、涵洞)有照明",50,"直路","一般車道(未劃分快慢車道)","柏油","乾燥","良好","無號誌","中央分向島","未繪設快慢車道分隔線","有",20,"未使用",121.657862,25.209177,"新北市","萬里區"
"其他","2019",6,9,0,"晴","夜間(或隧道、地下道、涵洞)有照明",50,"直路","一般車道(未劃分快慢車道)","柏油","乾燥","良好","無號誌","中央分向島","未繪設快慢車道分隔線","有",15,"非汽(機)車駕駛人",121.657862,25.209177,"新北市","萬里區"
"側撞","2019",6,9,5,"晴","日間自然光線",50,"四岔路","交叉路口內","柏油","乾燥","良好","正常","無","未繪設快慢車道分隔線","無",29,"未使用",120.308453,23.300543,"臺南市","新營區"
"側撞","2019",6,9,5,"晴","日間自然光線",50,"四岔路","交叉路口內","柏油","乾燥","良好","正常","無","未繪設快慢車道分隔線","無",36,"未使用",120.308453,23.300543,"臺南市","新營區"
"側撞","2019",6,9,5,"晴","日間自然光線",50,"四岔路","交叉路口內","柏油","乾燥","良好","正常","無","未繪設快慢車道分隔線","無",52,"未使用",120.308453,23.300543,"臺南市","新營區"
"側撞","2019",6,9,5,"晴","日間自然光線",50,"四岔路","交叉路口內","柏油","乾燥","良好","正常","無","未繪設快慢車道分隔線","無",53,"不明",120.308453,23.300543,"臺南市","新營區"
"撞護欄(樁)","2019",6,9,10,"晴","日間自然光線",100,"直路","快車道","柏油","乾燥","良好","無號誌","中央分向島","未繪設快慢車道分隔線","有",49,"未使用",120.728111,24.005685,"南投縣","草屯鎮"
"撞護欄(樁)","2019",6,9,10,"晴","日間自然光線",100,"直路","快車道","柏油","乾燥","良好","無號誌","中央分向島","未繪設快慢車道分隔線","有",20,"未使用",120.728111,24.005685,"南投縣","草屯鎮"
"撞護欄(樁)","2019",6,9,10,"晴","日間自然光線",100,"直路","快車道","柏油","乾燥","良好","無號誌","中央分向島","未繪設快慢車道分隔線","有",47,"使用手持或有礙駕駛安全",120.728111,24.005685,"南投縣","草屯鎮"
"側撞","2019",6,9,10,"晴","日間自然光線",60,"四岔路","交叉口附近","柏油","乾燥","良好","無號誌","中央分向島","寛式快慢車道分隔島(50公分以上)","有",55,"未使用",120.539541,24.25817,"臺中市","梧棲區"
"側撞","2019",6,9,10,"晴","日間自然光線",60,"四岔路","交叉口附近","柏油","乾燥","良好","無號誌","中央分向島","寛式快慢車道分隔島(50公分以上)","有",21,"不明",120.539541,24.25817,"臺中市","梧棲區"
"側撞","2019",6,9,11,"晴","日間自然光線",40,"三岔路","交叉路口內","柏油","乾燥","良好","正常","中央分向島","快慢車道分隔線","有",21,"未使用",120.601458,24.105743,"臺中市","烏日區"
"側撞","2019",6,9,11,"晴","日間自然光線",40,"三岔路","交叉路口內","柏油","乾燥","良好","正常","中央分向島","快慢車道分隔線","有",52,"未使用",120.601458,24.105743,"臺中市","烏日區"
"追撞","2019",6,9,20,"陰","夜間(或隧道、地下道、涵洞)無照明",40,"直路","慢車道","柏油","乾燥","良好","無號誌","中央分向島","快慢車道分隔線","有",38,"未使用",121.8055,24.621384,"宜蘭縣","冬山鄉"
"同向擦撞","2019",6,10,6,"陰","日間自然光線",50,"直路","一般車道(未劃分快慢車道)","柏油","乾燥","良好","無號誌","行車分向線","未繪設快慢車道分隔線","有",80,"未使用",120.570895,22.50426,"屏東縣","新埤鄉"
"同向擦撞","2019",6,10,6,"陰","日間自然光線",50,"直路","一般車道(未劃分快慢車道)","柏油","乾燥","良好","無號誌","行車分向線","未繪設快慢車道分隔線","有",56,"未使用",120.570895,22.50426,"屏東縣","新埤鄉"
"側撞","2019",6,10,7,"陰","日間自然光線",50,"直路","一般車道(未劃分快慢車道)","柏油","乾燥","良好","無號誌","雙向禁止超車線","未繪設快慢車道分隔線","有",31,"未使用",121.178823,24.90792,"桃園市","楊梅區"
"側撞","2019",6,10,7,"陰","日間自然光線",50,"直路","一般車道(未劃分快慢車道)","柏油","乾燥","良好","無號誌","雙向禁止超車線","未繪設快慢車道分隔線","有",34,"未使用",121.178823,24.90792,"桃園市","楊梅區"
"倒車撞","2019",6,10,8,"晴","日間自然光線",50,"直路","慢車道","柏油","乾燥","良好","無號誌","雙向禁止超車線","快慢車道分隔線","有",75,"非汽(機)車駕駛人",120.3408,22.88185,"高雄市","阿蓮區"
"倒車撞","2019",6,10,8,"晴","日間自然光線",50,"直路","慢車道","柏油","乾燥","良好","無號誌","雙向禁止超車線","快慢車道分隔線","有",99,"未使用",120.3408,22.88185,"高雄市","阿蓮區"
"倒車撞","2019",6,10,8,"晴","日間自然光線",50,"直路","慢車道","柏油","乾燥","良好","無號誌","雙向禁止超車線","快慢車道分隔線","有",82,"未使用",120.3408,22.88185,"高雄市","阿蓮區"
"路上翻車、摔倒","2019",6,10,10,"雨","日間自然光線",40,"直路","慢車道","柏油","濕潤","良好","無號誌","中央分向島","寛式快慢車道分隔島(50公分以上)","有",50,"未使用",120.673235,24.084208,"臺中市","大里區"
"側撞","2019",6,10,14,"雨","日間自然光線",40,"四岔路","交叉路口內","柏油","濕潤","良好","正常","中央分向島","快慢車道分隔線","有",65,"未使用",120.297068,22.785004,"高雄市","岡山區"
"側撞","2019",6,10,14,"雨","日間自然光線",40,"四岔路","交叉路口內","柏油","濕潤","良好","正常","中央分向島","快慢車道分隔線","有",57,"未使用",120.297068,22.785004,"高雄市","岡山區"
"其他","2019",6,10,14,"雨","日間自然光線",100,"直路","快車道","柏油","濕潤","良好","無號誌","中央分向島","未繪設快慢車道分隔線","有",76,"未使用",121.281597,25.025937,"桃園市","蘆竹區"
"其他","2019",6,10,14,"雨","日間自然光線",100,"直路","快車道","柏油","濕潤","良好","無號誌","中央分向島","未繪設快慢車道分隔線","有",71,"未使用",121.281597,25.025937,"桃園市","蘆竹區"
"其他","2019",6,10,14,"雨","日間自然光線",100,"直路","快車道","柏油","濕潤","良好","無號誌","中央分向島","未繪設快慢車道分隔線","有",69,"未使用",121.281597,25.025937,"桃園市","蘆竹區"
"其他","2019",6,10,14,"雨","日間自然光線",100,"直路","快車道","柏油","濕潤","良好","無號誌","中央分向島","未繪設快慢車道分隔線","有",75,"未使用",121.281597,25.025937,"桃園市","蘆竹區"
"其他","2019",6,10,14,"雨","日間自然光線",100,"直路","快車道","柏油","濕潤","良好","無號誌","中央分向島","未繪設快慢車道分隔線","有",61,"未使用",121.281597,25.025937,"桃園市","蘆竹區"
"其他","2019",6,10,14,"雨","日間自然光線",100,"直路","快車道","柏油","濕潤","良好","無號誌","中央分向島","未繪設快慢車道分隔線","有",39,"未使用",121.281597,25.025937,"桃園市","蘆竹區"
"其他","2019",6,10,14,"雨","日間自然光線",100,"直路","快車道","柏油","濕潤","良好","無號誌","中央分向島","未繪設快慢車道分隔線","有",76,"未使用",121.281597,25.025937,"桃園市","蘆竹區"
"其他","2019",6,10,14,"雨","日間自然光線",100,"直路","快車道","柏油","濕潤","良好","無號誌","中央分向島","未繪設快慢車道分隔線","有",47,"未使用",121.281597,25.025937,"桃園市","蘆竹區"
"其他","2019",6,10,14,"雨","日間自然光線",100,"直路","快車道","柏油","濕潤","良好","無號誌","中央分向島","未繪設快慢車道分隔線","有",58,"未使用",121.281597,25.025937,"桃園市","蘆竹區"
"同向擦撞","2019",6,10,16,"陰","日間自然光線",50,"四岔路","交叉路口內","柏油","濕潤","良好","正常","無","未繪設快慢車道分隔線","無",49,"未使用",121.214282,25.009545,"桃園市","中壢區"
"同向擦撞","2019",6,10,16,"陰","日間自然光線",50,"四岔路","交叉路口內","柏油","濕潤","良好","正常","無","未繪設快慢車道分隔線","無",41,"未使用",121.214282,25.009545,"桃園市","中壢區"
"追撞","2019",6,10,18,"晴","日間自然光線",70,"直路","快車道","柏油","乾燥","良好","無號誌","中央分向島","窄式快慢車道分隔島(無柵欄)","有",24,"未使用",120.682844,24.016234,"臺中市","霧峰區"
"追撞","2019",6,10,18,"晴","日間自然光線",70,"直路","快車道","柏油","乾燥","良好","無號誌","中央分向島","窄式快慢車道分隔島(無柵欄)","有",69,"不明",120.682844,24.016234,"臺中市","霧峰區"
"追撞","2019",6,10,18,"雨","晨或暮光",50,"直路","慢車道","柏油","濕潤","良好","無號誌","行車分向線","快慢車道分隔線","有",53,"不明",120.466914,22.616115,"屏東縣","萬丹鄉"
"追撞","2019",6,10,18,"雨","晨或暮光",50,"直路","慢車道","柏油","濕潤","良好","無號誌","行車分向線","快慢車道分隔線","有",38,"不明",120.466914,22.616115,"屏東縣","萬丹鄉"