"事故類型及型態子類別名稱","發生年度","發生月份","發生日期","發生時間","天候名稱","光線名稱","速限.第1當事者","道路型態子類別名稱","事故位置子類別名稱","路面狀況.路面鋪裝名稱","路面狀況.路面狀態名稱","道路障礙.視距品質名稱","號誌.號誌動作名稱","車道劃分設施.分向設施大類別名稱","車道劃分設施.分道設施.快慢車道間名稱","車道劃分設施.分道設施.路面邊線名稱","當事者事故發生時年齡","行動電話或電腦或其他相類功能裝置名稱","經度","緯度","縣市","鄉鎮"
"衝出路外","2019",6,10,21,"晴","夜間(或隧道、地下道、涵洞)無照明",110,"直路","快車道","柏油","乾燥","良好","無號誌","中央分向島","未繪設快慢車道分隔線","有",64,"非汽(機)車駕駛人",120.520708,24.033151,"彰化縣","秀水鄉"
"衝出路外","2019",6,10,21,"晴","夜間(或隧道、地下道、涵洞)無照明",110,"直路","快車道","柏油","乾燥","良好","無號誌","中央分向島","未繪設快慢車道分隔線","有",54,"非汽(機)車駕駛人",120.520708,24.033151,"彰化縣","秀水鄉"
"衝出路外","2019",6,10,21,"晴","夜間(或隧道、地下道、涵洞)無照明",110,"直路","快車道","柏油","乾燥","良好","無號誌","中央分向島","未繪設快慢車道分隔線","有",59,"非汽(機)車駕駛人",120.520708,24.033151,"彰化縣","秀水鄉"
"衝出路外","2019",6,10,21,"晴","夜間(或隧道、地下道、涵洞)無照明",110,"直路","快車道","柏油","乾燥","良好","無號誌","中央分向島","未繪設快慢車道分隔線","有",32,"未使用",120.520708,24.033151,"彰化縣","秀水鄉"
"衝出路外","2019",6,10,21,"晴","夜間(或隧道、地下道、涵洞)無照明",110,"直路","快車道","柏油","乾燥","良好","無號誌","中央分向島","未繪設快慢車道分隔線","有",43,"非汽(機)車駕駛人",120.520708,24.033151,"彰化縣","秀水鄉"
"衝出路外","2019",6,10,21,"晴","夜間(或隧道、地下道、涵洞)無照明",110,"直路","快車道","柏油","乾燥","良好","無號誌","中央分向島","未繪設快慢車道分隔線","有",44,"非汽(機)車駕駛人",120.520708,24.033151,"彰化縣","秀水鄉"
"衝出路外","2019",6,10,21,"晴","夜間(或隧道、地下道、涵洞)無照明",110,"直路","快車道","柏油","乾燥","良好","無號誌","中央分向島","未繪設快慢車道分隔線","有",64,"非汽(機)車駕駛人",120.520708,24.033151,"彰化縣","秀水鄉"
"衝出路外","2019",6,10,21,"晴","夜間(或隧道、地下道、涵洞)無照明",110,"直路","快車道","柏油","乾燥","良好","無號誌","中央分向島","未繪設快慢車道分隔線","有",36,"非汽(機)車駕駛人",120.520708,24.033151,"彰化縣","秀水鄉"
"衝出路外","2019",6,10,21,"晴","夜間(或隧道、地下道、涵洞)無照明",110,"直路","快車道","柏油","乾燥","良好","無號誌","中央分向島","未繪設快慢車道分隔線","有",42,"非汽(機)車駕駛人",120.520708,24.033151,"彰化縣","秀水鄉"
"衝出路外","2019",6,10,21,"晴","夜間(或隧道、地下道、涵洞)無照明",110,"直路","快車道","柏油","乾燥","良好","無號誌","中央分向島","未繪設快慢車道分隔線","有",39,"非汽(機)車駕駛人",120.520708,24.033151,"彰化縣","秀水鄉"
"衝出路外","2019",6,10,21,"晴","夜間(或隧道、地下道、涵洞)無照明",110,"直路","快車道","柏油","乾燥","良好","無號誌","中央分向島","未繪設快慢車道分隔線","有",64,"非汽(機)車駕駛人",120.520708,24.033151,"彰化縣","秀水鄉"
"衝出路外","2019",6,10,21,"晴","夜間(或隧道、地下道、涵洞)無照明",110,"直路","快車道","柏油","乾燥","良好","無號誌","中央分向島","未繪設快慢車道分隔線","有",50,"非汽(機)車駕駛人",120.520708,24.033151,"彰化縣","秀水鄉"
"衝出路外","2019",6,10,21,"晴","夜間(或隧道、地下道、涵洞)無照明",110,"直路","快車道","柏油","乾燥","良好","無號誌","中央分向島","未繪設快慢車道分隔線","有",31,"非汽(機)車駕駛人",120.520708,24.033151,"彰化縣","秀水鄉"
"衝出路外","2019",6,10,21,"晴","夜間(或隧道、地下道、涵洞)無照明",110,"直路","快車道","柏油","乾燥","良好","無號誌","中央分向島","未繪設快慢車道分隔線","有",45,"非汽(機)車駕駛人",120.520708,24.033151,"彰化縣","秀水鄉"
"衝出路外","2019",6,10,21,"晴","夜間(或隧道、地下道、涵洞)無照明",110,"直路","快車道","柏油","乾燥","良好","無號誌","中央分向島","未繪設快慢車道分隔線","有",31,"非汽(機)車駕駛人",120.520708,24.033151,"彰化縣","秀水鄉"
"衝出路外","2019",6,10,21,"晴","夜間(或隧道、地下道、涵洞)無照明",110,"直路","快車道","柏油","乾燥","良好","無號誌","中央分向島","未繪設快慢車道分隔線","有",25,"非汽(機)車駕駛人",120.520708,24.033151,"彰化縣","秀水鄉"
"撞護欄(樁)","2019",6,11,6,"雨","日間自然光線",60,"彎曲路及附近","快車道","柏油","濕潤","良好","無號誌","雙向禁止超車線","快慢車道分隔線","有",80,"未使用",121.177383,22.77845,"臺東縣","臺東市"
"撞護欄(樁)","2019",6,11,6,"雨","日間自然光線",60,"彎曲路及附近","快車道","柏油","濕潤","良好","無號誌","雙向禁止超車線","快慢車道分隔線","有",22,"未使用",121.177383,22.77845,"臺東縣","臺東市"
"路上翻車、摔倒","2019",6,11,11,"陰","日間自然光線",50,"彎曲路及附近","交通島(含槽化線)","柏油","乾燥","良好","無號誌","中央分向島","快慢車道分隔線","無",72,"未使用",120.440415,22.473269,"屏東縣","新園鄉"
"穿越道路中","2019",6,11,20,"陰","夜間(或隧道、地下道、涵洞)有照明",50,"四岔路","交叉路口內","柏油","濕潤","良好","正常","雙向禁止超車線","快慢車道分隔線","有",25,"未使用",120.571407,23.961817,"彰化縣","員林市"
"穿越道路中","2019",6,11,20,"陰","夜間(或隧道、地下道、涵洞)有照明",50,"四岔路","交叉路口內","柏油","濕潤","良好","正常","雙向禁止超車線","快慢車道分隔線","有",40,"非汽(機)車駕駛人",120.571407,23.961817,"彰化縣","員林市"
"同向擦撞","2019",6,11,21,"陰","夜間(或隧道、地下道、涵洞)有照明",100,"直路","快車道","柏油","濕潤","良好","無號誌","中央分向島","未繪設快慢車道分隔線","有",18,"非汽(機)車駕駛人",120.755761,24.388961,"苗栗縣","三義鄉"
"同向擦撞","2019",6,11,21,"陰","夜間(或隧道、地下道、涵洞)有照明",100,"直路","快車道","柏油","濕潤","良好","無號誌","中央分向島","未繪設快慢車道分隔線","有",18,"未使用",120.755761,24.388961,"苗栗縣","三義鄉"
"同向擦撞","2019",6,11,21,"陰","夜間(或隧道、地下道、涵洞)有照明",100,"直路","快車道","柏油","濕潤","良好","無號誌","中央分向島","未繪設快慢車道分隔線","有",49,"未使用",120.755761,24.388961,"苗栗縣","三義鄉"
"同向擦撞","2019",6,11,21,"陰","夜間(或隧道、地下道、涵洞)有照明",100,"直路","快車道","柏油","濕潤","良好","無號誌","中央分向島","未繪設快慢車道分隔線","有",24,"未使用",120.755761,24.388961,"苗栗縣","三義鄉"
"其他","2019",6,12,2,"陰","夜間(或隧道、地下道、涵洞)有照明",50,"直路","一般車道(未劃分快慢車道)","柏油","乾燥","良好","無號誌","中央分向島","未繪設快慢車道分隔線","無",18,"不明",121.457156,25.091173,"新北市","蘆洲區"
"其他","2019",6,12,2,"陰","夜間(或隧道、地下道、涵洞)有照明",50,"直路","一般車道(未劃分快慢車道)","柏油","乾燥","良好","無號誌","中央分向島","未繪設快慢車道分隔線","無",18,"不明",121.457156,25.091173,"新北市","蘆洲區"
"穿越道路中","2019",6,12,7,"雨","日間自然光線",50,"四岔路","行人穿越道","柏油","濕潤","良好","正常","無","未繪設快慢車道分隔線","無",77,"未使用",120.684468,24.142274,"臺中市","中區"
"穿越道路中","2019",6,12,7,"雨","日間自然光線",50,"四岔路","行人穿越道","柏油","濕潤","良好","正常","無","未繪設快慢車道分隔線","無",61,"未使用",120.684468,24.142274,"臺中市","中區"
"路口交岔撞","2019",6,12,7,"晴","日間自然光線",50,"四岔路","交叉路口內","柏油","乾燥","良好","無號誌","無","未繪設快慢車道分隔線","無",62,"未使用",121.282499,24.9331,"桃園市","八德區"
"路口交岔撞","2019",6,12,7,"晴","日間自然光線",50,"四岔路","交叉路口內","柏油","乾燥","良好","無號誌","無","未繪設快慢車道分隔線","無",39,"未使用",121.282499,24.9331,"桃園市","八德區"
"其他","2019",6,12,9,"晴","日間自然光線",40,"直路","一般車道(未劃分快慢車道)","柏油","乾燥","良好","無號誌","中央分向島","未繪設快慢車道分隔線","無",26,"未使用",121.551291,25.044484,"臺北市","大安區"
"其他","2019",6,12,9,"晴","日間自然光線",40,"直路","一般車道(未劃分快慢車道)","柏油","乾燥","良好","無號誌","中央分向島","未繪設快慢車道分隔線","無",82,"非汽(機)車駕駛人",121.551291,25.044484,"臺北市","大安區"
"追撞","2019",6,12,17,"雨","日間自然光線",60,"彎曲路及附近","一般車道(未劃分快慢車道)","柏油","濕潤","良好","無號誌","雙向禁止超車線","未繪設快慢車道分隔線","有",32,"未使用",120.943803,23.957695,"南投縣","埔里鎮"
"追撞","2019",6,12,17,"雨","日間自然光線",60,"彎曲路及附近","一般車道(未劃分快慢車道)","柏油","濕潤","良好","無號誌","雙向禁止超車線","未繪設快慢車道分隔線","有",61,"未使用",120.943803,23.957695,"南投縣","埔里鎮"
"其他","2019",6,13,3,"雨","夜間(或隧道、地下道、涵洞)有照明",50,"彎曲路及附近","一般車道(未劃分快慢車道)","柏油","濕潤","不良","無號誌","雙向禁止超車線","未繪設快慢車道分隔線","無",35,"不明",120.928485,24.813732,"新竹市","北區"
"其他","2019",6,13,6,"晴","日間自然光線",701,"三岔路","一般車道(未劃分快慢車道)","柏油","乾燥","良好","正常","中央分向島","快慢車道分隔線","有",42,"未使用",120.540513,22.569184,"屏東縣","竹田鄉"
"其他","2019",6,13,6,"晴","日間自然光線",701,"三岔路","一般車道(未劃分快慢車道)","柏油","乾燥","良好","正常","中央分向島","快慢車道分隔線","有",33,"未使用",120.540513,22.569184,"屏東縣","竹田鄉"
"側撞","2019",6,13,8,"雨","日間自然光線",40,"三岔路","交叉路口內","柏油","濕潤","良好","無號誌","無","未繪設快慢車道分隔線","無",61,"未使用",120.285524,23.23025,"臺南市","六甲區"
"側撞","2019",6,13,8,"雨","日間自然光線",40,"三岔路","交叉路口內","柏油","濕潤","良好","無號誌","無","未繪設快慢車道分隔線","無",31,"未使用",120.285524,23.23025,"臺南市","六甲區"
"同向擦撞","2019",6,13,15,"陰","日間自然光線",50,"直路","一般車道(未劃分快慢車道)","柏油","乾燥","良好","無號誌","中央分向島","未繪設快慢車道分隔線","有",31,"不明",121.475652,25.083413,"新北市","蘆洲區"
"同向擦撞","2019",6,13,15,"陰","日間自然光線",50,"直路","一般車道(未劃分快慢車道)","柏油","乾燥","良好","無號誌","中央分向島","未繪設快慢車道分隔線","有",24,"不明",121.475652,25.083413,"新北市","蘆洲區"
"同向擦撞","2019",6,13,15,"陰","日間自然光線",50,"直路","一般車道(未劃分快慢車道)","柏油","乾燥","良好","無號誌","中央分向島","未繪設快慢車道分隔線","有",23,"非汽(機)車駕駛人",121.475652,25.083413,"新北市","蘆洲區"
"側撞","2019",6,14,5,"陰","晨或暮光",50,"三岔路","快車道","柏油","濕潤","良好","正常","行車分向線","快慢車道分隔線","無",66,"未使用",120.68537,24.126478,"臺中市","東區"
"側撞","2019",6,14,5,"陰","晨或暮光",50,"三岔路","快車道","柏油","濕潤","良好","正常","行車分向線","快慢車道分隔線","無",50,"未使用",120.68537,24.126478,"臺中市","東區"
"路口交岔撞","2019",6,14,6,"雨","日間自然光線",40,"四岔路","交叉路口內","柏油","濕潤","不良","無號誌","無","未繪設快慢車道分隔線","無",40,"不明",120.451728,23.565359,"嘉義縣","民雄鄉"
"路口交岔撞","2019",6,14,6,"雨","日間自然光線",40,"四岔路","交叉路口內","柏油","濕潤","不良","無號誌","無","未繪設快慢車道分隔線","無",22,"未使用",120.451728,23.565359,"嘉義縣","民雄鄉"
"撞路樹、電桿","2019",6,14,8,"雨","日間自然光線",6,"彎曲路及附近","一般車道(未劃分快慢車道)","柏油","濕潤","良好","無號誌","雙向禁止超車線","未繪設快慢車道分隔線","有",15,"不明",121.915293,25.012425,"新北市","貢寮區"
"路口交岔撞","2019",6,14,8,"陰","日間自然光線",50,"四岔路","交叉路口內","柏油","濕潤","良好","正常","中央分向島","未繪設快慢車道分隔線","有",83,"未使用",120.412239,24.066583,"彰化縣","鹿港鎮"
"路口交岔撞","2019",6,14,8,"陰","日間自然光線",50,"四岔路","交叉路口內","柏油","濕潤","良好","正常","中央分向島","未繪設快慢車道分隔線","有",34,"未使用",120.412239,24.066583,"彰化縣","鹿港鎮"
"撞護欄(樁)","2019",6,14,11,"陰","日間自然光線",40,"彎曲路及附近","一般車道(未劃分快慢車道)","柏油","濕潤","良好","無號誌","無","未繪設快慢車道分隔線","無",108,"",120.259116,22.795044,"高雄市","岡山區"
"撞護欄(樁)","2019",6,14,11,"陰","日間自然光線",40,"彎曲路及附近","一般車道(未劃分快慢車道)","柏油","濕潤","良好","無號誌","無","未繪設快慢車道分隔線","無",65,"未使用",120.259116,22.795044,"高雄市","岡山區"
"穿越道路中","2019",6,15,7,"晴","日間自然光線",40,"直路","一般車道(未劃分快慢車道)","柏油","乾燥","良好","無號誌","行車分向線","快慢車道分隔線","有",84,"未使用",120.413714,23.55833,"嘉義縣","民雄鄉"
"穿越道路中","2019",6,15,7,"晴","日間自然光線",40,"直路","一般車道(未劃分快慢車道)","柏油","乾燥","良好","無號誌","行車分向線","快慢車道分隔線","有",43,"未使用",120.413714,23.55833,"嘉義縣","民雄鄉"
"對撞","2019",6,15,8,"晴","日間自然光線",60,"三岔路","交叉口附近","柏油","乾燥","良好","無號誌","雙向禁止超車線","未繪設快慢車道分隔線","有",36,"不明",118.382218,24.459861,"金門縣","金湖鎮"
"對撞","2019",6,15,8,"晴","日間自然光線",60,"三岔路","交叉口附近","柏油","乾燥","良好","無號誌","雙向禁止超車線","未繪設快慢車道分隔線","有",71,"未使用",118.382218,24.459861,"金門縣","金湖鎮"
"側撞","2019",6,15,11,"晴","日間自然光線",50,"四岔路","交叉路口內","柏油","乾燥","良好","正常","雙向禁止超車線","未繪設快慢車道分隔線","有",64,"未使用",120.973651,23.987502,"南投縣","埔里鎮"
"側撞","2019",6,15,11,"晴","日間自然光線",50,"四岔路","交叉路口內","柏油","乾燥","良好","正常","雙向禁止超車線","未繪設快慢車道分隔線","有",43,"未使用",120.973651,23.987502,"南投縣","埔里鎮"
"撞路樹、電桿","2019",6,15,13,"晴","日間自然光線",50,"彎曲路及附近","一般車道(未劃分快慢車道)","柏油","乾燥","良好","無號誌","雙向禁止超車線","快慢車道分隔線","有",39,"未使用",120.642331,24.285913,"臺中市","神岡區"
"撞護欄(樁)","2019",6,15,21,"陰","夜間(或隧道、地下道、涵洞)無照明",40,"直路","一般車道(未劃分快慢車道)","柏油","乾燥","良好","無號誌","雙向禁止超車線","未繪設快慢車道分隔線","有",48,"不明",120.8482,22.261516,"臺東縣","達仁鄉"
"路口交岔撞","2019",6,16,6,"晴","日間自然光線",50,"四岔路","交叉路口內","柏油","乾燥","良好","正常","無","未繪設快慢車道分隔線","無",56,"未使用",120.232088,22.976221,"臺南市","東區"
"路口交岔撞","2019",6,16,6,"晴","日間自然光線",50,"四岔路","交叉路口內","柏油","乾燥","良好","正常","無","未繪設快慢車道分隔線","無",23,"未使用",120.232088,22.976221,"臺南市","東區"
"撞路樹、電桿","2019",6,16,13,"晴","日間自然光線",40,"直路","一般車道(未劃分快慢車道)","柏油","乾燥","良好","無號誌","無","未繪設快慢車道分隔線","無",108,"",120.409578,22.555688,"高雄市","大寮區"
"撞路樹、電桿","2019",6,16,13,"晴","日間自然光線",40,"直路","一般車道(未劃分快慢車道)","柏油","乾燥","良好","無號誌","無","未繪設快慢車道分隔線","無",31,"未使用",120.409578,22.555688,"高雄市","大寮區"
"側撞","2019",6,16,16,"晴","日間自然光線",60,"三岔路","交叉路口內","柏油","乾燥","良好","無號誌","無","未繪設快慢車道分隔線","無",73,"未使用",120.51915,23.491536,"嘉義縣","竹崎鄉"
"側撞","2019",6,16,16,"晴","日間自然光線",60,"三岔路","交叉路口內","柏油","乾燥","良好","無號誌","無","未繪設快慢車道分隔線","無",24,"未使用",120.51915,23.491536,"嘉義縣","竹崎鄉"
"路口交岔撞","2019",6,16,18,"晴","日間自然光線",40,"四岔路","交叉路口內","柏油","乾燥","良好","無號誌","雙向禁止超車線","未繪設快慢車道分隔線","有",65,"不明",120.699217,24.384867,"苗栗縣","苑裡鎮"
"路口交岔撞","2019",6,16,18,"晴","日間自然光線",40,"四岔路","交叉路口內","柏油","乾燥","良好","無號誌","雙向禁止超車線","未繪設快慢車道分隔線","有",18,"未使用",120.699217,24.384867,"苗栗縣","苑裡鎮"
"撞路樹、電桿","2019",6,16,20,"晴","日間自然光線",50,"坡路","其他","柏油","乾燥","良好","無號誌","無","未繪設快慢車道分隔線","有",42,"不明",120.914416,24.465989,"苗栗縣","獅潭鄉"
"撞路樹、電桿","2019",6,16,20,"晴","日間自然光線",50,"坡路","其他","柏油","乾燥","良好","無號誌","無","未繪設快慢車道分隔線","有",50,"不明",120.914416,24.465989,"苗栗縣","獅潭鄉"
"撞動物","2019",6,16,20,"陰","夜間(或隧道、地下道、涵洞)無照明",60,"橋樑","快車道","柏油","乾燥","良好","無號誌","雙向禁止超車線","快慢車道分隔線","有",31,"未使用",121.276196,22.935953,"臺東縣","東河鄉"
"路口交岔撞","2019",6,17,4,"晴","夜間(或隧道、地下道、涵洞)有照明",50,"四岔路","交叉路口內","柏油","乾燥","良好","正常","無","未繪設快慢車道分隔線","無",37,"不明",120.4536,23.47631,"嘉義市","東區"
"路口交岔撞","2019",6,17,4,"晴","夜間(或隧道、地下道、涵洞)有照明",50,"四岔路","交叉路口內","柏油","乾燥","良好","正常","無","未繪設快慢車道分隔線","無",80,"非汽(機)車駕駛人",120.4536,23.47631,"嘉義市","東區"
"路口交岔撞","2019",6,17,7,"晴","日間自然光線",40,"直路","一般車道(未劃分快慢車道)","柏油","乾燥","不良","無號誌","無","未繪設快慢車道分隔線","有",54,"未使用",120.414076,23.94357,"彰化縣","二林鎮"
"路口交岔撞","2019",6,17,7,"晴","日間自然光線",40,"直路","一般車道(未劃分快慢車道)","柏油","乾燥","不良","無號誌","無","未繪設快慢車道分隔線","有",90,"未使用",120.414076,23.94357,"彰化縣","二林鎮"
"路口交岔撞","2019",6,17,10,"晴","日間自然光線",40,"四岔路","交叉路口內","柏油","乾燥","良好","無號誌","無","未繪設快慢車道分隔線","無",71,"未使用",120.505458,24.129945,"彰化縣","和美鎮"
"路口交岔撞","2019",6,17,10,"晴","日間自然光線",40,"四岔路","交叉路口內","柏油","乾燥","良好","無號誌","無","未繪設快慢車道分隔線","無",57,"未使用",120.505458,24.129945,"彰化縣","和美鎮"
"同向擦撞","2019",6,17,11,"晴","日間自然光線",50,"直路","一般車道(未劃分快慢車道)","柏油","乾燥","良好","無號誌","雙向禁止超車線","未繪設快慢車道分隔線","有",33,"未使用",121.379056,25.073781,"新北市","林口區"
"同向擦撞","2019",6,17,11,"晴","日間自然光線",50,"直路","一般車道(未劃分快慢車道)","柏油","乾燥","良好","無號誌","雙向禁止超車線","未繪設快慢車道分隔線","有",67,"未使用",121.379056,25.073781,"新北市","林口區"
"撞路樹、電桿","2019",6,17,16,"雨","日間自然光線",50,"彎曲路及附近","一般車道(未劃分快慢車道)","柏油","濕潤","良好","無號誌","行車分向線","未繪設快慢車道分隔線","無",55,"未使用",120.671956,24.065826,"臺中市","霧峰區"
"撞橋樑、建築物","2019",6,17,22,"晴","夜間(或隧道、地下道、涵洞)有照明",50,"三岔路","交叉口附近","柏油","乾燥","良好","無號誌","無","未繪設快慢車道分隔線","無",21,"未使用",120.51254,23.843225,"彰化縣","溪州鄉"
"撞橋樑、建築物","2019",6,17,22,"晴","夜間(或隧道、地下道、涵洞)有照明",50,"三岔路","交叉口附近","柏油","乾燥","良好","無號誌","無","未繪設快慢車道分隔線","無",18,"非汽(機)車駕駛人",120.51254,23.843225,"彰化縣","溪州鄉"
"側撞","2019",6,18,5,"晴","日間自然光線",70,"四岔路","交叉路口內","柏油","乾燥","良好","正常","無","未繪設快慢車道分隔線","無",72,"未使用",121.065992,22.709763,"臺東縣","臺東市"
"側撞","2019",6,18,5,"晴","日間自然光線",70,"四岔路","交叉路口內","柏油","乾燥","良好","正常","無","未繪設快慢車道分隔線","無",30,"未使用",121.065992,22.709763,"臺東縣","臺東市"
"側撞","2019",6,18,5,"晴","日間自然光線",70,"四岔路","交叉路口內","柏油","乾燥","良好","正常","無","未繪設快慢車道分隔線","無",61,"未使用",121.065992,22.709763,"臺東縣","臺東市"
"其他","2019",6,18,7,"晴","日間自然光線",50,"彎曲路及附近","一般車道(未劃分快慢車道)","柏油","乾燥","良好","無號誌","雙向禁止超車線","未繪設快慢車道分隔線","無",25,"不明",121.457766,25.097622,"新北市","八里區"
"其他","2019",6,18,7,"晴","日間自然光線",50,"彎曲路及附近","一般車道(未劃分快慢車道)","柏油","乾燥","良好","無號誌","雙向禁止超車線","未繪設快慢車道分隔線","無",43,"不明",121.457766,25.097622,"新北市","八里區"
"其他","2019",6,18,7,"晴","日間自然光線",50,"彎曲路及附近","一般車道(未劃分快慢車道)","柏油","乾燥","良好","無號誌","雙向禁止超車線","未繪設快慢車道分隔線","無",54,"不明",121.457766,25.097622,"新北市","八里區"
"側撞","2019",6,18,17,"晴","日間自然光線",50,"四岔路","交叉路口內","柏油","乾燥","良好","正常","無","未繪設快慢車道分隔線","無",45,"未使用",120.283458,22.798744,"高雄市","岡山區"
"側撞","2019",6,18,17,"晴","日間自然光線",50,"四岔路","交叉路口內","柏油","乾燥","良好","正常","無","未繪設快慢車道分隔線","無",42,"未使用",120.283458,22.798744,"高雄市","岡山區"
"側撞","2019",6,18,17,"晴","日間自然光線",50,"四岔路","交叉口附近","柏油","乾燥","良好","正常","雙向禁止超車線","未繪設快慢車道分隔線","有",56,"非汽(機)車駕駛人",120.280588,23.135786,"臺南市","善化區"
"側撞","2019",6,18,17,"晴","日間自然光線",50,"四岔路","交叉口附近","柏油","乾燥","良好","正常","雙向禁止超車線","未繪設快慢車道分隔線","有",21,"未使用",120.280588,23.135786,"臺南市","善化區"
"側撞","2019",6,18,17,"晴","日間自然光線",50,"四岔路","交叉口附近","柏油","乾燥","良好","正常","雙向禁止超車線","未繪設快慢車道分隔線","有",16,"未使用",120.280588,23.135786,"臺南市","善化區"
"撞路樹、電桿","2019",6,19,0,"晴","夜間(或隧道、地下道、涵洞)有照明",40,"直路","一般車道(未劃分快慢車道)","柏油","乾燥","良好","無號誌","無","未繪設快慢車道分隔線","有",27,"非汽(機)車駕駛人",120.667241,24.248085,"臺中市","神岡區"
"其他","2019",6,19,8,"晴","日間自然光線",50,"三岔路","交叉路口內","柏油","乾燥","良好","正常","無","未繪設快慢車道分隔線","無",34,"未使用",120.341171,22.616911,"高雄市","鳳山區"
"其他","2019",6,19,8,"晴","日間自然光線",50,"三岔路","交叉路口內","柏油","乾燥","良好","正常","無","未繪設快慢車道分隔線","無",78,"不明",120.341171,22.616911,"高雄市","鳳山區"
"側撞","2019",6,19,12,"晴","日間自然光線",40,"直路","一般車道(未劃分快慢車道)","柏油","乾燥","良好","無號誌","行車分向線","未繪設快慢車道分隔線","有",66,"未使用",120.425176,23.522518,"嘉義縣","民雄鄉"
"側撞","2019",6,19,12,"晴","日間自然光線",40,"直路","一般車道(未劃分快慢車道)","柏油","乾燥","良好","無號誌","行車分向線","未繪設快慢車道分隔線","有",57,"未使用",120.425176,23.522518,"嘉義縣","民雄鄉"
"路口交岔撞","2019",6,19,17,"晴","日間自然光線",40,"四岔路","交叉路口內","柏油","乾燥","良好","無號誌","中央分向島","寛式快慢車道分隔島(50公分以上)","有",66,"未使用",121.829408,24.860444,"宜蘭縣","頭城鎮"
"路口交岔撞","2019",6,19,17,"晴","日間自然光線",40,"四岔路","交叉路口內","柏油","乾燥","良好","無號誌","中央分向島","寛式快慢車道分隔島(50公分以上)","有",6,"非汽(機)車駕駛人",121.829408,24.860444,"宜蘭縣","頭城鎮"
"路口交岔撞","2019",6,19,17,"晴","日間自然光線",40,"四岔路","交叉路口內","柏油","乾燥","良好","無號誌","中央分向島","寛式快慢車道分隔島(50公分以上)","有",29,"未使用",121.829408,24.860444,"宜蘭縣","頭城鎮"
"追撞","2019",6,20,4,"晴","夜間(或隧道、地下道、涵洞)有照明",50,"三岔路","交叉口附近","柏油","乾燥","良好","正常","雙向禁止超車線","未繪設快慢車道分隔線","有",44,"未使用",120.468689,23.959296,"彰化縣","溪湖鎮"
"追撞","2019",6,20,4,"晴","夜間(或隧道、地下道、涵洞)有照明",50,"三岔路","交叉口附近","柏油","乾燥","良好","正常","雙向禁止超車線","未繪設快慢車道分隔線","有",55,"未使用",120.468689,23.959296,"彰化縣","溪湖鎮"
"追撞","2019",6,20,5,"晴","晨或暮光",60,"直路","快車道","柏油","乾燥","良好","正常","中央分向島","快慢車道分隔線","有",32,"未使用",120.2661,22.82919,"高雄市","路竹區"
"追撞","2019",6,20,5,"晴","晨或暮光",60,"直路","快車道","柏油","乾燥","良好","正常","中央分向島","快慢車道分隔線","有",59,"未使用",120.2661,22.82919,"高雄市","路竹區"
"撞橋樑、建築物","2019",6,20,14,"晴","日間自然光線",50,"三岔路","一般車道(未劃分快慢車道)","柏油","乾燥","良好","無號誌","雙向禁止超車線","未繪設快慢車道分隔線","有",76,"未使用",120.83159,22.038557,"屏東縣","滿州鄉"
"其他","2019",6,21,3,"晴","夜間(或隧道、地下道、涵洞)有照明",50,"直路","一般車道(未劃分快慢車道)","柏油","乾燥","良好","無號誌","行車分向線","未繪設快慢車道分隔線","無",58,"未使用",121.749428,25.137635,"基隆市","中正區"
"路口交岔撞","2019",6,21,5,"晴","日間自然光線",40,"四岔路","交叉路口內","柏油","乾燥","良好","正常","雙向禁止超車線","未繪設快慢車道分隔線","有",50,"未使用",120.472604,22.678598,"屏東縣","屏東市"
"路口交岔撞","2019",6,21,5,"晴","日間自然光線",40,"四岔路","交叉路口內","柏油","乾燥","良好","正常","雙向禁止超車線","未繪設快慢車道分隔線","有",62,"未使用",120.472604,22.678598,"屏東縣","屏東市"
"穿越道路中","2019",6,21,7,"晴","日間自然光線",50,"三岔路","一般車道(未劃分快慢車道)","柏油","乾燥","良好","正常","行車分向線","未繪設快慢車道分隔線","有",29,"未使用",120.885496,24.688035,"苗栗縣","竹南鎮"
"穿越道路中","2019",6,21,7,"晴","日間自然光線",50,"三岔路","一般車道(未劃分快慢車道)","柏油","乾燥","良好","正常","行車分向線","未繪設快慢車道分隔線","有",79,"非汽(機)車駕駛人",120.885496,24.688035,"苗栗縣","竹南鎮"
"其他","2019",6,21,8,"晴","日間自然光線",50,"直路","一般車道(未劃分快慢車道)","柏油","乾燥","良好","無號誌","行車分向線","快慢車道分隔線","有",82,"不明",120.614057,23.75697,"雲林縣","林內鄉"
"其他","2019",6,21,8,"晴","日間自然光線",50,"直路","一般車道(未劃分快慢車道)","柏油","乾燥","良好","無號誌","行車分向線","快慢車道分隔線","有",76,"非汽(機)車駕駛人",120.614057,23.75697,"雲林縣","林內鄉"
"其他","2019",6,21,8,"晴","日間自然光線",50,"直路","一般車道(未劃分快慢車道)","柏油","乾燥","良好","無號誌","行車分向線","快慢車道分隔線","有",74,"不明",120.614057,23.75697,"雲林縣","林內鄉"
"對撞","2019",6,21,16,"晴","日間自然光線",50,"彎曲路及附近","一般車道(未劃分快慢車道)","柏油","乾燥","良好","無號誌","雙向禁止超車線","未繪設快慢車道分隔線","有",79,"未使用",121.395695,25.062396,"新北市","泰山區"