"事故類型及型態子類別名稱","發生年度","發生月份","發生日期","發生時間","天候名稱","光線名稱","速限.第1當事者","道路型態子類別名稱","事故位置子類別名稱","路面狀況.路面鋪裝名稱","路面狀況.路面狀態名稱","道路障礙.視距品質名稱","號誌.號誌動作名稱","車道劃分設施.分向設施大類別名稱","車道劃分設施.分道設施.快慢車道間名稱","車道劃分設施.分道設施.路面邊線名稱","當事者事故發生時年齡","行動電話或電腦或其他相類功能裝置名稱","經度","緯度","縣市","鄉鎮"
"對撞","2019",6,21,16,"晴","日間自然光線",50,"彎曲路及附近","一般車道(未劃分快慢車道)","柏油","乾燥","良好","無號誌","雙向禁止超車線","未繪設快慢車道分隔線","有",62,"未使用",121.395695,25.062396,"新北市","泰山區"
"路口交岔撞","2019",6,21,18,"晴","日間自然光線",50,"四岔路","交叉路口內","柏油","乾燥","良好","無動作","雙向禁止超車線","未繪設快慢車道分隔線","無",76,"未使用",120.254713,23.28077,"臺南市","新營區"
"路口交岔撞","2019",6,21,18,"晴","日間自然光線",50,"四岔路","交叉路口內","柏油","乾燥","良好","無動作","雙向禁止超車線","未繪設快慢車道分隔線","無",58,"未使用",120.254713,23.28077,"臺南市","新營區"
"其他","2019",6,21,21,"晴","夜間(或隧道、地下道、涵洞)有照明",50,"四岔路","交叉口附近","柏油","乾燥","良好","正常","中央分向島","快慢車道分隔線","有",50,"不明",121.485541,25.022253,"新北市","板橋區"
"其他","2019",6,21,21,"晴","夜間(或隧道、地下道、涵洞)有照明",50,"四岔路","交叉口附近","柏油","乾燥","良好","正常","中央分向島","快慢車道分隔線","有",27,"未使用",121.485541,25.022253,"新北市","板橋區"
"撞路樹、電桿","2019",6,22,3,"晴","夜間(或隧道、地下道、涵洞)有照明",50,"直路","人行道","柏油","乾燥","良好","無號誌","雙向禁止超車線","未繪設快慢車道分隔線","有",20,"不明",120.508123,23.592093,"嘉義縣","大林鎮"
"追撞","2019",6,22,7,"陰","日間自然光線",50,"直路","快車道","柏油","乾燥","良好","無號誌","雙向禁止超車線","未繪設快慢車道分隔線","有",47,"未使用",121.382519,25.05044,"桃園市","龜山區"
"追撞","2019",6,22,7,"陰","日間自然光線",50,"直路","快車道","柏油","乾燥","良好","無號誌","雙向禁止超車線","未繪設快慢車道分隔線","有",60,"未使用",121.382519,25.05044,"桃園市","龜山區"
"穿越道路中","2019",6,22,7,"晴","日間自然光線",50,"四岔路","行人穿越道","柏油","乾燥","良好","正常","無","未繪設快慢車道分隔線","無",67,"未使用",121.284113,24.987688,"桃園市","桃園區"
"穿越道路中","2019",6,22,7,"晴","日間自然光線",50,"四岔路","行人穿越道","柏油","乾燥","良好","正常","無","未繪設快慢車道分隔線","無",85,"非汽(機)車駕駛人",121.284113,24.987688,"桃園市","桃園區"
"側撞","2019",6,22,9,"晴","日間自然光線",50,"四岔路","交叉路口內","柏油","乾燥","良好","正常","無","未繪設快慢車道分隔線","無",80,"未使用",121.314024,25.000882,"桃園市","桃園區"
"側撞","2019",6,22,9,"晴","日間自然光線",50,"四岔路","交叉路口內","柏油","乾燥","良好","正常","無","未繪設快慢車道分隔線","無",22,"未使用",121.314024,25.000882,"桃園市","桃園區"
"對撞","2019",6,22,10,"晴","日間自然光線",30,"彎曲路及附近","一般車道(未劃分快慢車道)","柏油","乾燥","不良","無號誌","雙向禁止超車線","未繪設快慢車道分隔線","有",25,"未使用",121.539473,25.144019,"臺北市","北投區"
"對撞","2019",6,22,10,"晴","日間自然光線",30,"彎曲路及附近","一般車道(未劃分快慢車道)","柏油","乾燥","不良","無號誌","雙向禁止超車線","未繪設快慢車道分隔線","有",39,"未使用",121.539473,25.144019,"臺北市","北投區"
"側撞","2019",6,22,12,"陰","日間自然光線",60,"四岔路","交叉路口內","柏油","乾燥","良好","正常","無","未繪設快慢車道分隔線","無",23,"未使用",121.771682,24.748049,"宜蘭縣","宜蘭市"
"側撞","2019",6,22,12,"陰","日間自然光線",60,"四岔路","交叉路口內","柏油","乾燥","良好","正常","無","未繪設快慢車道分隔線","無",21,"未使用",121.771682,24.748049,"宜蘭縣","宜蘭市"
"側撞","2019",6,22,12,"陰","日間自然光線",60,"四岔路","交叉路口內","柏油","乾燥","良好","正常","無","未繪設快慢車道分隔線","無",14,"未使用",121.771682,24.748049,"宜蘭縣","宜蘭市"
"側撞","2019",6,22,12,"陰","日間自然光線",60,"四岔路","交叉路口內","柏油","乾燥","良好","正常","無","未繪設快慢車道分隔線","無",62,"未使用",121.771682,24.748049,"宜蘭縣","宜蘭市"
"衝出路外","2019",6,22,16,"晴","日間自然光線",70,"直路","路肩、路緣","柏油","乾燥","良好","無號誌","中央分向島","未繪設快慢車道分隔線","有",40,"不明",120.180104,23.678411,"雲林縣","臺西鄉"
"衝出路外","2019",6,22,16,"晴","日間自然光線",70,"直路","路肩、路緣","柏油","乾燥","良好","無號誌","中央分向島","未繪設快慢車道分隔線","有",10,"非汽(機)車駕駛人",120.180104,23.678411,"雲林縣","臺西鄉"
"對撞","2019",6,23,6,"陰","日間自然光線",50,"三岔路","交叉路口內","柏油","濕潤","良好","正常","無","未繪設快慢車道分隔線","無",21,"未使用",120.196038,23.119631,"臺南市","西港區"
"對撞","2019",6,23,6,"陰","日間自然光線",50,"三岔路","交叉路口內","柏油","濕潤","良好","正常","無","未繪設快慢車道分隔線","無",56,"未使用",120.196038,23.119631,"臺南市","西港區"
"其他","2019",6,23,8,"雨","日間自然光線",50,"直路","機車專用道","柏油","濕潤","良好","無號誌","中央分向島","快慢車道分隔線","有",37,"未使用",121.453971,25.033547,"新北市","新莊區"
"其他","2019",6,23,8,"雨","日間自然光線",50,"直路","機車專用道","柏油","濕潤","良好","無號誌","中央分向島","快慢車道分隔線","有",49,"未使用",121.453971,25.033547,"新北市","新莊區"
"路上翻車、摔倒","2019",6,23,11,"晴","日間自然光線",50,"直路","一般車道(未劃分快慢車道)","柏油","乾燥","良好","無號誌","行車分向線","未繪設快慢車道分隔線","有",26,"未使用",120.632085,22.699041,"屏東縣","內埔鄉"
"路上翻車、摔倒","2019",6,23,11,"晴","日間自然光線",50,"直路","一般車道(未劃分快慢車道)","柏油","乾燥","良好","無號誌","行車分向線","未繪設快慢車道分隔線","有",30,"非汽(機)車駕駛人",120.632085,22.699041,"屏東縣","內埔鄉"
"路上翻車、摔倒","2019",6,23,11,"晴","日間自然光線",50,"直路","一般車道(未劃分快慢車道)","柏油","乾燥","良好","無號誌","行車分向線","未繪設快慢車道分隔線","有",3,"非汽(機)車駕駛人",120.632085,22.699041,"屏東縣","內埔鄉"
"撞護欄(樁)","2019",6,23,11,"雨","日間自然光線",110,"直路","快車道","柏油","濕潤","良好","無號誌","中央分向島","未繪設快慢車道分隔線","有",49,"未使用",121.277397,24.906071,"桃園市","大溪區"
"撞護欄(樁)","2019",6,23,11,"雨","日間自然光線",110,"直路","快車道","柏油","濕潤","良好","無號誌","中央分向島","未繪設快慢車道分隔線","有",50,"未使用",121.277397,24.906071,"桃園市","大溪區"
"其他","2019",6,23,16,"雨","晨或暮光",50,"直路","一般車道(未劃分快慢車道)","柏油","濕潤","良好","無號誌","行車分向線","未繪設快慢車道分隔線","無",88,"不明",120.664437,24.408111,"苗栗縣","苑裡鎮"
"撞路樹、電桿","2019",6,23,21,"晴","夜間(或隧道、地下道、涵洞)有照明",30,"直路","路肩、路緣","柏油","乾燥","良好","無號誌","行車分向線","未繪設快慢車道分隔線","有",35,"不明",120.231154,23.110601,"臺南市","安定區"
"路口交岔撞","2019",6,24,6,"雨","日間自然光線",50,"四岔路","交叉路口內","柏油","濕潤","良好","正常","無","未繪設快慢車道分隔線","無",51,"未使用",120.551537,24.254808,"臺中市","梧棲區"
"路口交岔撞","2019",6,24,6,"雨","日間自然光線",50,"四岔路","交叉路口內","柏油","濕潤","良好","正常","無","未繪設快慢車道分隔線","無",42,"未使用",120.551537,24.254808,"臺中市","梧棲區"
"撞路樹、電桿","2019",6,24,6,"晴","日間自然光線",40,"直路","其他","柏油","乾燥","良好","無號誌","中央分向島","快慢車道分隔線","有",108,"",120.439407,22.707776,"高雄市","大樹區"
"撞路樹、電桿","2019",6,24,6,"晴","日間自然光線",40,"直路","其他","柏油","乾燥","良好","無號誌","中央分向島","快慢車道分隔線","有",21,"未使用",120.439407,22.707776,"高雄市","大樹區"
"側撞","2019",6,24,6,"晴","日間自然光線",50,"四岔路","交叉路口內","柏油","乾燥","良好","正常","行車分向線","未繪設快慢車道分隔線","有",20,"未使用",120.382971,22.619215,"高雄市","大寮區"
"側撞","2019",6,24,6,"晴","日間自然光線",50,"四岔路","交叉路口內","柏油","乾燥","良好","正常","行車分向線","未繪設快慢車道分隔線","有",72,"未使用",120.382971,22.619215,"高雄市","大寮區"
"路口交岔撞","2019",6,24,10,"晴","日間自然光線",50,"四岔路","交叉路口內","柏油","乾燥","良好","正常","無","未繪設快慢車道分隔線","無",71,"未使用",120.203879,23.007061,"臺南市","北區"
"路口交岔撞","2019",6,24,10,"晴","日間自然光線",50,"四岔路","交叉路口內","柏油","乾燥","良好","正常","無","未繪設快慢車道分隔線","無",53,"未使用",120.203879,23.007061,"臺南市","北區"
"側撞","2019",6,25,6,"晴","晨或暮光",50,"直路","一般車道(未劃分快慢車道)","柏油","乾燥","良好","無號誌","雙向禁止超車線","未繪設快慢車道分隔線","有",40,"未使用",120.272875,23.041004,"臺南市","永康區"
"側撞","2019",6,25,6,"晴","晨或暮光",50,"直路","一般車道(未劃分快慢車道)","柏油","乾燥","良好","無號誌","雙向禁止超車線","未繪設快慢車道分隔線","有",83,"非汽(機)車駕駛人",120.272875,23.041004,"臺南市","永康區"
"追撞","2019",6,25,7,"晴","日間自然光線",100,"直路","快車道","柏油","乾燥","良好","無號誌","中央分向島","未繪設快慢車道分隔線","有",25,"未使用",121.213828,25.056851,"桃園市","大園區"
"追撞","2019",6,25,7,"晴","日間自然光線",100,"直路","快車道","柏油","乾燥","良好","無號誌","中央分向島","未繪設快慢車道分隔線","有",53,"未使用",121.213828,25.056851,"桃園市","大園區"
"追撞","2019",6,25,7,"晴","日間自然光線",100,"直路","快車道","柏油","乾燥","良好","無號誌","中央分向島","未繪設快慢車道分隔線","有",58,"未使用",121.213828,25.056851,"桃園市","大園區"
"追撞","2019",6,25,7,"晴","日間自然光線",100,"直路","快車道","柏油","乾燥","良好","無號誌","中央分向島","未繪設快慢車道分隔線","有",31,"未使用",121.213828,25.056851,"桃園市","大園區"
"穿越道路中","2019",6,25,11,"晴","日間自然光線",50,"四岔路","交叉路口內","柏油","乾燥","良好","無號誌","雙向禁止超車線","未繪設快慢車道分隔線","無",41,"不明",121.521004,25.062165,"臺北市","中山區"
"穿越道路中","2019",6,25,11,"晴","日間自然光線",50,"四岔路","交叉路口內","柏油","乾燥","良好","無號誌","雙向禁止超車線","未繪設快慢車道分隔線","無",63,"非汽(機)車駕駛人",121.521004,25.062165,"臺北市","中山區"
"側撞","2019",6,25,11,"晴","日間自然光線",50,"四岔路","交叉路口內","柏油","乾燥","良好","正常","無","未繪設快慢車道分隔線","無",40,"未使用",121.214411,24.940236,"桃園市","平鎮區"
"側撞","2019",6,25,11,"晴","日間自然光線",50,"四岔路","交叉路口內","柏油","乾燥","良好","正常","無","未繪設快慢車道分隔線","無",42,"未使用",121.214411,24.940236,"桃園市","平鎮區"
"衝出路外","2019",6,25,15,"晴","日間自然光線",40,"直路","一般車道(未劃分快慢車道)","柏油","乾燥","良好","無號誌","中央分向島","未繪設快慢車道分隔線","有",48,"不明",120.70005,24.117338,"臺中市","大里區"
"側撞","2019",6,25,19,"晴","夜間(或隧道、地下道、涵洞)有照明",60,"四岔路","交叉路口內","柏油","乾燥","良好","正常","中央分向島","快慢車道分隔線","有",21,"未使用",120.217067,22.96049,"臺南市","仁德區"
"側撞","2019",6,25,19,"晴","夜間(或隧道、地下道、涵洞)有照明",60,"四岔路","交叉路口內","柏油","乾燥","良好","正常","中央分向島","快慢車道分隔線","有",37,"未使用",120.217067,22.96049,"臺南市","仁德區"
"其他","2019",6,26,6,"晴","夜間(或隧道、地下道、涵洞)有照明",50,"直路","一般車道(未劃分快慢車道)","柏油","乾燥","良好","無號誌","行車分向線","未繪設快慢車道分隔線","有",28,"不明",120.494945,22.426727,"屏東縣","林邊鄉"
"其他","2019",6,26,6,"晴","夜間(或隧道、地下道、涵洞)有照明",50,"直路","一般車道(未劃分快慢車道)","柏油","乾燥","良好","無號誌","行車分向線","未繪設快慢車道分隔線","有",38,"非汽(機)車駕駛人",120.494945,22.426727,"屏東縣","林邊鄉"
"撞交通島","2019",6,26,8,"雨","日間自然光線",40,"直路","慢車道","柏油","濕潤","良好","無號誌","中央分向島","寛式快慢車道分隔島(50公分以上)","無",108,"",120.323,22.69802,"高雄市","仁武區"
"撞交通島","2019",6,26,8,"雨","日間自然光線",40,"直路","慢車道","柏油","濕潤","良好","無號誌","中央分向島","寛式快慢車道分隔島(50公分以上)","無",45,"未使用",120.323,22.69802,"高雄市","仁武區"
"側撞","2019",6,26,12,"晴","日間自然光線",50,"橋樑","快車道","柏油","乾燥","良好","無號誌","中央分向島","窄式快慢車道分隔島(無柵欄)","有",38,"不明",121.495152,25.04773,"新北市","三重區"
"側撞","2019",6,26,12,"晴","日間自然光線",50,"橋樑","快車道","柏油","乾燥","良好","無號誌","中央分向島","窄式快慢車道分隔島(無柵欄)","有",57,"不明",121.495152,25.04773,"新北市","三重區"
"側撞","2019",6,26,12,"晴","日間自然光線",50,"橋樑","快車道","柏油","乾燥","良好","無號誌","中央分向島","窄式快慢車道分隔島(無柵欄)","有",35,"不明",121.495152,25.04773,"新北市","三重區"
"側撞","2019",6,26,12,"晴","日間自然光線",50,"橋樑","快車道","柏油","乾燥","良好","無號誌","中央分向島","窄式快慢車道分隔島(無柵欄)","有",48,"不明",121.495152,25.04773,"新北市","三重區"
"同向擦撞","2019",6,26,17,"陰","日間自然光線",60,"四岔路","交叉路口內","柏油","乾燥","良好","無號誌","中央分向島","快慢車道分隔線","無",42,"不明",120.32827,23.236108,"臺南市","六甲區"
"同向擦撞","2019",6,26,17,"陰","日間自然光線",60,"四岔路","交叉路口內","柏油","乾燥","良好","無號誌","中央分向島","快慢車道分隔線","無",64,"未使用",120.32827,23.236108,"臺南市","六甲區"
"側撞","2019",6,26,22,"晴","夜間(或隧道、地下道、涵洞)有照明",40,"四岔路","交叉路口內","柏油","乾燥","良好","正常","無","未繪設快慢車道分隔線","無",41,"未使用",120.628483,24.184008,"臺中市","西屯區"
"側撞","2019",6,26,22,"晴","夜間(或隧道、地下道、涵洞)有照明",40,"四岔路","交叉路口內","柏油","乾燥","良好","正常","無","未繪設快慢車道分隔線","無",37,"未使用",120.628483,24.184008,"臺中市","西屯區"
"側撞","2019",6,26,22,"晴","夜間(或隧道、地下道、涵洞)有照明",40,"四岔路","交叉路口內","柏油","乾燥","良好","正常","無","未繪設快慢車道分隔線","無",30,"未使用",120.628483,24.184008,"臺中市","西屯區"
"路口交岔撞","2019",6,27,7,"陰","日間自然光線",50,"三岔路","交叉路口內","柏油","乾燥","良好","正常","無","未繪設快慢車道分隔線","無",33,"未使用",120.225809,23.463171,"嘉義縣","朴子市"
"路口交岔撞","2019",6,27,7,"陰","日間自然光線",50,"三岔路","交叉路口內","柏油","乾燥","良好","正常","無","未繪設快慢車道分隔線","無",55,"未使用",120.225809,23.463171,"嘉義縣","朴子市"
"對向擦撞","2019",6,27,10,"雨","日間自然光線",60,"三岔路","一般車道(未劃分快慢車道)","柏油","濕潤","良好","無號誌","無","未繪設快慢車道分隔線","有",57,"未使用",120.584961,23.445727,"嘉義縣","番路鄉"
"對向擦撞","2019",6,27,10,"雨","日間自然光線",60,"三岔路","一般車道(未劃分快慢車道)","柏油","濕潤","良好","無號誌","無","未繪設快慢車道分隔線","有",49,"未使用",120.584961,23.445727,"嘉義縣","番路鄉"
"對向擦撞","2019",6,27,10,"雨","日間自然光線",60,"三岔路","一般車道(未劃分快慢車道)","柏油","濕潤","良好","無號誌","無","未繪設快慢車道分隔線","有",62,"未使用",120.584961,23.445727,"嘉義縣","番路鄉"
"其他","2019",6,27,10,"陰","日間自然光線",50,"三岔路","交叉路口內","其他鋪裝","乾燥","良好","無號誌","無","未繪設快慢車道分隔線","無",86,"未使用",121.63893,25.221529,"新北市","金山區"
"追撞","2019",6,27,18,"陰","夜間(或隧道、地下道、涵洞)有照明",40,"四岔路","交叉口附近","柏油","乾燥","良好","正常","雙向禁止超車線","未繪設快慢車道分隔線","無",44,"不明",121.551693,25.019498,"臺北市","大安區"
"追撞","2019",6,27,18,"陰","夜間(或隧道、地下道、涵洞)有照明",40,"四岔路","交叉口附近","柏油","乾燥","良好","正常","雙向禁止超車線","未繪設快慢車道分隔線","無",59,"不明",121.551693,25.019498,"臺北市","大安區"
"追撞","2019",6,27,18,"陰","夜間(或隧道、地下道、涵洞)有照明",40,"四岔路","交叉口附近","柏油","乾燥","良好","正常","雙向禁止超車線","未繪設快慢車道分隔線","無",26,"不明",121.551693,25.019498,"臺北市","大安區"
"追撞","2019",6,27,18,"陰","夜間(或隧道、地下道、涵洞)有照明",40,"四岔路","交叉口附近","柏油","乾燥","良好","正常","雙向禁止超車線","未繪設快慢車道分隔線","無",31,"不明",121.551693,25.019498,"臺北市","大安區"
"追撞","2019",6,27,18,"晴","日間自然光線",70,"四岔路","交叉路口內","柏油","乾燥","良好","正常","行車分向線","快慢車道分隔線","有",37,"未使用",121.824851,24.69251,"宜蘭縣","五結鄉"
"追撞","2019",6,27,18,"晴","日間自然光線",70,"四岔路","交叉路口內","柏油","乾燥","良好","正常","行車分向線","快慢車道分隔線","有",38,"未使用",121.824851,24.69251,"宜蘭縣","五結鄉"
"追撞","2019",6,27,18,"晴","日間自然光線",70,"四岔路","交叉路口內","柏油","乾燥","良好","正常","行車分向線","快慢車道分隔線","有",48,"未使用",121.824851,24.69251,"宜蘭縣","五結鄉"
"對撞","2019",6,28,5,"晴","夜間(或隧道、地下道、涵洞)有照明",50,"三岔路","交叉口附近","柏油","乾燥","良好","正常","中央分向島","快慢車道分隔線","有",30,"未使用",121.496319,25.00367,"新北市","中和區"
"對撞","2019",6,28,5,"晴","夜間(或隧道、地下道、涵洞)有照明",50,"三岔路","交叉口附近","柏油","乾燥","良好","正常","中央分向島","快慢車道分隔線","有",26,"未使用",121.496319,25.00367,"新北市","中和區"
"倒車撞","2019",6,28,11,"晴","日間自然光線",40,"直路","一般車道(未劃分快慢車道)","無鋪裝","乾燥","良好","無號誌","無","未繪設快慢車道分隔線","無",44,"不明",120.912992,22.482084,"臺東縣","達仁鄉"
"倒車撞","2019",6,28,11,"晴","日間自然光線",40,"直路","一般車道(未劃分快慢車道)","無鋪裝","乾燥","良好","無號誌","無","未繪設快慢車道分隔線","無",46,"不明",120.912992,22.482084,"臺東縣","達仁鄉"
"穿越道路中","2019",6,28,14,"晴","日間自然光線",50,"四岔路","交叉口附近","柏油","乾燥","良好","無號誌","雙向禁止超車線","未繪設快慢車道分隔線","無",35,"未使用",120.712507,24.125704,"臺中市","太平區"
"穿越道路中","2019",6,28,14,"晴","日間自然光線",50,"四岔路","交叉口附近","柏油","乾燥","良好","無號誌","雙向禁止超車線","未繪設快慢車道分隔線","無",75,"非汽(機)車駕駛人",120.712507,24.125704,"臺中市","太平區"
"穿越道路中","2019",6,28,14,"晴","日間自然光線",50,"四岔路","交叉口附近","柏油","乾燥","良好","無號誌","雙向禁止超車線","未繪設快慢車道分隔線","無",7,"非汽(機)車駕駛人",120.712507,24.125704,"臺中市","太平區"
"穿越道路中","2019",6,28,14,"晴","日間自然光線",50,"直路","一般車道(未劃分快慢車道)","柏油","乾燥","良好","正常","雙向禁止超車線","未繪設快慢車道分隔線","有",52,"未使用",121.468472,25.001337,"新北市","中和區"
"穿越道路中","2019",6,28,14,"晴","日間自然光線",50,"直路","一般車道(未劃分快慢車道)","柏油","乾燥","良好","正常","雙向禁止超車線","未繪設快慢車道分隔線","有",50,"未使用",121.468472,25.001337,"新北市","中和區"
"穿越道路中","2019",6,28,14,"晴","日間自然光線",50,"直路","一般車道(未劃分快慢車道)","柏油","乾燥","良好","正常","雙向禁止超車線","未繪設快慢車道分隔線","有",45,"未使用",121.468472,25.001337,"新北市","中和區"
"穿越道路中","2019",6,28,14,"晴","日間自然光線",50,"直路","一般車道(未劃分快慢車道)","柏油","乾燥","良好","正常","雙向禁止超車線","未繪設快慢車道分隔線","有",58,"非汽(機)車駕駛人",121.468472,25.001337,"新北市","中和區"
"衝進路中","2019",6,28,22,"晴","夜間(或隧道、地下道、涵洞)有照明",100,"直路","快車道","柏油","乾燥","良好","無號誌","中央分向島","未繪設快慢車道分隔線","有",69,"非汽(機)車駕駛人",121.679068,25.085872,"基隆市","七堵區"
"衝進路中","2019",6,28,22,"晴","夜間(或隧道、地下道、涵洞)有照明",100,"直路","快車道","柏油","乾燥","良好","無號誌","中央分向島","未繪設快慢車道分隔線","有",25,"未使用",121.679068,25.085872,"基隆市","七堵區"
"側撞","2019",6,28,23,"晴","日間自然光線",50,"多岔路","交叉路口內","柏油","乾燥","良好","正常","無","未繪設快慢車道分隔線","無",42,"未使用",121.522377,25.027006,"臺北市","大安區"
"側撞","2019",6,28,23,"晴","日間自然光線",50,"多岔路","交叉路口內","柏油","乾燥","良好","正常","無","未繪設快慢車道分隔線","無",29,"非汽(機)車駕駛人",121.522377,25.027006,"臺北市","大安區"
"側撞","2019",6,28,23,"晴","日間自然光線",50,"多岔路","交叉路口內","柏油","乾燥","良好","正常","無","未繪設快慢車道分隔線","無",36,"未使用",121.522377,25.027006,"臺北市","大安區"
"撞交通島","2019",6,29,7,"晴","日間自然光線",70,"直路","一般車道(未劃分快慢車道)","柏油","乾燥","良好","無號誌","中央分向島","未繪設快慢車道分隔線","有",108,"",120.4688,22.85958,"高雄市","旗山區"
"撞交通島","2019",6,29,7,"晴","日間自然光線",70,"直路","一般車道(未劃分快慢車道)","柏油","乾燥","良好","無號誌","中央分向島","未繪設快慢車道分隔線","有",19,"未使用",120.4688,22.85958,"高雄市","旗山區"
"撞路樹、電桿","2019",6,29,10,"晴","日間自然光線",40,"直路","其他","柏油","乾燥","良好","無號誌","無","未繪設快慢車道分隔線","有",49,"不明",120.365443,23.88731,"彰化縣","二林鎮"
"對撞","2019",6,29,11,"晴","夜間(或隧道、地下道、涵洞)有照明",40,"地下道","一般車道(未劃分快慢車道)","柏油","乾燥","良好","無號誌","雙向禁止超車線","未繪設快慢車道分隔線","有",66,"不明",121.613857,23.971213,"花蓮縣","花蓮市"
"對撞","2019",6,29,11,"晴","夜間(或隧道、地下道、涵洞)有照明",40,"地下道","一般車道(未劃分快慢車道)","柏油","乾燥","良好","無號誌","雙向禁止超車線","未繪設快慢車道分隔線","有",46,"未使用",121.613857,23.971213,"花蓮縣","花蓮市"
"路口交岔撞","2019",6,29,13,"晴","日間自然光線",50,"四岔路","交叉路口內","柏油","乾燥","良好","無號誌","無","未繪設快慢車道分隔線","有",81,"未使用",120.683795,23.964878,"南投縣","草屯鎮"
"路口交岔撞","2019",6,29,13,"晴","日間自然光線",50,"四岔路","交叉路口內","柏油","乾燥","良好","無號誌","無","未繪設快慢車道分隔線","有",49,"未使用",120.683795,23.964878,"南投縣","草屯鎮"
"撞交通島","2019",6,29,23,"晴","夜間(或隧道、地下道、涵洞)有照明",50,"直路","一般車道(未劃分快慢車道)","柏油","乾燥","良好","無號誌","中央分向島","快慢車道分隔線","有",21,"未使用",120.586659,24.092178,"彰化縣","彰化市"
"倒車撞","2019",6,30,9,"晴","日間自然光線",50,"直路","一般車道(未劃分快慢車道)","柏油","乾燥","良好","無號誌","雙向禁止超車線","未繪設快慢車道分隔線","無",48,"不明",121.013083,24.806881,"新竹市","東區"
"倒車撞","2019",6,30,9,"晴","日間自然光線",50,"直路","一般車道(未劃分快慢車道)","柏油","乾燥","良好","無號誌","雙向禁止超車線","未繪設快慢車道分隔線","無",69,"不明",121.013083,24.806881,"新竹市","東區"
"追撞","2019",6,30,10,"晴","日間自然光線",50,"直路","一般車道(未劃分快慢車道)","柏油","乾燥","良好","無號誌","雙向禁止超車線","未繪設快慢車道分隔線","有",26,"未使用",121.297488,24.943399,"桃園市","八德區"
"追撞","2019",6,30,10,"晴","日間自然光線",50,"直路","一般車道(未劃分快慢車道)","柏油","乾燥","良好","無號誌","雙向禁止超車線","未繪設快慢車道分隔線","有",21,"未使用",121.297488,24.943399,"桃園市","八德區"
"追撞","2019",6,30,10,"晴","日間自然光線",50,"直路","一般車道(未劃分快慢車道)","柏油","乾燥","良好","無號誌","雙向禁止超車線","未繪設快慢車道分隔線","有",28,"未使用",121.297488,24.943399,"桃園市","八德區"
"側撞","2019",6,30,14,"晴","日間自然光線",50,"三岔路","交叉路口內","柏油","乾燥","良好","無號誌","中央分向島","未繪設快慢車道分隔線","有",25,"未使用",121.438943,25.152855,"新北市","八里區"
"側撞","2019",6,30,14,"晴","日間自然光線",50,"三岔路","交叉路口內","柏油","乾燥","良好","無號誌","中央分向島","未繪設快慢車道分隔線","有",63,"非汽(機)車駕駛人",121.438943,25.152855,"新北市","八里區"
"側撞","2019",6,30,14,"晴","日間自然光線",50,"三岔路","交叉路口內","柏油","乾燥","良好","無號誌","中央分向島","未繪設快慢車道分隔線","有",36,"未使用",121.438943,25.152855,"新北市","八里區"
"路上翻車、摔倒","2019",6,30,17,"晴","日間自然光線",50,"直路","一般車道(未劃分快慢車道)","柏油","乾燥","良好","無號誌","雙向禁止超車線","未繪設快慢車道分隔線","有",20,"非汽(機)車駕駛人",121.642364,25.09741,"新北市","汐止區"
"路上翻車、摔倒","2019",6,30,17,"晴","日間自然光線",50,"直路","一般車道(未劃分快慢車道)","柏油","乾燥","良好","無號誌","雙向禁止超車線","未繪設快慢車道分隔線","有",20,"未使用",121.642364,25.09741,"新北市","汐止區"
"衝出路外","2019",6,30,18,"晴","日間自然光線",50,"彎曲路及附近","一般車道(未劃分快慢車道)","柏油","乾燥","良好","無號誌","行車分向線","快慢車道分隔線","有",62,"不明",120.258329,23.068637,"臺南市","新市區"
"對撞","2019",6,30,20,"晴","夜間(或隧道、地下道、涵洞)有照明",50,"三岔路","交叉路口內","柏油","乾燥","良好","正常","無","未繪設快慢車道分隔線","無",64,"未使用",120.512843,22.681458,"屏東縣","長治鄉"
"對撞","2019",6,30,20,"晴","夜間(或隧道、地下道、涵洞)有照明",50,"三岔路","交叉路口內","柏油","乾燥","良好","正常","無","未繪設快慢車道分隔線","無",48,"未使用",120.512843,22.681458,"屏東縣","長治鄉"
"追撞","2019",7,1,16,"晴","日間自然光線",100,"高架道路","路肩、路緣","柏油","乾燥","不良","無號誌","中央分向島","未繪設快慢車道分隔線","有",59,"未使用",120.259626,23.452256,"嘉義縣","朴子市"
"追撞","2019",7,1,16,"晴","日間自然光線",100,"高架道路","路肩、路緣","柏油","乾燥","不良","無號誌","中央分向島","未繪設快慢車道分隔線","有",57,"未使用",120.259626,23.452256,"嘉義縣","朴子市"
"追撞","2019",7,1,16,"晴","日間自然光線",100,"高架道路","路肩、路緣","柏油","乾燥","不良","無號誌","中央分向島","未繪設快慢車道分隔線","有",51,"未使用",120.259626,23.452256,"嘉義縣","朴子市"