"事故類型及型態子類別名稱","發生年度","發生月份","發生日期","發生時間","天候名稱","光線名稱","速限.第1當事者","道路型態子類別名稱","事故位置子類別名稱","路面狀況.路面鋪裝名稱","路面狀況.路面狀態名稱","道路障礙.視距品質名稱","號誌.號誌動作名稱","車道劃分設施.分向設施大類別名稱","車道劃分設施.分道設施.快慢車道間名稱","車道劃分設施.分道設施.路面邊線名稱","當事者事故發生時年齡","行動電話或電腦或其他相類功能裝置名稱","經度","緯度","縣市","鄉鎮"
"對撞","2019",7,1,16,"晴","日間自然光線",50,"彎曲路及附近","一般車道(未劃分快慢車道)","柏油","乾燥","良好","無號誌","雙向禁止超車線","未繪設快慢車道分隔線","有",20,"未使用",121.642364,25.09741,"新北市","汐止區"
"對撞","2019",7,1,16,"晴","日間自然光線",50,"彎曲路及附近","一般車道(未劃分快慢車道)","柏油","乾燥","良好","無號誌","雙向禁止超車線","未繪設快慢車道分隔線","有",59,"未使用",121.642364,25.09741,"新北市","汐止區"
"追撞","2019",7,1,22,"晴","夜間(或隧道、地下道、涵洞)有照明",100,"直路","快車道","柏油","乾燥","良好","無號誌","中央分向島","未繪設快慢車道分隔線","有",23,"不明",121.415643,25.061981,"新北市","泰山區"
"追撞","2019",7,1,22,"晴","夜間(或隧道、地下道、涵洞)有照明",100,"直路","快車道","柏油","乾燥","良好","無號誌","中央分向島","未繪設快慢車道分隔線","有",45,"未使用",121.415643,25.061981,"新北市","泰山區"
"追撞","2019",7,1,22,"晴","夜間(或隧道、地下道、涵洞)有照明",100,"直路","快車道","柏油","乾燥","良好","無號誌","中央分向島","未繪設快慢車道分隔線","有",33,"未使用",121.415643,25.061981,"新北市","泰山區"
"側撞","2019",7,2,0,"晴","夜間(或隧道、地下道、涵洞)無照明",50,"四岔路","交叉路口內","柏油","乾燥","良好","正常","雙向禁止超車線","未繪設快慢車道分隔線","有",23,"未使用",120.475287,24.079215,"彰化縣","鹿港鎮"
"側撞","2019",7,2,0,"晴","夜間(或隧道、地下道、涵洞)無照明",50,"四岔路","交叉路口內","柏油","乾燥","良好","正常","雙向禁止超車線","未繪設快慢車道分隔線","有",22,"未使用",120.475287,24.079215,"彰化縣","鹿港鎮"
"其他","2019",7,2,4,"晴","日間自然光線",50,"直路","路肩、路緣","柏油","乾燥","良好","無號誌","雙向禁止超車線","未繪設快慢車道分隔線","有",75,"未使用",120.839513,24.66211,"苗栗縣","竹南鎮"
"路上翻車、摔倒","2019",7,2,5,"陰","日間自然光線",60,"直路","一般車道(未劃分快慢車道)","柏油","濕潤","良好","無號誌","中央分向島","未繪設快慢車道分隔線","有",67,"未使用",121.127692,22.7821,"臺東縣","臺東市"
"撞動物","2019",7,2,8,"雨","日間自然光線",50,"三岔路","交叉口附近","柏油","濕潤","良好","無號誌","雙向禁止超車線","未繪設快慢車道分隔線","有",71,"未使用",119.620329,23.548867,"澎湖縣","馬公市"
"路口交岔撞","2019",7,3,8,"雨","日間自然光線",40,"四岔路","交叉路口內","柏油","濕潤","良好","正常","無","未繪設快慢車道分隔線","無",33,"不明",120.281583,23.241646,"臺南市","下營區"
"路口交岔撞","2019",7,3,8,"雨","日間自然光線",40,"四岔路","交叉路口內","柏油","濕潤","良好","正常","無","未繪設快慢車道分隔線","無",70,"未使用",120.281583,23.241646,"臺南市","下營區"
"路口交岔撞","2019",7,3,8,"雨","日間自然光線",40,"四岔路","交叉路口內","柏油","濕潤","良好","正常","無","未繪設快慢車道分隔線","無",80,"非汽(機)車駕駛人",120.281583,23.241646,"臺南市","下營區"
"路口交岔撞","2019",7,3,8,"雨","日間自然光線",40,"四岔路","交叉路口內","柏油","濕潤","良好","正常","無","未繪設快慢車道分隔線","無",80,"非汽(機)車駕駛人",120.281583,23.241646,"臺南市","下營區"
"路口交岔撞","2019",7,3,17,"晴","日間自然光線",40,"四岔路","交叉路口內","柏油","乾燥","良好","無號誌","無","未繪設快慢車道分隔線","有",58,"未使用",120.399446,23.627132,"雲林縣","大埤鄉"
"路口交岔撞","2019",7,3,17,"晴","日間自然光線",40,"四岔路","交叉路口內","柏油","乾燥","良好","無號誌","無","未繪設快慢車道分隔線","有",74,"未使用",120.399446,23.627132,"雲林縣","大埤鄉"
"路口交岔撞","2019",7,3,18,"晴","日間自然光線",40,"四岔路","交叉路口內","柏油","乾燥","良好","正常","無","未繪設快慢車道分隔線","無",65,"未使用",120.503865,24.126551,"彰化縣","和美鎮"
"路口交岔撞","2019",7,3,18,"晴","日間自然光線",40,"四岔路","交叉路口內","柏油","乾燥","良好","正常","無","未繪設快慢車道分隔線","無",25,"未使用",120.503865,24.126551,"彰化縣","和美鎮"
"追撞","2019",7,4,4,"晴","夜間(或隧道、地下道、涵洞)有照明",50,"橋樑","快車道","柏油","乾燥","良好","無號誌","中央分向島","快慢車道分隔線","有",49,"不明",120.502178,22.797255,"屏東縣","里港鄉"
"追撞","2019",7,4,4,"晴","夜間(或隧道、地下道、涵洞)有照明",50,"橋樑","快車道","柏油","乾燥","良好","無號誌","中央分向島","快慢車道分隔線","有",76,"不明",120.502178,22.797255,"屏東縣","里港鄉"
"追撞","2019",7,4,4,"晴","夜間(或隧道、地下道、涵洞)有照明",50,"橋樑","快車道","柏油","乾燥","良好","無號誌","中央分向島","快慢車道分隔線","有",32,"未使用",120.502178,22.797255,"屏東縣","里港鄉"
"撞路樹、電桿","2019",7,4,9,"晴","日間自然光線",50,"直路","一般車道(未劃分快慢車道)","柏油","乾燥","良好","無號誌","雙向禁止超車線","未繪設快慢車道分隔線","有",80,"未使用",121.097627,24.973723,"桃園市","新屋區"
"側撞","2019",7,4,22,"晴","夜間(或隧道、地下道、涵洞)有照明",60,"四岔路","交叉路口內","柏油","乾燥","良好","正常","中央分向島","寛式快慢車道分隔島(50公分以上)","無",29,"未使用",120.291749,22.649883,"高雄市","鼓山區"
"側撞","2019",7,4,22,"晴","夜間(或隧道、地下道、涵洞)有照明",60,"四岔路","交叉路口內","柏油","乾燥","良好","正常","中央分向島","寛式快慢車道分隔島(50公分以上)","無",54,"未使用",120.291749,22.649883,"高雄市","鼓山區"
"路口交岔撞","2019",7,5,9,"晴","日間自然光線",40,"四岔路","交叉路口內","柏油","乾燥","良好","無號誌","無","未繪設快慢車道分隔線","有",33,"未使用",120.802031,24.489212,"苗栗縣","銅鑼鄉"
"路口交岔撞","2019",7,5,9,"晴","日間自然光線",40,"四岔路","交叉路口內","柏油","乾燥","良好","無號誌","無","未繪設快慢車道分隔線","有",68,"未使用",120.802031,24.489212,"苗栗縣","銅鑼鄉"
"對撞","2019",7,5,17,"晴","日間自然光線",50,"彎曲路及附近","一般車道(未劃分快慢車道)","柏油","乾燥","良好","無號誌","中央分向島","未繪設快慢車道分隔線","有",24,"不明",120.522481,23.083258,"臺南市","南化區"
"對撞","2019",7,5,17,"晴","日間自然光線",50,"彎曲路及附近","一般車道(未劃分快慢車道)","柏油","乾燥","良好","無號誌","中央分向島","未繪設快慢車道分隔線","有",74,"非汽(機)車駕駛人",120.522481,23.083258,"臺南市","南化區"
"對撞","2019",7,5,17,"晴","日間自然光線",50,"彎曲路及附近","一般車道(未劃分快慢車道)","柏油","乾燥","良好","無號誌","中央分向島","未繪設快慢車道分隔線","有",49,"不明",120.522481,23.083258,"臺南市","南化區"
"衝出路外","2019",7,5,20,"晴","夜間(或隧道、地下道、涵洞)有照明",60,"坡路","路肩、路緣","柏油","乾燥","良好","無號誌","雙向禁止超車線","未繪設快慢車道分隔線","有",19,"不明",120.922493,23.928157,"南投縣","埔里鎮"
"衝出路外","2019",7,6,2,"晴","夜間(或隧道、地下道、涵洞)有照明",40,"直路","慢車道","柏油","乾燥","良好","無號誌","中央分向島","快慢車道分隔線","有",18,"未使用",120.55741,24.224115,"臺中市","沙鹿區"
"穿越道路中","2019",7,6,3,"晴","夜間(或隧道、地下道、涵洞)有照明",50,"四岔路","交叉路口內","柏油","乾燥","良好","正常","無","未繪設快慢車道分隔線","無",26,"未使用",120.22686,23.000888,"臺南市","北區"
"穿越道路中","2019",7,6,3,"晴","夜間(或隧道、地下道、涵洞)有照明",50,"四岔路","交叉路口內","柏油","乾燥","良好","正常","無","未繪設快慢車道分隔線","無",84,"非汽(機)車駕駛人",120.22686,23.000888,"臺南市","北區"
"其他","2019",7,6,6,"晴","日間自然光線",40,"直路","環道匝道","柏油","乾燥","良好","無號誌","無","未繪設快慢車道分隔線","有",58,"未使用",121.513754,25.077675,"臺北市","大同區"
"其他","2019",7,6,6,"晴","日間自然光線",40,"直路","環道匝道","柏油","乾燥","良好","無號誌","無","未繪設快慢車道分隔線","有",30,"不明",121.513754,25.077675,"臺北市","大同區"
"路口交岔撞","2019",7,6,9,"晴","日間自然光線",60,"四岔路","交叉路口內","柏油","乾燥","良好","正常","無","未繪設快慢車道分隔線","無",88,"未使用",120.634498,23.777957,"雲林縣","林內鄉"
"路口交岔撞","2019",7,6,9,"晴","日間自然光線",60,"四岔路","交叉路口內","柏油","乾燥","良好","正常","無","未繪設快慢車道分隔線","無",21,"未使用",120.634498,23.777957,"雲林縣","林內鄉"
"路口交岔撞","2019",7,6,12,"晴","日間自然光線",40,"四岔路","交叉路口內","柏油","乾燥","良好","正常","無","未繪設快慢車道分隔線","無",37,"未使用",120.428807,22.582788,"高雄市","大寮區"
"路口交岔撞","2019",7,6,12,"晴","日間自然光線",40,"四岔路","交叉路口內","柏油","乾燥","良好","正常","無","未繪設快慢車道分隔線","無",37,"未使用",120.428807,22.582788,"高雄市","大寮區"
"追撞","2019",7,6,13,"陰","日間自然光線",50,"直路","一般車道(未劃分快慢車道)","柏油","濕潤","良好","無號誌","雙向禁止超車線","未繪設快慢車道分隔線","有",63,"不明",120.535556,24.075556,"彰化縣","彰化市"
"追撞","2019",7,6,13,"陰","日間自然光線",50,"直路","一般車道(未劃分快慢車道)","柏油","濕潤","良好","無號誌","雙向禁止超車線","未繪設快慢車道分隔線","有",32,"非汽(機)車駕駛人",120.535556,24.075556,"彰化縣","彰化市"
"追撞","2019",7,6,13,"陰","日間自然光線",50,"直路","一般車道(未劃分快慢車道)","柏油","濕潤","良好","無號誌","雙向禁止超車線","未繪設快慢車道分隔線","有",59,"非汽(機)車駕駛人",120.535556,24.075556,"彰化縣","彰化市"
"追撞","2019",7,6,13,"陰","日間自然光線",50,"直路","一般車道(未劃分快慢車道)","柏油","濕潤","良好","無號誌","雙向禁止超車線","未繪設快慢車道分隔線","有",21,"未使用",120.535556,24.075556,"彰化縣","彰化市"
"追撞","2019",7,6,13,"陰","日間自然光線",50,"直路","一般車道(未劃分快慢車道)","柏油","濕潤","良好","無號誌","雙向禁止超車線","未繪設快慢車道分隔線","有",31,"未使用",120.535556,24.075556,"彰化縣","彰化市"
"其他","2019",7,6,17,"晴","日間自然光線",40,"其他","其他","柏油","乾燥","良好","無號誌","無","未繪設快慢車道分隔線","有",57,"未使用",121.556609,25.041947,"臺北市","大安區"
"其他","2019",7,6,17,"晴","日間自然光線",40,"其他","其他","柏油","乾燥","良好","無號誌","無","未繪設快慢車道分隔線","有",63,"未使用",121.556609,25.041947,"臺北市","大安區"
"其他","2019",7,6,17,"晴","日間自然光線",40,"其他","其他","柏油","乾燥","良好","無號誌","無","未繪設快慢車道分隔線","有",40,"未使用",121.556609,25.041947,"臺北市","大安區"
"撞路樹、電桿","2019",7,7,2,"晴","夜間(或隧道、地下道、涵洞)有照明",50,"直路","快車道","柏油","乾燥","良好","無號誌","行車分向線","快慢車道分隔線","有",48,"不明",120.603181,23.832152,"彰化縣","二水鄉"
"衝進路中","2019",7,7,19,"晴","夜間(或隧道、地下道、涵洞)有照明",50,"四岔路","交叉路口內","柏油","乾燥","良好","正常","雙向禁止超車線","未繪設快慢車道分隔線","無",25,"不明",121.511012,25.06867,"臺北市","大同區"
"衝進路中","2019",7,7,19,"晴","夜間(或隧道、地下道、涵洞)有照明",50,"四岔路","交叉路口內","柏油","乾燥","良好","正常","雙向禁止超車線","未繪設快慢車道分隔線","無",53,"不明",121.511012,25.06867,"臺北市","大同區"
"衝進路中","2019",7,7,19,"晴","夜間(或隧道、地下道、涵洞)有照明",50,"四岔路","交叉路口內","柏油","乾燥","良好","正常","雙向禁止超車線","未繪設快慢車道分隔線","無",69,"非汽(機)車駕駛人",121.511012,25.06867,"臺北市","大同區"
"路口交岔撞","2019",7,8,6,"陰","日間自然光線",40,"四岔路","交叉路口內","柏油","濕潤","良好","正常","無","快慢車道分隔線","有",26,"未使用",120.281616,23.095629,"臺南市","新市區"
"路口交岔撞","2019",7,8,6,"陰","日間自然光線",40,"四岔路","交叉路口內","柏油","濕潤","良好","正常","無","快慢車道分隔線","有",66,"未使用",120.281616,23.095629,"臺南市","新市區"
"側撞","2019",7,8,7,"晴","日間自然光線",70,"直路","快車道","柏油","乾燥","良好","無號誌","中央分向島","快慢車道分隔線","有",51,"未使用",121.833268,24.626976,"宜蘭縣","蘇澳鎮"
"側撞","2019",7,8,7,"晴","日間自然光線",70,"直路","快車道","柏油","乾燥","良好","無號誌","中央分向島","快慢車道分隔線","有",48,"未使用",121.833268,24.626976,"宜蘭縣","蘇澳鎮"
"側撞","2019",7,8,7,"晴","日間自然光線",70,"直路","快車道","柏油","乾燥","良好","無號誌","中央分向島","快慢車道分隔線","有",27,"未使用",121.833268,24.626976,"宜蘭縣","蘇澳鎮"
"撞路樹、電桿","2019",7,8,11,"晴","日間自然光線",60,"直路","一般車道(未劃分快慢車道)","柏油","乾燥","良好","無號誌","雙向禁止超車線","未繪設快慢車道分隔線","有",58,"不明",120.326679,23.597998,"雲林縣","北港鎮"
"路口交岔撞","2019",7,8,14,"晴","日間自然光線",40,"四岔路","交叉路口內","柏油","乾燥","良好","無號誌","無","未繪設快慢車道分隔線","無",19,"未使用",121.233659,24.949473,"桃園市","中壢區"
"路口交岔撞","2019",7,8,14,"晴","日間自然光線",40,"四岔路","交叉路口內","柏油","乾燥","良好","無號誌","無","未繪設快慢車道分隔線","無",19,"不明",121.233659,24.949473,"桃園市","中壢區"
"路口交岔撞","2019",7,8,14,"晴","日間自然光線",40,"四岔路","交叉路口內","柏油","乾燥","良好","無號誌","無","未繪設快慢車道分隔線","無",32,"未使用",121.233659,24.949473,"桃園市","中壢區"
"側撞","2019",7,8,14,"晴","日間自然光線",50,"四岔路","交叉路口內","柏油","乾燥","良好","正常","無","未繪設快慢車道分隔線","無",65,"不明",120.958176,24.807809,"新竹市","北區"
"側撞","2019",7,8,14,"晴","日間自然光線",50,"四岔路","交叉路口內","柏油","乾燥","良好","正常","無","未繪設快慢車道分隔線","無",49,"不明",120.958176,24.807809,"新竹市","北區"
"撞號誌、標誌桿","2019",7,8,15,"晴","日間自然光線",50,"直路","一般車道(未劃分快慢車道)","柏油","乾燥","良好","無號誌","雙向禁止超車線","快慢車道分隔線","有",51,"未使用",120.508425,22.763588,"屏東縣","九如鄉"
"同向擦撞","2019",7,8,19,"晴","夜間(或隧道、地下道、涵洞)有照明",50,"直路","一般車道(未劃分快慢車道)","柏油","乾燥","良好","正常","中央分向島","未繪設快慢車道分隔線","有",39,"未使用",121.517713,25.091917,"臺北市","士林區"
"同向擦撞","2019",7,8,19,"晴","夜間(或隧道、地下道、涵洞)有照明",50,"直路","一般車道(未劃分快慢車道)","柏油","乾燥","良好","正常","中央分向島","未繪設快慢車道分隔線","有",69,"未使用",121.517713,25.091917,"臺北市","士林區"
"同向擦撞","2019",7,8,19,"晴","夜間(或隧道、地下道、涵洞)有照明",50,"直路","一般車道(未劃分快慢車道)","柏油","乾燥","良好","正常","中央分向島","未繪設快慢車道分隔線","有",53,"未使用",121.517713,25.091917,"臺北市","士林區"
"同向擦撞","2019",7,8,19,"晴","夜間(或隧道、地下道、涵洞)有照明",50,"直路","一般車道(未劃分快慢車道)","柏油","乾燥","良好","正常","中央分向島","未繪設快慢車道分隔線","有",46,"未使用",121.517713,25.091917,"臺北市","士林區"
"側撞","2019",7,8,19,"陰","夜間(或隧道、地下道、涵洞)有照明",50,"三岔路","交叉路口內","柏油","乾燥","良好","正常","雙向禁止超車線","寛式快慢車道分隔島(50公分以上)","無",35,"不明",121.45,25.033333,"新北市","新莊區"
"側撞","2019",7,8,19,"陰","夜間(或隧道、地下道、涵洞)有照明",50,"三岔路","交叉路口內","柏油","乾燥","良好","正常","雙向禁止超車線","寛式快慢車道分隔島(50公分以上)","無",29,"非汽(機)車駕駛人",121.45,25.033333,"新北市","新莊區"
"側撞","2019",7,9,5,"晴","日間自然光線",60,"三岔路","交叉路口內","柏油","乾燥","良好","正常","無","未繪設快慢車道分隔線","無",75,"未使用",121.60198,24.004776,"花蓮縣","花蓮市"
"側撞","2019",7,9,5,"晴","日間自然光線",60,"三岔路","交叉路口內","柏油","乾燥","良好","正常","無","未繪設快慢車道分隔線","無",49,"未使用",121.60198,24.004776,"花蓮縣","花蓮市"
"側撞","2019",7,9,5,"晴","日間自然光線",60,"三岔路","交叉路口內","柏油","乾燥","良好","正常","無","未繪設快慢車道分隔線","無",53,"未使用",121.60198,24.004776,"花蓮縣","花蓮市"
"同向擦撞","2019",7,9,7,"晴","日間自然光線",50,"三岔路","交叉路口內","柏油","乾燥","良好","正常","中央分向島","快慢車道分隔線","有",20,"未使用",121.426237,25.002193,"新北市","樹林區"
"同向擦撞","2019",7,9,7,"晴","日間自然光線",50,"三岔路","交叉路口內","柏油","乾燥","良好","正常","中央分向島","快慢車道分隔線","有",64,"未使用",121.426237,25.002193,"新北市","樹林區"
"同向擦撞","2019",7,9,7,"晴","日間自然光線",50,"三岔路","交叉路口內","柏油","乾燥","良好","正常","中央分向島","快慢車道分隔線","有",59,"未使用",121.426237,25.002193,"新北市","樹林區"
"側撞","2019",7,9,8,"晴","日間自然光線",50,"直路","快車道","柏油","乾燥","良好","無號誌","雙向禁止超車線","快慢車道分隔線","有",74,"未使用",120.729137,21.972583,"屏東縣","恆春鎮"
"側撞","2019",7,9,8,"晴","日間自然光線",50,"直路","快車道","柏油","乾燥","良好","無號誌","雙向禁止超車線","快慢車道分隔線","有",31,"未使用",120.729137,21.972583,"屏東縣","恆春鎮"
"撞號誌、標誌桿","2019",7,9,13,"雨","日間自然光線",40,"橋樑","一般車道(未劃分快慢車道)","柏油","濕潤","良好","無號誌","無","未繪設快慢車道分隔線","無",108,"",120.327752,22.675606,"高雄市","三民區"
"撞號誌、標誌桿","2019",7,9,13,"雨","日間自然光線",40,"橋樑","一般車道(未劃分快慢車道)","柏油","濕潤","良好","無號誌","無","未繪設快慢車道分隔線","無",21,"未使用",120.327752,22.675606,"高雄市","三民區"
"對撞","2019",7,10,7,"晴","日間自然光線",60,"彎曲路及附近","一般車道(未劃分快慢車道)","柏油","乾燥","良好","無號誌","雙向禁止超車線","未繪設快慢車道分隔線","有",41,"未使用",121.944716,25.01589,"新北市","貢寮區"
"對撞","2019",7,10,7,"晴","日間自然光線",60,"彎曲路及附近","一般車道(未劃分快慢車道)","柏油","乾燥","良好","無號誌","雙向禁止超車線","未繪設快慢車道分隔線","有",61,"未使用",121.944716,25.01589,"新北市","貢寮區"
"追撞","2019",7,10,7,"晴","日間自然光線",60,"直路","一般車道(未劃分快慢車道)","柏油","乾燥","良好","無號誌","雙向禁止超車線","未繪設快慢車道分隔線","有",40,"未使用",120.480453,23.952019,"彰化縣","溪湖鎮"
"追撞","2019",7,10,7,"晴","日間自然光線",60,"直路","一般車道(未劃分快慢車道)","柏油","乾燥","良好","無號誌","雙向禁止超車線","未繪設快慢車道分隔線","有",60,"未使用",120.480453,23.952019,"彰化縣","溪湖鎮"
"追撞","2019",7,10,7,"晴","日間自然光線",60,"直路","一般車道(未劃分快慢車道)","柏油","乾燥","良好","無號誌","雙向禁止超車線","未繪設快慢車道分隔線","有",67,"未使用",120.480453,23.952019,"彰化縣","溪湖鎮"
"側撞","2019",7,10,18,"晴","晨或暮光",50,"四岔路","交叉口附近","柏油","乾燥","良好","正常","無","未繪設快慢車道分隔線","無",20,"未使用",121.74194,24.749078,"宜蘭縣","宜蘭市"
"側撞","2019",7,10,18,"晴","晨或暮光",50,"四岔路","交叉口附近","柏油","乾燥","良好","正常","無","未繪設快慢車道分隔線","無",35,"未使用",121.74194,24.749078,"宜蘭縣","宜蘭市"
"側撞","2019",7,10,18,"晴","晨或暮光",50,"四岔路","交叉口附近","柏油","乾燥","良好","正常","無","未繪設快慢車道分隔線","無",33,"未使用",121.74194,24.749078,"宜蘭縣","宜蘭市"
"側撞","2019",7,10,19,"雨","夜間(或隧道、地下道、涵洞)有照明",50,"直路","一般車道(未劃分快慢車道)","柏油","濕潤","良好","無號誌","中央分向島","未繪設快慢車道分隔線","有",22,"未使用",120.31195,23.281156,"臺南市","柳營區"
"側撞","2019",7,10,19,"雨","夜間(或隧道、地下道、涵洞)有照明",50,"直路","一般車道(未劃分快慢車道)","柏油","濕潤","良好","無號誌","中央分向島","未繪設快慢車道分隔線","有",36,"未使用",120.31195,23.281156,"臺南市","柳營區"
"衝進路中","2019",7,10,19,"雨","夜間(或隧道、地下道、涵洞)有照明",70,"直路","慢車道","柏油","濕潤","良好","無號誌","中央分向島","快慢車道分隔線","有",29,"未使用",120.660237,23.999173,"南投縣","草屯鎮"
"衝進路中","2019",7,10,19,"雨","夜間(或隧道、地下道、涵洞)有照明",70,"直路","慢車道","柏油","濕潤","良好","無號誌","中央分向島","快慢車道分隔線","有",64,"非汽(機)車駕駛人",120.660237,23.999173,"南投縣","草屯鎮"
"撞號誌、標誌桿","2019",7,11,1,"雨","夜間(或隧道、地下道、涵洞)有照明",40,"三岔路","交叉路口內","柏油","濕潤","良好","正常","無","未繪設快慢車道分隔線","無",108,"",120.368384,22.584966,"高雄市","小港區"
"撞號誌、標誌桿","2019",7,11,1,"雨","夜間(或隧道、地下道、涵洞)有照明",40,"三岔路","交叉路口內","柏油","濕潤","良好","正常","無","未繪設快慢車道分隔線","無",22,"未使用",120.368384,22.584966,"高雄市","小港區"
"穿越道路中","2019",7,11,12,"晴","日間自然光線",50,"四岔路","交叉口附近","柏油","濕潤","良好","無號誌","中央分向島","快慢車道分隔線","有",65,"未使用",120.195591,23.002216,"臺南市","北區"
"穿越道路中","2019",7,11,12,"晴","日間自然光線",50,"四岔路","交叉口附近","柏油","濕潤","良好","無號誌","中央分向島","快慢車道分隔線","有",82,"非汽(機)車駕駛人",120.195591,23.002216,"臺南市","北區"
"其他","2019",7,11,15,"晴","日間自然光線",50,"直路","路肩、路緣","柏油","乾燥","良好","無號誌","雙向禁止超車線","快慢車道分隔線","有",86,"未使用",120.251067,23.571655,"雲林縣","水林鄉"
"對撞","2019",7,12,0,"晴","夜間(或隧道、地下道、涵洞)無照明",100,"直路","快車道","柏油","乾燥","良好","無號誌","中央分向島","未繪設快慢車道分隔線","有",39,"不明",120.382253,22.759619,"高雄市","燕巢區"
"對撞","2019",7,12,0,"晴","夜間(或隧道、地下道、涵洞)無照明",100,"直路","快車道","柏油","乾燥","良好","無號誌","中央分向島","未繪設快慢車道分隔線","有",40,"未使用",120.382253,22.759619,"高雄市","燕巢區"
"對撞","2019",7,12,0,"晴","夜間(或隧道、地下道、涵洞)無照明",100,"直路","快車道","柏油","乾燥","良好","無號誌","中央分向島","未繪設快慢車道分隔線","有",44,"未使用",120.382253,22.759619,"高雄市","燕巢區"
"路口交岔撞","2019",7,12,2,"陰","夜間(或隧道、地下道、涵洞)有照明",50,"四岔路","交叉路口內","柏油","乾燥","良好","無號誌","無","未繪設快慢車道分隔線","無",46,"未使用",121.297045,24.959178,"桃園市","八德區"
"路口交岔撞","2019",7,12,2,"陰","夜間(或隧道、地下道、涵洞)有照明",50,"四岔路","交叉路口內","柏油","乾燥","良好","無號誌","無","未繪設快慢車道分隔線","無",49,"未使用",121.297045,24.959178,"桃園市","八德區"
"其他","2019",7,12,6,"晴","日間自然光線",30,"直路","一般車道(未劃分快慢車道)","無鋪裝","乾燥","良好","無號誌","無","未繪設快慢車道分隔線","無",62,"非汽(機)車駕駛人",120.716075,24.003855,"南投縣","草屯鎮"
"路口交岔撞","2019",7,12,12,"晴","日間自然光線",50,"四岔路","交叉路口內","柏油","乾燥","不良","正常","無","未繪設快慢車道分隔線","無",33,"未使用",121.210102,25.102301,"桃園市","大園區"
"路口交岔撞","2019",7,12,12,"晴","日間自然光線",50,"四岔路","交叉路口內","柏油","乾燥","不良","正常","無","未繪設快慢車道分隔線","無",34,"未使用",121.210102,25.102301,"桃園市","大園區"
"側撞","2019",7,13,2,"晴","夜間(或隧道、地下道、涵洞)有照明",50,"四岔路","交叉路口內","柏油","乾燥","良好","正常","無","未繪設快慢車道分隔線","有",64,"不明",120.447234,23.470512,"嘉義市","西區"
"側撞","2019",7,13,2,"晴","夜間(或隧道、地下道、涵洞)有照明",50,"四岔路","交叉路口內","柏油","乾燥","良好","正常","無","未繪設快慢車道分隔線","有",32,"未使用",120.447234,23.470512,"嘉義市","西區"
"衝出路外","2019",7,13,5,"晴","日間自然光線",60,"彎曲路及附近","路肩、路緣","柏油","乾燥","良好","無號誌","中央分向島","快慢車道分隔線","有",16,"不明",120.678336,22.220441,"屏東縣","枋山鄉"
"衝出路外","2019",7,13,5,"晴","日間自然光線",60,"彎曲路及附近","路肩、路緣","柏油","乾燥","良好","無號誌","中央分向島","快慢車道分隔線","有",16,"不明",120.678336,22.220441,"屏東縣","枋山鄉"
"追撞","2019",7,13,13,"晴","日間自然光線",90,"直路","快車道","柏油","乾燥","良好","無號誌","中央分向島","未繪設快慢車道分隔線","有",6,"未使用",121.611869,25.030257,"臺北市","南港區"
"追撞","2019",7,13,13,"晴","日間自然光線",90,"直路","快車道","柏油","乾燥","良好","無號誌","中央分向島","未繪設快慢車道分隔線","有",8,"未使用",121.611869,25.030257,"臺北市","南港區"
"追撞","2019",7,13,13,"晴","日間自然光線",90,"直路","快車道","柏油","乾燥","良好","無號誌","中央分向島","未繪設快慢車道分隔線","有",30,"未使用",121.611869,25.030257,"臺北市","南港區"
"追撞","2019",7,13,13,"晴","日間自然光線",90,"直路","快車道","柏油","乾燥","良好","無號誌","中央分向島","未繪設快慢車道分隔線","有",52,"未使用",121.611869,25.030257,"臺北市","南港區"
"追撞","2019",7,13,13,"晴","日間自然光線",90,"直路","快車道","柏油","乾燥","良好","無號誌","中央分向島","未繪設快慢車道分隔線","有",51,"非汽(機)車駕駛人",121.611869,25.030257,"臺北市","南港區"
"追撞","2019",7,13,13,"晴","日間自然光線",90,"直路","快車道","柏油","乾燥","良好","無號誌","中央分向島","未繪設快慢車道分隔線","有",1,"非汽(機)車駕駛人",121.611869,25.030257,"臺北市","南港區"
"追撞","2019",7,13,13,"晴","日間自然光線",90,"直路","快車道","柏油","乾燥","良好","無號誌","中央分向島","未繪設快慢車道分隔線","有",38,"未使用",121.611869,25.030257,"臺北市","南港區"
"追撞","2019",7,13,13,"晴","日間自然光線",90,"直路","快車道","柏油","乾燥","良好","無號誌","中央分向島","未繪設快慢車道分隔線","有",26,"未使用",121.611869,25.030257,"臺北市","南港區"
"追撞","2019",7,13,13,"晴","日間自然光線",90,"直路","快車道","柏油","乾燥","良好","無號誌","中央分向島","未繪設快慢車道分隔線","有",45,"未使用",121.611869,25.030257,"臺北市","南港區"
"追撞","2019",7,13,13,"晴","日間自然光線",90,"直路","快車道","柏油","乾燥","良好","無號誌","中央分向島","未繪設快慢車道分隔線","有",29,"未使用",121.611869,25.030257,"臺北市","南港區"