"事故類型及型態子類別名稱","發生年度","發生月份","發生日期","發生時間","天候名稱","光線名稱","速限.第1當事者","道路型態子類別名稱","事故位置子類別名稱","路面狀況.路面鋪裝名稱","路面狀況.路面狀態名稱","道路障礙.視距品質名稱","號誌.號誌動作名稱","車道劃分設施.分向設施大類別名稱","車道劃分設施.分道設施.快慢車道間名稱","車道劃分設施.分道設施.路面邊線名稱","當事者事故發生時年齡","行動電話或電腦或其他相類功能裝置名稱","經度","緯度","縣市","鄉鎮"
"側撞","2019",7,13,15,"晴","日間自然光線",70,"四岔路","交叉口附近","柏油","乾燥","良好","正常","雙向禁止超車線","寛式快慢車道分隔島(50公分以上)","有",70,"未使用",120.738333,24.569339,"苗栗縣","西湖鄉"
"側撞","2019",7,13,15,"晴","日間自然光線",70,"四岔路","交叉口附近","柏油","乾燥","良好","正常","雙向禁止超車線","寛式快慢車道分隔島(50公分以上)","有",48,"未使用",120.738333,24.569339,"苗栗縣","西湖鄉"
"路口交岔撞","2019",7,14,1,"晴","夜間(或隧道、地下道、涵洞)有照明",50,"四岔路","交叉路口內","柏油","乾燥","良好","正常","無","未繪設快慢車道分隔線","無",19,"未使用",120.247975,22.937882,"臺南市","仁德區"
"路口交岔撞","2019",7,14,1,"晴","夜間(或隧道、地下道、涵洞)有照明",50,"四岔路","交叉路口內","柏油","乾燥","良好","正常","無","未繪設快慢車道分隔線","無",64,"未使用",120.247975,22.937882,"臺南市","仁德區"
"側撞","2019",7,14,4,"晴","夜間(或隧道、地下道、涵洞)有照明",50,"多岔路","交叉路口內","柏油","乾燥","良好","正常","無","未繪設快慢車道分隔線","無",44,"不明",120.216756,23.006017,"臺南市","北區"
"側撞","2019",7,14,4,"晴","夜間(或隧道、地下道、涵洞)有照明",50,"多岔路","交叉路口內","柏油","乾燥","良好","正常","無","未繪設快慢車道分隔線","無",26,"未使用",120.216756,23.006017,"臺南市","北區"
"側撞","2019",7,14,4,"晴","夜間(或隧道、地下道、涵洞)有照明",50,"多岔路","交叉路口內","柏油","乾燥","良好","正常","無","未繪設快慢車道分隔線","無",66,"未使用",120.216756,23.006017,"臺南市","北區"
"穿越道路中","2019",7,14,5,"晴","日間自然光線",50,"四岔路","交叉路口內","柏油","乾燥","良好","正常","無","未繪設快慢車道分隔線","無",46,"未使用",120.659957,24.126271,"臺中市","南區"
"穿越道路中","2019",7,14,5,"晴","日間自然光線",50,"四岔路","交叉路口內","柏油","乾燥","良好","正常","無","未繪設快慢車道分隔線","無",79,"非汽(機)車駕駛人",120.659957,24.126271,"臺中市","南區"
"其他","2019",7,14,6,"晴","日間自然光線",50,"四岔路","交叉路口內","柏油","乾燥","良好","正常","中央分向島","未繪設快慢車道分隔線","無",59,"不明",121.509502,25.076277,"臺北市","大同區"
"其他","2019",7,14,6,"晴","日間自然光線",50,"四岔路","交叉路口內","柏油","乾燥","良好","正常","中央分向島","未繪設快慢車道分隔線","無",61,"不明",121.509502,25.076277,"臺北市","大同區"
"撞護欄(樁)","2019",7,14,9,"晴","日間自然光線",50,"直路","路肩、路緣","柏油","乾燥","良好","無號誌","行車分向線","未繪設快慢車道分隔線","有",68,"未使用",120.494385,22.4679,"屏東縣","東港鎮"
"側撞","2019",7,14,17,"晴","日間自然光線",60,"三岔路","一般車道(未劃分快慢車道)","柏油","乾燥","良好","無號誌","雙向禁止超車線","未繪設快慢車道分隔線","有",41,"不明",120.432235,23.937598,"彰化縣","二林鎮"
"側撞","2019",7,14,17,"晴","日間自然光線",60,"三岔路","一般車道(未劃分快慢車道)","柏油","乾燥","良好","無號誌","雙向禁止超車線","未繪設快慢車道分隔線","有",11,"非汽(機)車駕駛人",120.432235,23.937598,"彰化縣","二林鎮"
"對撞","2019",7,14,18,"晴","日間自然光線",50,"直路","一般車道(未劃分快慢車道)","柏油","乾燥","良好","無號誌","行車分向線","未繪設快慢車道分隔線","有",36,"不明",120.642284,23.867521,"南投縣","名間鄉"
"對撞","2019",7,14,18,"晴","日間自然光線",50,"直路","一般車道(未劃分快慢車道)","柏油","乾燥","良好","無號誌","行車分向線","未繪設快慢車道分隔線","有",23,"不明",120.642284,23.867521,"南投縣","名間鄉"
"對撞","2019",7,14,18,"晴","日間自然光線",50,"直路","一般車道(未劃分快慢車道)","柏油","乾燥","良好","無號誌","行車分向線","未繪設快慢車道分隔線","有",41,"不明",120.642284,23.867521,"南投縣","名間鄉"
"對撞","2019",7,14,18,"晴","日間自然光線",50,"直路","一般車道(未劃分快慢車道)","柏油","乾燥","良好","無號誌","行車分向線","未繪設快慢車道分隔線","有",15,"非汽(機)車駕駛人",120.642284,23.867521,"南投縣","名間鄉"
"對撞","2019",7,14,18,"晴","日間自然光線",50,"直路","一般車道(未劃分快慢車道)","柏油","乾燥","良好","無號誌","行車分向線","未繪設快慢車道分隔線","有",16,"非汽(機)車駕駛人",120.642284,23.867521,"南投縣","名間鄉"
"同向擦撞","2019",7,15,8,"晴","日間自然光線",60,"直路","快車道","柏油","乾燥","良好","無號誌","中央分向島","快慢車道分隔線","有",20,"未使用",120.3195,22.73482,"高雄市","楠梓區"
"同向擦撞","2019",7,15,8,"晴","日間自然光線",60,"直路","快車道","柏油","乾燥","良好","無號誌","中央分向島","快慢車道分隔線","有",52,"未使用",120.3195,22.73482,"高雄市","楠梓區"
"路口交岔撞","2019",7,15,10,"晴","日間自然光線",50,"四岔路","交叉路口內","柏油","乾燥","良好","無號誌","雙向禁止超車線","未繪設快慢車道分隔線","有",44,"不明",120.32546,23.89244,"彰化縣","芳苑鄉"
"路口交岔撞","2019",7,15,10,"晴","日間自然光線",50,"四岔路","交叉路口內","柏油","乾燥","良好","無號誌","雙向禁止超車線","未繪設快慢車道分隔線","有",35,"未使用",120.32546,23.89244,"彰化縣","芳苑鄉"
"衝出路外","2019",7,15,11,"晴","日間自然光線",40,"坡路","一般車道(未劃分快慢車道)","水泥","乾燥","良好","無號誌","行車分向線","未繪設快慢車道分隔線","有",53,"未使用",120.506667,26.376667,"連江縣","東引鄉"
"衝出路外","2019",7,15,11,"晴","日間自然光線",40,"坡路","一般車道(未劃分快慢車道)","水泥","乾燥","良好","無號誌","行車分向線","未繪設快慢車道分隔線","有",22,"非汽(機)車駕駛人",120.506667,26.376667,"連江縣","東引鄉"
"穿越道路中","2019",7,15,12,"晴","日間自然光線",50,"四岔路","行人穿越道","柏油","乾燥","不良","正常","無","未繪設快慢車道分隔線","無",35,"未使用",121.204172,25.076039,"桃園市","大園區"
"穿越道路中","2019",7,15,12,"晴","日間自然光線",50,"四岔路","行人穿越道","柏油","乾燥","不良","正常","無","未繪設快慢車道分隔線","無",79,"非汽(機)車駕駛人",121.204172,25.076039,"桃園市","大園區"
"路上翻車、摔倒","2019",7,15,17,"晴","晨或暮光",50,"直路","一般車道(未劃分快慢車道)","柏油","乾燥","良好","無號誌","行車分向線","未繪設快慢車道分隔線","有",73,"不明",120.484547,23.729764,"雲林縣","虎尾鎮"
"側撞","2019",7,16,4,"晴","晨或暮光",70,"四岔路","交叉路口內","柏油","乾燥","良好","正常","中央分向島","未繪設快慢車道分隔線","有",47,"不明",120.538046,24.092645,"彰化縣","彰化市"
"側撞","2019",7,16,4,"晴","晨或暮光",70,"四岔路","交叉路口內","柏油","乾燥","良好","正常","中央分向島","未繪設快慢車道分隔線","有",24,"不明",120.538046,24.092645,"彰化縣","彰化市"
"側撞","2019",7,16,11,"晴","日間自然光線",70,"四岔路","交叉路口內","柏油","乾燥","良好","正常","無","未繪設快慢車道分隔線","無",67,"不明",120.45805,23.119246,"臺南市","玉井區"
"側撞","2019",7,16,11,"晴","日間自然光線",70,"四岔路","交叉路口內","柏油","乾燥","良好","正常","無","未繪設快慢車道分隔線","無",50,"未使用",120.45805,23.119246,"臺南市","玉井區"
"側撞","2019",7,16,11,"晴","日間自然光線",70,"四岔路","交叉路口內","柏油","乾燥","良好","正常","無","未繪設快慢車道分隔線","無",55,"非汽(機)車駕駛人",120.45805,23.119246,"臺南市","玉井區"
"側撞","2019",7,16,11,"晴","日間自然光線",70,"四岔路","交叉路口內","柏油","乾燥","良好","正常","無","未繪設快慢車道分隔線","無",10,"非汽(機)車駕駛人",120.45805,23.119246,"臺南市","玉井區"
"側撞","2019",7,16,11,"晴","日間自然光線",70,"四岔路","交叉路口內","柏油","乾燥","良好","正常","無","未繪設快慢車道分隔線","無",34,"未使用",120.45805,23.119246,"臺南市","玉井區"
"路上翻車、摔倒","2019",7,16,11,"晴","日間自然光線",70,"直路","一般車道(未劃分快慢車道)","柏油","乾燥","良好","無號誌","中央分向島","未繪設快慢車道分隔線","有",48,"不明",120.740646,24.382798,"新北市","土城區"
"追撞","2019",7,16,12,"晴","日間自然光線",50,"直路","一般車道(未劃分快慢車道)","柏油","乾燥","良好","無號誌","行車分向線","未繪設快慢車道分隔線","有",65,"未使用",121.224249,24.971841,"桃園市","中壢區"
"追撞","2019",7,16,12,"晴","日間自然光線",50,"直路","一般車道(未劃分快慢車道)","柏油","乾燥","良好","無號誌","行車分向線","未繪設快慢車道分隔線","有",25,"未使用",121.224249,24.971841,"桃園市","中壢區"
"路上翻車、摔倒","2019",7,16,14,"晴","日間自然光線",50,"坡路","一般車道(未劃分快慢車道)","柏油","乾燥","良好","無號誌","雙向禁止超車線","未繪設快慢車道分隔線","無",108,"",120.59424,23.08069,"高雄市","甲仙區"
"路上翻車、摔倒","2019",7,16,14,"晴","日間自然光線",50,"坡路","一般車道(未劃分快慢車道)","柏油","乾燥","良好","無號誌","雙向禁止超車線","未繪設快慢車道分隔線","無",27,"不明",120.59424,23.08069,"高雄市","甲仙區"
"穿越道路中","2019",7,16,18,"晴","日間自然光線",50,"直路","一般車道(未劃分快慢車道)","柏油","乾燥","良好","無號誌","雙向禁止超車線","快慢車道分隔線","有",44,"未使用",120.688349,23.993267,"南投縣","草屯鎮"
"穿越道路中","2019",7,16,18,"晴","日間自然光線",50,"直路","一般車道(未劃分快慢車道)","柏油","乾燥","良好","無號誌","雙向禁止超車線","快慢車道分隔線","有",86,"非汽(機)車駕駛人",120.688349,23.993267,"南投縣","草屯鎮"
"其他","2019",7,17,4,"晴","夜間(或隧道、地下道、涵洞)有照明",70,"直路","一般車道(未劃分快慢車道)","柏油","乾燥","良好","正常","中央分向島","快慢車道分隔線","有",64,"未使用",120.758927,24.57113,"苗栗縣","西湖鄉"
"其他","2019",7,17,4,"晴","夜間(或隧道、地下道、涵洞)有照明",70,"直路","一般車道(未劃分快慢車道)","柏油","乾燥","良好","正常","中央分向島","快慢車道分隔線","有",84,"非汽(機)車駕駛人",120.758927,24.57113,"苗栗縣","西湖鄉"
"同向擦撞","2019",7,17,8,"晴","日間自然光線",50,"直路","一般車道(未劃分快慢車道)","柏油","乾燥","良好","無號誌","雙向禁止超車線","未繪設快慢車道分隔線","有",24,"不明",120.674193,24.203957,"臺中市","潭子區"
"同向擦撞","2019",7,17,8,"晴","日間自然光線",50,"直路","一般車道(未劃分快慢車道)","柏油","乾燥","良好","無號誌","雙向禁止超車線","未繪設快慢車道分隔線","有",47,"未使用",120.674193,24.203957,"臺中市","潭子區"
"同向擦撞","2019",7,17,8,"晴","日間自然光線",50,"直路","一般車道(未劃分快慢車道)","柏油","乾燥","良好","無號誌","雙向禁止超車線","未繪設快慢車道分隔線","有",27,"未使用",120.674193,24.203957,"臺中市","潭子區"
"同向擦撞","2019",7,17,9,"晴","日間自然光線",50,"直路","一般車道(未劃分快慢車道)","柏油","乾燥","良好","無號誌","中央分向島","未繪設快慢車道分隔線","有",76,"不明",121.213794,24.872726,"桃園市","龍潭區"
"同向擦撞","2019",7,17,9,"晴","日間自然光線",50,"直路","一般車道(未劃分快慢車道)","柏油","乾燥","良好","無號誌","中央分向島","未繪設快慢車道分隔線","有",41,"不明",121.213794,24.872726,"桃園市","龍潭區"
"衝出路外","2019",7,17,15,"晴","日間自然光線",40,"坡路","一般車道(未劃分快慢車道)","柏油","乾燥","良好","無號誌","無","未繪設快慢車道分隔線","有",45,"不明",120.562298,23.377928,"嘉義縣","中埔鄉"
"撞路樹、電桿","2019",7,18,13,"晴","日間自然光線",40,"三岔路","交叉路口內","柏油","乾燥","良好","無號誌","無","未繪設快慢車道分隔線","無",36,"不明",120.253146,23.12669,"臺南市","安定區"
"撞路樹、電桿","2019",7,18,16,"雨","日間自然光線",40,"直路","一般車道(未劃分快慢車道)","柏油","濕潤","不良","無號誌","行車分向線","未繪設快慢車道分隔線","無",69,"未使用",120.359287,23.688136,"雲林縣","土庫鎮"
"穿越道路中","2019",7,19,4,"晴","夜間(或隧道、地下道、涵洞)有照明",60,"直路","一般車道(未劃分快慢車道)","柏油","乾燥","良好","正常","雙向禁止超車線","未繪設快慢車道分隔線","有",41,"不明",120.848504,24.57429,"苗栗縣","頭屋鄉"
"穿越道路中","2019",7,19,4,"晴","夜間(或隧道、地下道、涵洞)有照明",60,"直路","一般車道(未劃分快慢車道)","柏油","乾燥","良好","正常","雙向禁止超車線","未繪設快慢車道分隔線","有",73,"未使用",120.848504,24.57429,"苗栗縣","頭屋鄉"
"穿越道路中","2019",7,19,4,"晴","夜間(或隧道、地下道、涵洞)有照明",60,"直路","一般車道(未劃分快慢車道)","柏油","乾燥","良好","正常","雙向禁止超車線","未繪設快慢車道分隔線","有",79,"非汽(機)車駕駛人",120.848504,24.57429,"苗栗縣","頭屋鄉"
"其他","2019",7,19,6,"晴","日間自然光線",50,"彎曲路及附近","快車道","柏油","濕潤","不良","無號誌","行車分向線","快慢車道分隔線","無",57,"未使用",121.57607,24.991762,"臺北市","文山區"
"其他","2019",7,19,6,"晴","日間自然光線",50,"彎曲路及附近","快車道","柏油","濕潤","不良","無號誌","行車分向線","快慢車道分隔線","無",41,"不明",121.57607,24.991762,"臺北市","文山區"
"其他","2019",7,19,6,"晴","日間自然光線",50,"彎曲路及附近","快車道","柏油","濕潤","不良","無號誌","行車分向線","快慢車道分隔線","無",53,"不明",121.57607,24.991762,"臺北市","文山區"
"其他","2019",7,19,6,"晴","日間自然光線",50,"彎曲路及附近","快車道","柏油","濕潤","不良","無號誌","行車分向線","快慢車道分隔線","無",22,"未使用",121.57607,24.991762,"臺北市","文山區"
"其他","2019",7,19,6,"晴","日間自然光線",50,"彎曲路及附近","快車道","柏油","濕潤","不良","無號誌","行車分向線","快慢車道分隔線","無",47,"未使用",121.57607,24.991762,"臺北市","文山區"
"對向擦撞","2019",7,19,7,"晴","日間自然光線",50,"彎曲路及附近","一般車道(未劃分快慢車道)","柏油","乾燥","良好","無號誌","雙向禁止超車線","未繪設快慢車道分隔線","有",22,"不明",121.340796,24.901028,"新北市","三峽區"
"對向擦撞","2019",7,19,7,"晴","日間自然光線",50,"彎曲路及附近","一般車道(未劃分快慢車道)","柏油","乾燥","良好","無號誌","雙向禁止超車線","未繪設快慢車道分隔線","有",21,"不明",121.340796,24.901028,"新北市","三峽區"
"同向擦撞","2019",7,19,10,"晴","日間自然光線",50,"直路","一般車道(未劃分快慢車道)","柏油","乾燥","良好","無號誌","雙向禁止超車線","未繪設快慢車道分隔線","有",78,"不明",121.142045,25.04674,"桃園市","觀音區"
"同向擦撞","2019",7,19,10,"晴","日間自然光線",50,"直路","一般車道(未劃分快慢車道)","柏油","乾燥","良好","無號誌","雙向禁止超車線","未繪設快慢車道分隔線","有",61,"未使用",121.142045,25.04674,"桃園市","觀音區"
"同向擦撞","2019",7,19,10,"晴","日間自然光線",50,"直路","一般車道(未劃分快慢車道)","柏油","乾燥","良好","無號誌","雙向禁止超車線","未繪設快慢車道分隔線","有",51,"未使用",121.142045,25.04674,"桃園市","觀音區"
"同向擦撞","2019",7,19,10,"陰","日間自然光線",50,"直路","快車道","柏油","濕潤","良好","正常","中央分向島","快慢車道分隔線","有",70,"未使用",120.372161,22.624513,"高雄市","鳳山區"
"同向擦撞","2019",7,19,10,"陰","日間自然光線",50,"直路","快車道","柏油","濕潤","良好","正常","中央分向島","快慢車道分隔線","有",75,"未使用",120.372161,22.624513,"高雄市","鳳山區"
"同向擦撞","2019",7,19,10,"陰","日間自然光線",50,"直路","快車道","柏油","濕潤","良好","正常","中央分向島","快慢車道分隔線","有",56,"未使用",120.372161,22.624513,"高雄市","鳳山區"
"撞交通島","2019",7,19,20,"晴","夜間(或隧道、地下道、涵洞)有照明",50,"彎曲路及附近","交通島(含槽化線)","柏油","乾燥","不良","無號誌","中央分向島","快慢車道分隔線","有",20,"未使用",121.120884,24.717718,"新竹縣","橫山鄉"
"側撞","2019",7,20,5,"晴","晨或暮光",50,"三岔路","交叉路口內","柏油","乾燥","不良","正常","中央分向島","未繪設快慢車道分隔線","有",32,"不明",121.548929,25.021267,"臺北市","大安區"
"側撞","2019",7,20,5,"晴","晨或暮光",50,"三岔路","交叉路口內","柏油","乾燥","不良","正常","中央分向島","未繪設快慢車道分隔線","有",19,"未使用",121.548929,25.021267,"臺北市","大安區"
"路口交岔撞","2019",7,20,6,"雨","晨或暮光",50,"四岔路","交叉路口內","柏油","濕潤","良好","正常","中央分向島","寛式快慢車道分隔島(50公分以上)","有",44,"未使用",120.281098,22.99653,"臺南市","歸仁區"
"路口交岔撞","2019",7,20,6,"雨","晨或暮光",50,"四岔路","交叉路口內","柏油","濕潤","良好","正常","中央分向島","寛式快慢車道分隔島(50公分以上)","有",58,"未使用",120.281098,22.99653,"臺南市","歸仁區"
"其他","2019",7,20,9,"晴","日間自然光線",30,"四岔路","一般車道(未劃分快慢車道)","柏油","乾燥","良好","正常","雙向禁止超車線","未繪設快慢車道分隔線","有",38,"未使用",120.450103,24.027783,"彰化縣","福興鄉"
"其他","2019",7,20,9,"晴","日間自然光線",30,"四岔路","一般車道(未劃分快慢車道)","柏油","乾燥","良好","正常","雙向禁止超車線","未繪設快慢車道分隔線","有",76,"未使用",120.450103,24.027783,"彰化縣","福興鄉"
"側撞","2019",7,20,14,"陰","日間自然光線",60,"四岔路","交叉路口內","柏油","濕潤","良好","正常","中央分向島","快慢車道分隔線","有",31,"未使用",120.484955,22.582929,"屏東縣","萬丹鄉"
"側撞","2019",7,20,14,"陰","日間自然光線",60,"四岔路","交叉路口內","柏油","濕潤","良好","正常","中央分向島","快慢車道分隔線","有",70,"未使用",120.484955,22.582929,"屏東縣","萬丹鄉"
"路口交岔撞","2019",7,20,19,"晴","夜間(或隧道、地下道、涵洞)有照明",40,"四岔路","交叉路口內","柏油","乾燥","良好","正常","無","未繪設快慢車道分隔線","無",85,"未使用",120.371054,23.495994,"嘉義縣","太保市"
"路口交岔撞","2019",7,20,19,"晴","夜間(或隧道、地下道、涵洞)有照明",40,"四岔路","交叉路口內","柏油","乾燥","良好","正常","無","未繪設快慢車道分隔線","無",63,"未使用",120.371054,23.495994,"嘉義縣","太保市"
"衝出路外","2019",7,20,23,"雨","夜間(或隧道、地下道、涵洞)有照明",50,"直路","路肩、路緣","柏油","濕潤","良好","無號誌","雙向禁止超車線","未繪設快慢車道分隔線","有",60,"不明",120.465859,23.643625,"雲林縣","大埤鄉"
"穿越道路中","2019",7,21,4,"陰","夜間(或隧道、地下道、涵洞)有照明",50,"多岔路","行人穿越道","柏油","乾燥","良好","正常","無","未繪設快慢車道分隔線","無",36,"未使用",121.224573,24.959201,"桃園市","中壢區"
"穿越道路中","2019",7,21,4,"陰","夜間(或隧道、地下道、涵洞)有照明",50,"多岔路","行人穿越道","柏油","乾燥","良好","正常","無","未繪設快慢車道分隔線","無",19,"非汽(機)車駕駛人",121.224573,24.959201,"桃園市","中壢區"
"側撞","2019",7,21,6,"晴","日間自然光線",50,"四岔路","交叉路口內","柏油","乾燥","良好","正常","中央分向島","快慢車道分隔線","有",39,"不明",121.475738,25.083015,"新北市","蘆洲區"
"側撞","2019",7,21,6,"晴","日間自然光線",50,"四岔路","交叉路口內","柏油","乾燥","良好","正常","中央分向島","快慢車道分隔線","有",39,"不明",121.475738,25.083015,"新北市","蘆洲區"
"其他","2019",7,21,14,"晴","日間自然光線",40,"四岔路","交叉路口內","柏油","乾燥","良好","正常","中央分向島","未繪設快慢車道分隔線","無",54,"未使用",120.684993,24.028913,"臺中市","霧峰區"
"其他","2019",7,21,14,"晴","日間自然光線",40,"四岔路","交叉路口內","柏油","乾燥","良好","正常","中央分向島","未繪設快慢車道分隔線","無",30,"不明",120.684993,24.028913,"臺中市","霧峰區"
"路上翻車、摔倒","2019",7,21,16,"雨","日間自然光線",50,"直路","一般車道(未劃分快慢車道)","柏油","濕潤","良好","正常","中央分向島","未繪設快慢車道分隔線","有",33,"不明",121.404627,25.14914,"新北市","八里區"
"路上翻車、摔倒","2019",7,21,16,"雨","日間自然光線",50,"直路","一般車道(未劃分快慢車道)","柏油","濕潤","良好","正常","中央分向島","未繪設快慢車道分隔線","有",40,"非汽(機)車駕駛人",121.404627,25.14914,"新北市","八里區"
"其他","2019",7,22,9,"晴","日間自然光線",40,"其他","其他","柏油","乾燥","良好","無號誌","雙向禁止超車線","未繪設快慢車道分隔線","有",48,"未使用",121.007014,24.841121,"新竹縣","竹北市"
"其他","2019",7,22,9,"晴","日間自然光線",40,"其他","其他","柏油","乾燥","良好","無號誌","雙向禁止超車線","未繪設快慢車道分隔線","有",77,"未使用",121.007014,24.841121,"新竹縣","竹北市"
"同向擦撞","2019",7,22,14,"雨","日間自然光線",50,"直路","一般車道(未劃分快慢車道)","柏油","濕潤","良好","無號誌","中央分向島","快慢車道分隔線","有",55,"未使用",121.350544,25.003648,"桃園市","龜山區"
"同向擦撞","2019",7,22,14,"雨","日間自然光線",50,"直路","一般車道(未劃分快慢車道)","柏油","濕潤","良好","無號誌","中央分向島","快慢車道分隔線","有",53,"未使用",121.350544,25.003648,"桃園市","龜山區"
"追撞","2019",7,22,20,"陰","夜間(或隧道、地下道、涵洞)有照明",50,"直路","機車優先道","柏油","濕潤","良好","無號誌","行車分向線","快慢車道分隔線","有",48,"不明",120.51417,24.12611,"彰化縣","和美鎮"
"追撞","2019",7,22,20,"陰","夜間(或隧道、地下道、涵洞)有照明",50,"直路","機車優先道","柏油","濕潤","良好","無號誌","行車分向線","快慢車道分隔線","有",27,"未使用",120.51417,24.12611,"彰化縣","和美鎮"
"側撞","2019",7,23,17,"晴","日間自然光線",50,"多岔路","交叉路口內","柏油","乾燥","良好","無號誌","雙向禁止超車線","未繪設快慢車道分隔線","有",84,"未使用",120.5382,22.88335,"高雄市","美濃區"
"側撞","2019",7,23,17,"晴","日間自然光線",50,"多岔路","交叉路口內","柏油","乾燥","良好","無號誌","雙向禁止超車線","未繪設快慢車道分隔線","有",72,"未使用",120.5382,22.88335,"高雄市","美濃區"
"追撞","2019",7,24,4,"晴","夜間(或隧道、地下道、涵洞)無照明",60,"彎曲路及附近","一般車道(未劃分快慢車道)","柏油","乾燥","良好","無號誌","中央分向島","未繪設快慢車道分隔線","有",42,"未使用",120.5186,24.148815,"彰化縣","和美鎮"
"追撞","2019",7,24,4,"晴","夜間(或隧道、地下道、涵洞)無照明",60,"彎曲路及附近","一般車道(未劃分快慢車道)","柏油","乾燥","良好","無號誌","中央分向島","未繪設快慢車道分隔線","有",59,"非汽(機)車駕駛人",120.5186,24.148815,"彰化縣","和美鎮"
"路口交岔撞","2019",7,24,5,"晴","日間自然光線",50,"四岔路","交叉路口內","柏油","乾燥","良好","正常","無","未繪設快慢車道分隔線","無",67,"未使用",121.767814,24.751341,"宜蘭縣","宜蘭市"
"路口交岔撞","2019",7,24,5,"晴","日間自然光線",50,"四岔路","交叉路口內","柏油","乾燥","良好","正常","無","未繪設快慢車道分隔線","無",29,"未使用",121.767814,24.751341,"宜蘭縣","宜蘭市"
"其他","2019",7,24,6,"晴","日間自然光線",50,"四岔路","交叉路口內","柏油","乾燥","良好","正常","無","未繪設快慢車道分隔線","無",60,"未使用",120.694989,24.18319,"臺中市","北屯區"
"其他","2019",7,24,6,"晴","日間自然光線",50,"四岔路","交叉路口內","柏油","乾燥","良好","正常","無","未繪設快慢車道分隔線","無",70,"未使用",120.694989,24.18319,"臺中市","北屯區"
"其他","2019",7,24,6,"晴","日間自然光線",50,"四岔路","交叉路口內","柏油","乾燥","良好","正常","無","未繪設快慢車道分隔線","無",47,"未使用",120.694989,24.18319,"臺中市","北屯區"
"路口交岔撞","2019",7,24,11,"晴","日間自然光線",50,"四岔路","交叉路口內","柏油","乾燥","良好","正常","無","未繪設快慢車道分隔線","無",53,"未使用",120.204963,23.025964,"臺南市","南區"
"路口交岔撞","2019",7,24,11,"晴","日間自然光線",50,"四岔路","交叉路口內","柏油","乾燥","良好","正常","無","未繪設快慢車道分隔線","無",68,"未使用",120.204963,23.025964,"臺南市","南區"
"路口交岔撞","2019",7,24,15,"晴","日間自然光線",50,"多岔路","交叉路口內","柏油","乾燥","良好","正常","無","未繪設快慢車道分隔線","無",77,"未使用",120.48864,24.155773,"彰化縣","伸港鄉"
"路口交岔撞","2019",7,24,15,"晴","日間自然光線",50,"多岔路","交叉路口內","柏油","乾燥","良好","正常","無","未繪設快慢車道分隔線","無",42,"未使用",120.48864,24.155773,"彰化縣","伸港鄉"
"側撞","2019",7,24,17,"晴","日間自然光線",50,"四岔路","交叉路口內","柏油","乾燥","良好","無號誌","無","未繪設快慢車道分隔線","有",83,"未使用",120.307296,23.878201,"彰化縣","大城鄉"
"側撞","2019",7,24,17,"晴","日間自然光線",50,"四岔路","交叉路口內","柏油","乾燥","良好","無號誌","無","未繪設快慢車道分隔線","有",28,"未使用",120.307296,23.878201,"彰化縣","大城鄉"
"其他","2019",7,24,21,"晴","夜間(或隧道、地下道、涵洞)有照明",110,"直路","快車道","柏油","乾燥","良好","無號誌","中央分向島","未繪設快慢車道分隔線","有",31,"不明",120.411974,23.543902,"嘉義縣","民雄鄉"
"其他","2019",7,24,21,"晴","夜間(或隧道、地下道、涵洞)有照明",110,"直路","快車道","柏油","乾燥","良好","無號誌","中央分向島","未繪設快慢車道分隔線","有",44,"未使用",120.411974,23.543902,"嘉義縣","民雄鄉"
"其他","2019",7,24,21,"晴","夜間(或隧道、地下道、涵洞)有照明",110,"直路","快車道","柏油","乾燥","良好","無號誌","中央分向島","未繪設快慢車道分隔線","有",31,"未使用",120.411974,23.543902,"嘉義縣","民雄鄉"
"其他","2019",7,24,21,"晴","夜間(或隧道、地下道、涵洞)有照明",110,"直路","快車道","柏油","乾燥","良好","無號誌","中央分向島","未繪設快慢車道分隔線","有",52,"未使用",120.411974,23.543902,"嘉義縣","民雄鄉"
"其他","2019",7,25,6,"晴","日間自然光線",50,"直路","一般車道(未劃分快慢車道)","柏油","乾燥","良好","無號誌","雙向禁止超車線","未繪設快慢車道分隔線","無",80,"非汽(機)車駕駛人",121.506237,25.089479,"臺北市","士林區"
"其他","2019",7,25,6,"晴","日間自然光線",50,"直路","一般車道(未劃分快慢車道)","柏油","乾燥","良好","無號誌","雙向禁止超車線","未繪設快慢車道分隔線","無",54,"未使用",121.506237,25.089479,"臺北市","士林區"
"撞護欄(樁)","2019",7,25,14,"晴","日間自然光線",50,"直路","一般車道(未劃分快慢車道)","柏油","乾燥","良好","無號誌","中央分向島","寛式快慢車道分隔島(50公分以上)","有",53,"不明",120.907196,24.759691,"新竹市","香山區"
"穿越道路中","2019",7,25,19,"晴","夜間(或隧道、地下道、涵洞)有照明",50,"四岔路","交叉路口內","柏油","乾燥","良好","無號誌","無","未繪設快慢車道分隔線","無",45,"未使用",121.211156,24.946992,"桃園市","平鎮區"