"事故類型及型態子類別名稱","發生年度","發生月份","發生日期","發生時間","天候名稱","光線名稱","速限.第1當事者","道路型態子類別名稱","事故位置子類別名稱","路面狀況.路面鋪裝名稱","路面狀況.路面狀態名稱","道路障礙.視距品質名稱","號誌.號誌動作名稱","車道劃分設施.分向設施大類別名稱","車道劃分設施.分道設施.快慢車道間名稱","車道劃分設施.分道設施.路面邊線名稱","當事者事故發生時年齡","行動電話或電腦或其他相類功能裝置名稱","經度","緯度","縣市","鄉鎮"
"撞號誌、標誌桿","2019",8,7,5,"晴","日間自然光線",50,"直路","一般車道(未劃分快慢車道)","柏油","乾燥","良好","無號誌","中央分向島","未繪設快慢車道分隔線","無",23,"未使用",121.535597,25.013389,"臺北市","中正區"
"側撞","2019",8,7,11,"晴","日間自然光線",50,"四岔路","交叉路口內","柏油","乾燥","良好","正常","中央分向島","未繪設快慢車道分隔線","有",65,"未使用",120.489367,22.683649,"屏東縣","屏東市"
"側撞","2019",8,7,11,"晴","日間自然光線",50,"四岔路","交叉路口內","柏油","乾燥","良好","正常","中央分向島","未繪設快慢車道分隔線","有",57,"未使用",120.489367,22.683649,"屏東縣","屏東市"
"同向擦撞","2019",8,7,12,"晴","日間自然光線",40,"彎曲路及附近","路肩、路緣","柏油","乾燥","不良","無號誌","雙向禁止超車線","未繪設快慢車道分隔線","有",18,"不明",121.670242,24.208425,"花蓮縣","秀林鄉"
"同向擦撞","2019",8,7,12,"晴","日間自然光線",40,"彎曲路及附近","路肩、路緣","柏油","乾燥","不良","無號誌","雙向禁止超車線","未繪設快慢車道分隔線","有",56,"不明",121.670242,24.208425,"花蓮縣","秀林鄉"
"側撞","2019",8,7,17,"晴","晨或暮光",40,"直路","慢車道","柏油","乾燥","良好","無號誌","中央分向島","寛式快慢車道分隔島(50公分以上)","有",40,"不明",120.577041,24.039498,"彰化縣","花壇鄉"
"側撞","2019",8,7,17,"晴","晨或暮光",40,"直路","慢車道","柏油","乾燥","良好","無號誌","中央分向島","寛式快慢車道分隔島(50公分以上)","有",54,"不明",120.577041,24.039498,"彰化縣","花壇鄉"
"其他","2019",8,7,18,"雨","夜間(或隧道、地下道、涵洞)有照明",60,"三岔路","交叉口附近","柏油","濕潤","良好","正常","中央分向島","未繪設快慢車道分隔線","有",69,"未使用",121.691234,25.203859,"新北市","萬里區"
"其他","2019",8,7,18,"雨","夜間(或隧道、地下道、涵洞)有照明",60,"三岔路","交叉口附近","柏油","濕潤","良好","正常","中央分向島","未繪設快慢車道分隔線","有",51,"未使用",121.691234,25.203859,"新北市","萬里區"
"撞護欄(樁)","2019",8,7,23,"雨","夜間(或隧道、地下道、涵洞)無照明",110,"直路","路肩、路緣","柏油","濕潤","良好","無號誌","中央分向島","未繪設快慢車道分隔線","有",22,"未使用",121.441461,24.966165,"新北市","土城區"
"穿越道路中","2019",8,8,8,"晴","日間自然光線",50,"三岔路","交叉路口內","柏油","乾燥","良好","正常","中央分向島","快慢車道分隔線","有",30,"未使用",120.481224,23.682439,"雲林縣","斗南鎮"
"穿越道路中","2019",8,8,8,"晴","日間自然光線",50,"三岔路","交叉路口內","柏油","乾燥","良好","正常","中央分向島","快慢車道分隔線","有",32,"非汽(機)車駕駛人",120.481224,23.682439,"雲林縣","斗南鎮"
"穿越道路中","2019",8,8,8,"晴","日間自然光線",50,"三岔路","交叉路口內","柏油","乾燥","良好","正常","中央分向島","快慢車道分隔線","有",87,"非汽(機)車駕駛人",120.481224,23.682439,"雲林縣","斗南鎮"
"側撞","2019",8,8,9,"晴","日間自然光線",50,"三岔路","交叉路口內","柏油","乾燥","良好","正常","雙向禁止超車線","快慢車道分隔線","有",73,"未使用",120.507402,22.697407,"屏東縣","屏東市"
"側撞","2019",8,8,9,"晴","日間自然光線",50,"三岔路","交叉路口內","柏油","乾燥","良好","正常","雙向禁止超車線","快慢車道分隔線","有",18,"未使用",120.507402,22.697407,"屏東縣","屏東市"
"追撞","2019",8,8,17,"雨","日間自然光線",50,"直路","一般車道(未劃分快慢車道)","柏油","濕潤","良好","無號誌","雙向禁止超車線","未繪設快慢車道分隔線","有",40,"未使用",120.949395,23.96621,"南投縣","埔里鎮"
"追撞","2019",8,8,17,"雨","日間自然光線",50,"直路","一般車道(未劃分快慢車道)","柏油","濕潤","良好","無號誌","雙向禁止超車線","未繪設快慢車道分隔線","有",38,"未使用",120.949395,23.96621,"南投縣","埔里鎮"
"其他","2019",8,8,19,"雨","夜間(或隧道、地下道、涵洞)有照明",50,"直路","一般車道(未劃分快慢車道)","柏油","濕潤","良好","無號誌","雙向禁止超車線","快慢車道分隔線","有",79,"未使用",121.823185,24.845733,"宜蘭縣","頭城鎮"
"其他","2019",8,8,19,"雨","夜間(或隧道、地下道、涵洞)有照明",50,"直路","一般車道(未劃分快慢車道)","柏油","濕潤","良好","無號誌","雙向禁止超車線","快慢車道分隔線","有",43,"未使用",121.823185,24.845733,"宜蘭縣","頭城鎮"
"追撞","2019",8,8,23,"雨","夜間(或隧道、地下道、涵洞)有照明",100,"直路","快車道","柏油","濕潤","良好","無號誌","中央分向島","未繪設快慢車道分隔線","有",41,"未使用",121.019585,24.827696,"新竹縣","竹北市"
"追撞","2019",8,8,23,"雨","夜間(或隧道、地下道、涵洞)有照明",100,"直路","快車道","柏油","濕潤","良好","無號誌","中央分向島","未繪設快慢車道分隔線","有",17,"非汽(機)車駕駛人",121.019585,24.827696,"新竹縣","竹北市"
"追撞","2019",8,8,23,"雨","夜間(或隧道、地下道、涵洞)有照明",100,"直路","快車道","柏油","濕潤","良好","無號誌","中央分向島","未繪設快慢車道分隔線","有",56,"非汽(機)車駕駛人",121.019585,24.827696,"新竹縣","竹北市"
"追撞","2019",8,8,23,"雨","夜間(或隧道、地下道、涵洞)有照明",100,"直路","快車道","柏油","濕潤","良好","無號誌","中央分向島","未繪設快慢車道分隔線","有",55,"非汽(機)車駕駛人",121.019585,24.827696,"新竹縣","竹北市"
"追撞","2019",8,8,23,"雨","夜間(或隧道、地下道、涵洞)有照明",100,"直路","快車道","柏油","濕潤","良好","無號誌","中央分向島","未繪設快慢車道分隔線","有",45,"非汽(機)車駕駛人",121.019585,24.827696,"新竹縣","竹北市"
"追撞","2019",8,8,23,"雨","夜間(或隧道、地下道、涵洞)有照明",100,"直路","快車道","柏油","濕潤","良好","無號誌","中央分向島","未繪設快慢車道分隔線","有",32,"未使用",121.019585,24.827696,"新竹縣","竹北市"
"追撞","2019",8,8,23,"雨","夜間(或隧道、地下道、涵洞)有照明",100,"直路","快車道","柏油","濕潤","良好","無號誌","中央分向島","未繪設快慢車道分隔線","有",41,"未使用",121.019585,24.827696,"新竹縣","竹北市"
"追撞","2019",8,8,23,"雨","夜間(或隧道、地下道、涵洞)有照明",100,"直路","快車道","柏油","濕潤","良好","無號誌","中央分向島","未繪設快慢車道分隔線","有",51,"未使用",121.019585,24.827696,"新竹縣","竹北市"
"路上翻車、摔倒","2019",8,9,3,"晴","夜間(或隧道、地下道、涵洞)有照明",50,"直路","路肩、路緣","柏油","乾燥","良好","無號誌","行車分向線","未繪設快慢車道分隔線","有",27,"未使用",120.215815,23.02618,"臺南市","南區"
"其他","2019",8,9,9,"雨","日間自然光線",50,"直路","一般車道(未劃分快慢車道)","柏油","濕潤","良好","無號誌","雙向禁止超車線","未繪設快慢車道分隔線","有",39,"未使用",120.646401,24.212133,"臺中市","大雅區"
"其他","2019",8,9,9,"雨","日間自然光線",50,"直路","一般車道(未劃分快慢車道)","柏油","濕潤","良好","無號誌","雙向禁止超車線","未繪設快慢車道分隔線","有",64,"未使用",120.646401,24.212133,"臺中市","大雅區"
"其他","2019",8,9,9,"雨","日間自然光線",50,"直路","一般車道(未劃分快慢車道)","柏油","濕潤","良好","無號誌","雙向禁止超車線","未繪設快慢車道分隔線","有",45,"未使用",120.646401,24.212133,"臺中市","大雅區"
"其他","2019",8,9,9,"雨","日間自然光線",50,"直路","一般車道(未劃分快慢車道)","柏油","濕潤","良好","無號誌","雙向禁止超車線","未繪設快慢車道分隔線","有",26,"未使用",120.646401,24.212133,"臺中市","大雅區"
"側撞","2019",8,9,15,"陰","晨或暮光",50,"三岔路","交叉路口內","柏油","乾燥","良好","無號誌","無","未繪設快慢車道分隔線","有",68,"未使用",121.003449,24.854865,"新竹縣","竹北市"
"側撞","2019",8,9,15,"陰","晨或暮光",50,"三岔路","交叉路口內","柏油","乾燥","良好","無號誌","無","未繪設快慢車道分隔線","有",73,"未使用",121.003449,24.854865,"新竹縣","竹北市"
"撞路樹、電桿","2019",8,9,16,"陰","日間自然光線",50,"直路","一般車道(未劃分快慢車道)","柏油","乾燥","良好","無號誌","雙向禁止超車線","未繪設快慢車道分隔線","有",46,"不明",121.318125,24.990801,"桃園市","桃園區"
"同向通行中","2019",8,9,20,"晴","夜間(或隧道、地下道、涵洞)無照明",60,"直路","慢車道","柏油","乾燥","良好","無號誌","雙向禁止超車線","快慢車道分隔線","有",39,"未使用",121.196388,22.798222,"臺東縣","臺東市"
"同向通行中","2019",8,9,20,"晴","夜間(或隧道、地下道、涵洞)無照明",60,"直路","慢車道","柏油","乾燥","良好","無號誌","雙向禁止超車線","快慢車道分隔線","有",44,"非汽(機)車駕駛人",121.196388,22.798222,"臺東縣","臺東市"
"其他","2019",8,9,22,"陰","夜間(或隧道、地下道、涵洞)有照明",40,"橋樑","其他","水泥","乾燥","良好","無號誌","無","未繪設快慢車道分隔線","無",52,"不明",120.944606,24.677924,"苗栗縣","頭份市"
"其他","2019",8,9,22,"陰","夜間(或隧道、地下道、涵洞)有照明",40,"橋樑","其他","水泥","乾燥","良好","無號誌","無","未繪設快慢車道分隔線","無",29,"非汽(機)車駕駛人",120.944606,24.677924,"苗栗縣","頭份市"
"其他","2019",8,9,22,"陰","夜間(或隧道、地下道、涵洞)有照明",40,"橋樑","其他","水泥","乾燥","良好","無號誌","無","未繪設快慢車道分隔線","無",5,"非汽(機)車駕駛人",120.944606,24.677924,"苗栗縣","頭份市"
"撞護欄(樁)","2019",8,10,0,"暴雨","夜間(或隧道、地下道、涵洞)有照明",50,"三岔路","交叉路口內","柏油","濕潤","不良","正常","中央分向島","未繪設快慢車道分隔線","有",55,"未使用",120.79675,24.586657,"苗栗縣","苗栗市"
"撞護欄(樁)","2019",8,10,0,"暴雨","夜間(或隧道、地下道、涵洞)有照明",50,"三岔路","交叉路口內","柏油","濕潤","不良","正常","中央分向島","未繪設快慢車道分隔線","有",56,"未使用",120.79675,24.586657,"苗栗縣","苗栗市"
"其他","2019",8,10,1,"雨","夜間(或隧道、地下道、涵洞)有照明",50,"多岔路","交叉路口內","柏油","濕潤","良好","正常","無","未繪設快慢車道分隔線","有",34,"未使用",121.459657,25.007308,"新北市","板橋區"
"其他","2019",8,10,1,"雨","夜間(或隧道、地下道、涵洞)有照明",50,"多岔路","交叉路口內","柏油","濕潤","良好","正常","無","未繪設快慢車道分隔線","有",18,"未使用",121.459657,25.007308,"新北市","板橋區"
"其他","2019",8,10,1,"雨","夜間(或隧道、地下道、涵洞)有照明",50,"多岔路","交叉路口內","柏油","濕潤","良好","正常","無","未繪設快慢車道分隔線","有",18,"未使用",121.459657,25.007308,"新北市","板橋區"
"其他","2019",8,10,1,"雨","夜間(或隧道、地下道、涵洞)有照明",50,"多岔路","交叉路口內","柏油","濕潤","良好","正常","無","未繪設快慢車道分隔線","有",30,"非汽(機)車駕駛人",121.459657,25.007308,"新北市","板橋區"
"側撞","2019",8,10,6,"晴","日間自然光線",50,"四岔路","交叉路口內","柏油","乾燥","良好","正常","雙向禁止超車線","未繪設快慢車道分隔線","有",19,"未使用",120.542435,24.08251,"彰化縣","彰化市"
"側撞","2019",8,10,6,"晴","日間自然光線",50,"四岔路","交叉路口內","柏油","乾燥","良好","正常","雙向禁止超車線","未繪設快慢車道分隔線","有",69,"未使用",120.542435,24.08251,"彰化縣","彰化市"
"路口交岔撞","2019",8,10,12,"晴","日間自然光線",40,"四岔路","交叉路口內","柏油","乾燥","良好","正常","無","未繪設快慢車道分隔線","無",27,"未使用",121.766525,24.719069,"宜蘭縣","宜蘭市"
"路口交岔撞","2019",8,10,12,"晴","日間自然光線",40,"四岔路","交叉路口內","柏油","乾燥","良好","正常","無","未繪設快慢車道分隔線","無",48,"未使用",121.766525,24.719069,"宜蘭縣","宜蘭市"
"追撞","2019",8,10,15,"晴","日間自然光線",70,"直路","路肩、路緣","柏油","乾燥","良好","無號誌","中央分向島","快慢車道分隔線","有",22,"不明",120.53981,24.208223,"臺中市","龍井區"
"追撞","2019",8,10,15,"晴","日間自然光線",70,"直路","路肩、路緣","柏油","乾燥","良好","無號誌","中央分向島","快慢車道分隔線","有",51,"未使用",120.53981,24.208223,"臺中市","龍井區"
"路上翻車、摔倒","2019",8,10,20,"晴","夜間(或隧道、地下道、涵洞)無照明",40,"直路","一般車道(未劃分快慢車道)","柏油","乾燥","良好","無號誌","無","未繪設快慢車道分隔線","無",55,"未使用",121.341838,23.494309,"花蓮縣","萬榮鄉"
"路口交岔撞","2019",8,11,12,"晴","日間自然光線",50,"四岔路","交叉路口內","柏油","乾燥","良好","正常","無","未繪設快慢車道分隔線","無",76,"非汽(機)車駕駛人",121.35429,25.057983,"桃園市","龜山區"
"路口交岔撞","2019",8,11,12,"晴","日間自然光線",50,"四岔路","交叉路口內","柏油","乾燥","良好","正常","無","未繪設快慢車道分隔線","無",34,"未使用",121.35429,25.057983,"桃園市","龜山區"
"撞路樹、電桿","2019",8,11,14,"晴","日間自然光線",50,"直路","路肩、路緣","柏油","乾燥","良好","無號誌","雙向禁止超車線","未繪設快慢車道分隔線","有",31,"未使用",121.395067,23.454306,"花蓮縣","玉里鎮"
"撞路樹、電桿","2019",8,11,14,"晴","日間自然光線",50,"直路","路肩、路緣","柏油","乾燥","良好","無號誌","雙向禁止超車線","未繪設快慢車道分隔線","有",64,"非汽(機)車駕駛人",121.395067,23.454306,"花蓮縣","玉里鎮"
"撞路樹、電桿","2019",8,11,14,"晴","日間自然光線",50,"直路","路肩、路緣","柏油","乾燥","良好","無號誌","雙向禁止超車線","未繪設快慢車道分隔線","有",3,"非汽(機)車駕駛人",121.395067,23.454306,"花蓮縣","玉里鎮"
"撞路樹、電桿","2019",8,11,14,"晴","日間自然光線",50,"直路","路肩、路緣","柏油","乾燥","良好","無號誌","雙向禁止超車線","未繪設快慢車道分隔線","有",56,"非汽(機)車駕駛人",121.395067,23.454306,"花蓮縣","玉里鎮"
"撞路樹、電桿","2019",8,11,14,"晴","日間自然光線",50,"直路","路肩、路緣","柏油","乾燥","良好","無號誌","雙向禁止超車線","未繪設快慢車道分隔線","有",2,"非汽(機)車駕駛人",121.395067,23.454306,"花蓮縣","玉里鎮"
"其他","2019",8,11,21,"晴","夜間(或隧道、地下道、涵洞)有照明",60,"直路","一般車道(未劃分快慢車道)","柏油","乾燥","良好","無號誌","雙向禁止超車線","未繪設快慢車道分隔線","有",64,"未使用",121.052839,22.76383,"臺東縣","臺東市"
"其他","2019",8,11,21,"晴","夜間(或隧道、地下道、涵洞)有照明",60,"直路","一般車道(未劃分快慢車道)","柏油","乾燥","良好","無號誌","雙向禁止超車線","未繪設快慢車道分隔線","有",42,"非汽(機)車駕駛人",121.052839,22.76383,"臺東縣","臺東市"
"其他","2019",8,11,21,"晴","夜間(或隧道、地下道、涵洞)有照明",60,"直路","一般車道(未劃分快慢車道)","柏油","乾燥","良好","無號誌","雙向禁止超車線","未繪設快慢車道分隔線","有",55,"非汽(機)車駕駛人",121.052839,22.76383,"臺東縣","臺東市"
"其他","2019",8,13,6,"陰","日間自然光線",30,"直路","一般車道(未劃分快慢車道)","柏油","濕潤","不良","無號誌","雙向禁止超車線","未繪設快慢車道分隔線","有",108,"",120.680422,23.087032,"高雄市","六龜區"
"其他","2019",8,13,6,"陰","日間自然光線",30,"直路","一般車道(未劃分快慢車道)","柏油","濕潤","不良","無號誌","雙向禁止超車線","未繪設快慢車道分隔線","有",63,"不明",120.680422,23.087032,"高雄市","六龜區"
"其他","2019",8,13,6,"陰","日間自然光線",30,"直路","一般車道(未劃分快慢車道)","柏油","濕潤","不良","無號誌","雙向禁止超車線","未繪設快慢車道分隔線","有",51,"不明",120.680422,23.087032,"高雄市","六龜區"
"其他","2019",8,13,6,"陰","日間自然光線",30,"直路","一般車道(未劃分快慢車道)","柏油","濕潤","不良","無號誌","雙向禁止超車線","未繪設快慢車道分隔線","有",47,"非汽(機)車駕駛人",120.680422,23.087032,"高雄市","六龜區"
"其他","2019",8,13,6,"陰","日間自然光線",30,"直路","一般車道(未劃分快慢車道)","柏油","濕潤","不良","無號誌","雙向禁止超車線","未繪設快慢車道分隔線","有",39,"未使用",120.680422,23.087032,"高雄市","六龜區"
"其他","2019",8,13,6,"陰","日間自然光線",30,"直路","一般車道(未劃分快慢車道)","柏油","濕潤","不良","無號誌","雙向禁止超車線","未繪設快慢車道分隔線","有",55,"未使用",120.680422,23.087032,"高雄市","六龜區"
"對撞","2019",8,13,6,"雨","日間自然光線",25,"直路","一般車道(未劃分快慢車道)","柏油","濕潤","良好","無號誌","雙向禁止超車線","未繪設快慢車道分隔線","有",70,"不明",120.882409,22.293582,"臺東縣","達仁鄉"
"對撞","2019",8,13,6,"雨","日間自然光線",25,"直路","一般車道(未劃分快慢車道)","柏油","濕潤","良好","無號誌","雙向禁止超車線","未繪設快慢車道分隔線","有",66,"非汽(機)車駕駛人",120.882409,22.293582,"臺東縣","達仁鄉"
"對撞","2019",8,13,6,"雨","日間自然光線",25,"直路","一般車道(未劃分快慢車道)","柏油","濕潤","良好","無號誌","雙向禁止超車線","未繪設快慢車道分隔線","有",46,"未使用",120.882409,22.293582,"臺東縣","達仁鄉"
"側撞","2019",8,13,13,"晴","日間自然光線",40,"四岔路","交叉路口內","柏油","乾燥","良好","無號誌","雙向禁止超車線","未繪設快慢車道分隔線","有",56,"未使用",121.813865,24.460852,"宜蘭縣","蘇澳鎮"
"側撞","2019",8,13,13,"晴","日間自然光線",40,"四岔路","交叉路口內","柏油","乾燥","良好","無號誌","雙向禁止超車線","未繪設快慢車道分隔線","有",40,"未使用",121.813865,24.460852,"宜蘭縣","蘇澳鎮"
"其他","2019",8,13,14,"晴","日間自然光線",50,"直路","人行道","柏油","乾燥","良好","無號誌","無","未繪設快慢車道分隔線","無",49,"",120.38,22.62802,"高雄市","鳳山區"
"其他","2019",8,13,14,"晴","日間自然光線",50,"直路","人行道","柏油","乾燥","良好","無號誌","無","未繪設快慢車道分隔線","無",64,"",120.38,22.62802,"高雄市","鳳山區"
"其他","2019",8,13,14,"晴","日間自然光線",50,"直路","人行道","柏油","乾燥","良好","無號誌","無","未繪設快慢車道分隔線","無",21,"未使用",120.38,22.62802,"高雄市","鳳山區"
"其他","2019",8,13,18,"晴","夜間(或隧道、地下道、涵洞)有照明",50,"直路","慢車道","柏油","乾燥","良好","無號誌","中央分向島","快慢車道分隔線","有",53,"不明",121.569275,23.967957,"花蓮縣","吉安鄉"
"其他","2019",8,13,18,"晴","夜間(或隧道、地下道、涵洞)有照明",50,"直路","慢車道","柏油","乾燥","良好","無號誌","中央分向島","快慢車道分隔線","有",15,"未使用",121.569275,23.967957,"花蓮縣","吉安鄉"
"其他","2019",8,13,18,"晴","夜間(或隧道、地下道、涵洞)有照明",50,"直路","慢車道","柏油","乾燥","良好","無號誌","中央分向島","快慢車道分隔線","有",15,"未使用",121.569275,23.967957,"花蓮縣","吉安鄉"
"側撞","2019",8,13,21,"晴","夜間(或隧道、地下道、涵洞)有照明",50,"三岔路","交叉路口內","柏油","乾燥","良好","正常","無","未繪設快慢車道分隔線","無",23,"未使用",121.137771,24.895394,"桃園市","楊梅區"
"側撞","2019",8,13,21,"晴","夜間(或隧道、地下道、涵洞)有照明",50,"三岔路","交叉路口內","柏油","乾燥","良好","正常","無","未繪設快慢車道分隔線","無",27,"未使用",121.137771,24.895394,"桃園市","楊梅區"
"側撞","2019",8,13,21,"晴","夜間(或隧道、地下道、涵洞)有照明",50,"三岔路","交叉路口內","柏油","乾燥","良好","正常","無","未繪設快慢車道分隔線","無",23,"非汽(機)車駕駛人",121.137771,24.895394,"桃園市","楊梅區"
"路口交岔撞","2019",8,14,7,"雨","日間自然光線",40,"四岔路","交叉口附近","柏油","濕潤","良好","無號誌","雙向禁止超車線","快慢車道分隔線","無",66,"未使用",120.30152,22.62716,"高雄市","鼓山區"
"路口交岔撞","2019",8,14,7,"雨","日間自然光線",40,"四岔路","交叉口附近","柏油","濕潤","良好","無號誌","雙向禁止超車線","快慢車道分隔線","無",38,"未使用",120.30152,22.62716,"高雄市","鼓山區"
"路口交岔撞","2019",8,14,7,"雨","日間自然光線",40,"四岔路","交叉口附近","柏油","濕潤","良好","無號誌","雙向禁止超車線","快慢車道分隔線","無",53,"未使用",120.30152,22.62716,"高雄市","鼓山區"
"同向擦撞","2019",8,14,10,"晴","日間自然光線",40,"三岔路","交叉口附近","柏油","乾燥","良好","無號誌","無","未繪設快慢車道分隔線","有",72,"不明",120.618706,23.952186,"彰化縣","員林市"
"同向擦撞","2019",8,14,10,"晴","日間自然光線",40,"三岔路","交叉口附近","柏油","乾燥","良好","無號誌","無","未繪設快慢車道分隔線","有",39,"不明",120.618706,23.952186,"彰化縣","員林市"
"其他","2019",8,14,13,"晴","日間自然光線",50,"直路","一般車道(未劃分快慢車道)","柏油","乾燥","良好","無號誌","雙向禁止超車線","未繪設快慢車道分隔線","有",55,"未使用",120.77587,24.427291,"苗栗縣","三義鄉"
"其他","2019",8,14,13,"晴","日間自然光線",50,"直路","一般車道(未劃分快慢車道)","柏油","乾燥","良好","無號誌","雙向禁止超車線","未繪設快慢車道分隔線","有",4,"未使用",120.77587,24.427291,"苗栗縣","三義鄉"
"側撞","2019",8,14,15,"晴","日間自然光線",40,"彎曲路及附近","一般車道(未劃分快慢車道)","柏油","乾燥","良好","無號誌","無","未繪設快慢車道分隔線","無",19,"未使用",120.63334,24.173858,"臺中市","西屯區"
"側撞","2019",8,14,15,"晴","日間自然光線",40,"彎曲路及附近","一般車道(未劃分快慢車道)","柏油","乾燥","良好","無號誌","無","未繪設快慢車道分隔線","無",45,"未使用",120.63334,24.173858,"臺中市","西屯區"
"側撞","2019",8,14,16,"晴","日間自然光線",50,"三岔路","交叉路口內","柏油","乾燥","良好","正常","雙向禁止超車線","未繪設快慢車道分隔線","有",77,"未使用",120.267473,22.945297,"臺南市","仁德區"
"側撞","2019",8,14,16,"晴","日間自然光線",50,"三岔路","交叉路口內","柏油","乾燥","良好","正常","雙向禁止超車線","未繪設快慢車道分隔線","有",65,"未使用",120.267473,22.945297,"臺南市","仁德區"
"路口交岔撞","2019",8,14,17,"晴","日間自然光線",60,"四岔路","交叉路口內","柏油","乾燥","良好","正常","雙向禁止超車線","未繪設快慢車道分隔線","有",21,"不明",120.30939,23.856511,"彰化縣","大城鄉"
"路口交岔撞","2019",8,14,17,"晴","日間自然光線",60,"四岔路","交叉路口內","柏油","乾燥","良好","正常","雙向禁止超車線","未繪設快慢車道分隔線","有",32,"不明",120.30939,23.856511,"彰化縣","大城鄉"
"同向擦撞","2019",8,14,20,"晴","夜間(或隧道、地下道、涵洞)有照明",50,"直路","一般車道(未劃分快慢車道)","柏油","乾燥","良好","無號誌","無","未繪設快慢車道分隔線","有",64,"未使用",120.820048,24.558845,"苗栗縣","苗栗市"
"同向擦撞","2019",8,14,20,"晴","夜間(或隧道、地下道、涵洞)有照明",50,"直路","一般車道(未劃分快慢車道)","柏油","乾燥","良好","無號誌","無","未繪設快慢車道分隔線","有",59,"未使用",120.820048,24.558845,"苗栗縣","苗栗市"
"同向擦撞","2019",8,14,20,"晴","夜間(或隧道、地下道、涵洞)有照明",50,"直路","一般車道(未劃分快慢車道)","柏油","乾燥","良好","無號誌","無","未繪設快慢車道分隔線","有",64,"未使用",120.820048,24.558845,"苗栗縣","苗栗市"
"側撞","2019",8,15,17,"晴","日間自然光線",50,"直路","一般車道(未劃分快慢車道)","柏油","乾燥","良好","無號誌","行車分向線","未繪設快慢車道分隔線","有",23,"未使用",121.288566,23.000972,"臺東縣","東河鄉"
"側撞","2019",8,15,17,"晴","日間自然光線",50,"直路","一般車道(未劃分快慢車道)","柏油","乾燥","良好","無號誌","行車分向線","未繪設快慢車道分隔線","有",73,"未使用",121.288566,23.000972,"臺東縣","東河鄉"
"穿越道路中","2019",8,15,18,"晴","夜間(或隧道、地下道、涵洞)有照明",60,"直路","一般車道(未劃分快慢車道)","柏油","乾燥","良好","無號誌","雙向禁止超車線","未繪設快慢車道分隔線","有",79,"非汽(機)車駕駛人",120.945122,24.618257,"苗栗縣","三灣鄉"
"穿越道路中","2019",8,15,18,"晴","夜間(或隧道、地下道、涵洞)有照明",60,"直路","一般車道(未劃分快慢車道)","柏油","乾燥","良好","無號誌","雙向禁止超車線","未繪設快慢車道分隔線","有",70,"未使用",120.945122,24.618257,"苗栗縣","三灣鄉"
"側撞","2019",8,15,19,"陰","夜間(或隧道、地下道、涵洞)有照明",50,"多岔路","交叉口附近","柏油","濕潤","良好","正常","行車分向線","快慢車道分隔線","有",70,"未使用",120.509949,22.700319,"屏東縣","屏東市"
"側撞","2019",8,15,19,"陰","夜間(或隧道、地下道、涵洞)有照明",50,"多岔路","交叉口附近","柏油","濕潤","良好","正常","行車分向線","快慢車道分隔線","有",61,"未使用",120.509949,22.700319,"屏東縣","屏東市"
"對撞","2019",8,15,19,"晴","夜間(或隧道、地下道、涵洞)有照明",50,"彎曲路及附近","一般車道(未劃分快慢車道)","柏油","乾燥","良好","正常","雙向禁止超車線","未繪設快慢車道分隔線","有",27,"不明",121.177688,24.959013,"桃園市","平鎮區"
"對撞","2019",8,15,19,"晴","夜間(或隧道、地下道、涵洞)有照明",50,"彎曲路及附近","一般車道(未劃分快慢車道)","柏油","乾燥","良好","正常","雙向禁止超車線","未繪設快慢車道分隔線","有",32,"不明",121.177688,24.959013,"桃園市","平鎮區"
"對撞","2019",8,15,19,"晴","夜間(或隧道、地下道、涵洞)有照明",50,"彎曲路及附近","一般車道(未劃分快慢車道)","柏油","乾燥","良好","正常","雙向禁止超車線","未繪設快慢車道分隔線","有",20,"未使用",121.177688,24.959013,"桃園市","平鎮區"
"對撞","2019",8,15,19,"晴","夜間(或隧道、地下道、涵洞)有照明",50,"彎曲路及附近","一般車道(未劃分快慢車道)","柏油","乾燥","良好","正常","雙向禁止超車線","未繪設快慢車道分隔線","有",46,"不明",121.177688,24.959013,"桃園市","平鎮區"
"其他","2019",8,15,22,"晴","日間自然光線",50,"其他","人行道","柏油","乾燥","良好","無號誌","行車分向線","未繪設快慢車道分隔線","有",19,"未使用",121.452619,25.036297,"新北市","新莊區"
"其他","2019",8,15,22,"晴","日間自然光線",50,"其他","人行道","柏油","乾燥","良好","無號誌","行車分向線","未繪設快慢車道分隔線","有",70,"非汽(機)車駕駛人",121.452619,25.036297,"新北市","新莊區"
"穿越道路中","2019",8,16,5,"晴","日間自然光線",50,"四岔路","交叉路口內","柏油","乾燥","良好","正常","行車分向線","未繪設快慢車道分隔線","有",32,"未使用",121.538032,24.972777,"新北市","新店區"
"穿越道路中","2019",8,16,5,"晴","日間自然光線",50,"四岔路","交叉路口內","柏油","乾燥","良好","正常","行車分向線","未繪設快慢車道分隔線","有",81,"非汽(機)車駕駛人",121.538032,24.972777,"新北市","新店區"
"其他","2019",8,16,10,"陰","日間自然光線",60,"四岔路","交叉路口內","柏油","濕潤","良好","正常","無","未繪設快慢車道分隔線","無",70,"未使用",120.193993,23.1663,"臺南市","佳里區"
"其他","2019",8,16,10,"陰","日間自然光線",60,"四岔路","交叉路口內","柏油","濕潤","良好","正常","無","未繪設快慢車道分隔線","無",68,"未使用",120.193993,23.1663,"臺南市","佳里區"
"其他","2019",8,16,10,"陰","日間自然光線",60,"四岔路","交叉路口內","柏油","濕潤","良好","正常","無","未繪設快慢車道分隔線","無",56,"未使用",120.193993,23.1663,"臺南市","佳里區"