"事故類型及型態子類別名稱","發生年度","發生月份","發生日期","發生時間","天候名稱","光線名稱","速限.第1當事者","道路型態子類別名稱","事故位置子類別名稱","路面狀況.路面鋪裝名稱","路面狀況.路面狀態名稱","道路障礙.視距品質名稱","號誌.號誌動作名稱","車道劃分設施.分向設施大類別名稱","車道劃分設施.分道設施.快慢車道間名稱","車道劃分設施.分道設施.路面邊線名稱","當事者事故發生時年齡","行動電話或電腦或其他相類功能裝置名稱","經度","緯度","縣市","鄉鎮"
"穿越道路中","2019",8,17,4,"晴","夜間(或隧道、地下道、涵洞)有照明",50,"直路","一般車道(未劃分快慢車道)","柏油","乾燥","良好","無號誌","中央分向島","未繪設快慢車道分隔線","有",56,"未使用",121.261456,24.973835,"桃園市","中壢區"
"穿越道路中","2019",8,17,4,"晴","夜間(或隧道、地下道、涵洞)有照明",50,"直路","一般車道(未劃分快慢車道)","柏油","乾燥","良好","無號誌","中央分向島","未繪設快慢車道分隔線","有",79,"非汽(機)車駕駛人",121.261456,24.973835,"桃園市","中壢區"
"撞護欄(樁)","2019",8,17,7,"晴","日間自然光線",40,"三岔路","交叉路口內","柏油","乾燥","良好","無號誌","無","未繪設快慢車道分隔線","無",73,"不明",119.435344,23.208776,"澎湖縣","七美鄉"
"側撞","2019",8,18,6,"晴","日間自然光線",40,"四岔路","交叉路口內","柏油","乾燥","良好","正常","中央分向島","未繪設快慢車道分隔線","無",29,"不明",121.513394,25.049509,"臺北市","大同區"
"側撞","2019",8,18,6,"晴","日間自然光線",40,"四岔路","交叉路口內","柏油","乾燥","良好","正常","中央分向島","未繪設快慢車道分隔線","無",44,"不明",121.513394,25.049509,"臺北市","大同區"
"穿越道路中","2019",8,18,8,"晴","日間自然光線",50,"四岔路","交叉路口內","柏油","乾燥","良好","正常","無","未繪設快慢車道分隔線","無",33,"未使用",120.97998,24.81401,"新竹市","北區"
"穿越道路中","2019",8,18,8,"晴","日間自然光線",50,"四岔路","交叉路口內","柏油","乾燥","良好","正常","無","未繪設快慢車道分隔線","無",89,"非汽(機)車駕駛人",120.97998,24.81401,"新竹市","北區"
"穿越道路中","2019",8,19,5,"雨","晨或暮光",50,"四岔路","交叉口附近","柏油","濕潤","良好","正常","中央分向島","未繪設快慢車道分隔線","有",68,"未使用",121.41309,25.023816,"新北市","新莊區"
"穿越道路中","2019",8,19,5,"雨","晨或暮光",50,"四岔路","交叉口附近","柏油","濕潤","良好","正常","中央分向島","未繪設快慢車道分隔線","有",60,"非汽(機)車駕駛人",121.41309,25.023816,"新北市","新莊區"
"其他","2019",8,19,8,"晴","日間自然光線",50,"直路","慢車道","柏油","乾燥","良好","無號誌","雙向禁止超車線","快慢車道分隔線","有",28,"未使用",120.64287,24.074509,"臺中市","烏日區"
"其他","2019",8,19,8,"晴","日間自然光線",50,"直路","慢車道","柏油","乾燥","良好","無號誌","雙向禁止超車線","快慢車道分隔線","有",80,"非汽(機)車駕駛人",120.64287,24.074509,"臺中市","烏日區"
"撞護欄(樁)","2019",8,19,9,"雨","日間自然光線",90,"直路","快車道","柏油","濕潤","良好","無號誌","中央分向島","未繪設快慢車道分隔線","有",56,"不明",120.156689,23.567436,"雲林縣","口湖鄉"
"路口交岔撞","2019",8,19,10,"晴","日間自然光線",50,"四岔路","交叉路口內","柏油","乾燥","良好","正常","無","未繪設快慢車道分隔線","無",59,"不明",120.679155,24.145563,"臺中市","中區"
"路口交岔撞","2019",8,19,10,"晴","日間自然光線",50,"四岔路","交叉路口內","柏油","乾燥","良好","正常","無","未繪設快慢車道分隔線","無",32,"不明",120.679155,24.145563,"臺中市","中區"
"從停車後(或中)穿出","2019",8,19,13,"陰","日間自然光線",50,"直路","一般車道(未劃分快慢車道)","水泥","乾燥","良好","無號誌","無","未繪設快慢車道分隔線","無",85,"非汽(機)車駕駛人",120.30152,22.62716,"高雄市","旗津區"
"從停車後(或中)穿出","2019",8,19,13,"陰","日間自然光線",50,"直路","一般車道(未劃分快慢車道)","水泥","乾燥","良好","無號誌","無","未繪設快慢車道分隔線","無",63,"未使用",120.30152,22.62716,"高雄市","旗津區"
"撞交通島","2019",8,19,19,"雨","夜間(或隧道、地下道、涵洞)有照明",50,"三岔路","交叉路口內","柏油","濕潤","良好","正常","無","未繪設快慢車道分隔線","無",75,"未使用",120.97753,24.146765,"臺中市","東區"
"撞交通島","2019",8,19,19,"雨","夜間(或隧道、地下道、涵洞)有照明",50,"三岔路","交叉路口內","柏油","濕潤","良好","正常","無","未繪設快慢車道分隔線","無",69,"未使用",120.97753,24.146765,"臺中市","東區"
"其他","2019",8,20,1,"晴","夜間(或隧道、地下道、涵洞)有照明",50,"四岔路","交叉口附近","柏油","乾燥","良好","無號誌","中央分向島","未繪設快慢車道分隔線","有",37,"未使用",121.30636,25.025483,"桃園市","桃園區"
"其他","2019",8,20,1,"晴","夜間(或隧道、地下道、涵洞)有照明",50,"四岔路","交叉口附近","柏油","乾燥","良好","無號誌","中央分向島","未繪設快慢車道分隔線","有",21,"非汽(機)車駕駛人",121.30636,25.025483,"桃園市","桃園區"
"衝出路外","2019",8,20,12,"晴","日間自然光線",40,"直路","一般車道(未劃分快慢車道)","無鋪裝","乾燥","良好","無號誌","無","未繪設快慢車道分隔線","無",71,"不明",120.287119,23.579892,"雲林縣","北港鎮"
"側撞","2019",8,20,13,"雨","日間自然光線",50,"三岔路","交叉路口內","柏油","濕潤","良好","無號誌","無","未繪設快慢車道分隔線","無",21,"未使用",120.344743,22.559253,"高雄市","小港區"
"側撞","2019",8,20,13,"雨","日間自然光線",50,"三岔路","交叉路口內","柏油","濕潤","良好","無號誌","無","未繪設快慢車道分隔線","無",44,"未使用",120.344743,22.559253,"高雄市","小港區"
"其他","2019",8,20,19,"雨","夜間(或隧道、地下道、涵洞)有照明",40,"三岔路","交叉口附近","柏油","濕潤","良好","正常","無","未繪設快慢車道分隔線","無",108,"",120.306764,22.745764,"高雄市","橋頭區"
"其他","2019",8,20,19,"雨","夜間(或隧道、地下道、涵洞)有照明",40,"三岔路","交叉口附近","柏油","濕潤","良好","正常","無","未繪設快慢車道分隔線","無",48,"未使用",120.306764,22.745764,"高雄市","橋頭區"
"側撞","2019",8,20,19,"晴","夜間(或隧道、地下道、涵洞)有照明",50,"三岔路","交叉路口內","柏油","乾燥","良好","正常","中央分向島","快慢車道分隔線","有",18,"未使用",121.742706,25.125111,"基隆市","仁愛區"
"側撞","2019",8,20,19,"晴","夜間(或隧道、地下道、涵洞)有照明",50,"三岔路","交叉路口內","柏油","乾燥","良好","正常","中央分向島","快慢車道分隔線","有",41,"未使用",121.742706,25.125111,"基隆市","仁愛區"
"同向通行中","2019",8,20,21,"陰","夜間(或隧道、地下道、涵洞)有照明",50,"直路","一般車道(未劃分快慢車道)","柏油","乾燥","良好","無號誌","中央分向島","未繪設快慢車道分隔線","有",67,"不明",121.2648,24.902674,"桃園市","大溪區"
"同向通行中","2019",8,20,21,"陰","夜間(或隧道、地下道、涵洞)有照明",50,"直路","一般車道(未劃分快慢車道)","柏油","乾燥","良好","無號誌","中央分向島","未繪設快慢車道分隔線","有",47,"不明",121.2648,24.902674,"桃園市","大溪區"
"同向通行中","2019",8,20,21,"陰","夜間(或隧道、地下道、涵洞)有照明",50,"直路","一般車道(未劃分快慢車道)","柏油","乾燥","良好","無號誌","中央分向島","未繪設快慢車道分隔線","有",58,"非汽(機)車駕駛人",121.2648,24.902674,"桃園市","大溪區"
"撞橋樑、建築物","2019",8,21,5,"雨","夜間(或隧道、地下道、涵洞)有照明",15,"坡路","一般車道(未劃分快慢車道)","柏油","濕潤","不良","無號誌","無","未繪設快慢車道分隔線","有",32,"不明",121.29437,24.314495,"臺中市","和平區"
"路口交岔撞","2019",8,21,7,"陰","日間自然光線",50,"四岔路","交叉路口內","柏油","濕潤","良好","正常","無","未繪設快慢車道分隔線","無",78,"不明",120.231034,23.453358,"嘉義縣","朴子市"
"路口交岔撞","2019",8,21,7,"陰","日間自然光線",50,"四岔路","交叉路口內","柏油","濕潤","良好","正常","無","未繪設快慢車道分隔線","無",48,"不明",120.231034,23.453358,"嘉義縣","朴子市"
"路口交岔撞","2019",8,21,7,"陰","日間自然光線",50,"四岔路","交叉路口內","柏油","濕潤","良好","正常","無","未繪設快慢車道分隔線","無",34,"不明",120.231034,23.453358,"嘉義縣","朴子市"
"追撞","2019",8,21,9,"晴","日間自然光線",110,"直路","路肩、路緣","柏油","乾燥","良好","無號誌","中央分向島","未繪設快慢車道分隔線","有",18,"未使用",120.509783,23.993373,"彰化縣","大村鄉"
"追撞","2019",8,21,9,"晴","日間自然光線",110,"直路","路肩、路緣","柏油","乾燥","良好","無號誌","中央分向島","未繪設快慢車道分隔線","有",24,"未使用",120.509783,23.993373,"彰化縣","大村鄉"
"側撞","2019",8,21,10,"晴","日間自然光線",50,"四岔路","交叉路口內","柏油","乾燥","良好","正常","無","未繪設快慢車道分隔線","無",43,"未使用",121.225739,25.041166,"桃園市","大園區"
"側撞","2019",8,21,10,"晴","日間自然光線",50,"四岔路","交叉路口內","柏油","乾燥","良好","正常","無","未繪設快慢車道分隔線","無",47,"未使用",121.225739,25.041166,"桃園市","大園區"
"路口交岔撞","2019",8,21,11,"陰","日間自然光線",50,"四岔路","交叉路口內","柏油","乾燥","良好","無號誌","雙向禁止超車線","快慢車道分隔線","無",37,"未使用",120.376674,22.57126,"高雄市","小港區"
"路口交岔撞","2019",8,21,11,"陰","日間自然光線",50,"四岔路","交叉路口內","柏油","乾燥","良好","無號誌","雙向禁止超車線","快慢車道分隔線","無",29,"未使用",120.376674,22.57126,"高雄市","小港區"
"側撞","2019",8,21,19,"陰","夜間(或隧道、地下道、涵洞)有照明",60,"三岔路","交叉路口內","柏油","濕潤","良好","無號誌","雙向禁止超車線","快慢車道分隔線","有",27,"不明",120.928336,23.941105,"南投縣","埔里鎮"
"側撞","2019",8,21,19,"陰","夜間(或隧道、地下道、涵洞)有照明",60,"三岔路","交叉路口內","柏油","濕潤","良好","無號誌","雙向禁止超車線","快慢車道分隔線","有",56,"不明",120.928336,23.941105,"南投縣","埔里鎮"
"側撞","2019",8,22,6,"晴","日間自然光線",50,"四岔路","交叉路口內","柏油","乾燥","良好","正常","無","未繪設快慢車道分隔線","無",67,"未使用",120.336325,22.624213,"高雄市","苓雅區"
"側撞","2019",8,22,6,"晴","日間自然光線",50,"四岔路","交叉路口內","柏油","乾燥","良好","正常","無","未繪設快慢車道分隔線","無",55,"未使用",120.336325,22.624213,"高雄市","苓雅區"
"其他","2019",8,22,8,"晴","日間自然光線",60,"彎曲路及附近","路肩、路緣","柏油","乾燥","不良","無號誌","雙向禁止超車線","快慢車道分隔線","有",48,"不明",120.558797,23.56563,"嘉義縣","梅山鄉"
"同向擦撞","2019",8,22,8,"晴","日間自然光線",40,"直路","慢車道","柏油","乾燥","良好","無號誌","行車分向線","快慢車道分隔線","有",23,"未使用",121.801272,24.675543,"宜蘭縣","五結鄉"
"同向擦撞","2019",8,22,8,"晴","日間自然光線",40,"直路","慢車道","柏油","乾燥","良好","無號誌","行車分向線","快慢車道分隔線","有",43,"未使用",121.801272,24.675543,"宜蘭縣","五結鄉"
"其他","2019",8,22,15,"晴","日間自然光線",60,"三岔路","交叉路口內","柏油","乾燥","良好","正常","中央分向島","快慢車道分隔線","有",55,"不明",120.687075,22.206941,"屏東縣","枋山鄉"
"其他","2019",8,22,15,"晴","日間自然光線",60,"三岔路","交叉路口內","柏油","乾燥","良好","正常","中央分向島","快慢車道分隔線","有",50,"未使用",120.687075,22.206941,"屏東縣","枋山鄉"
"撞護欄(樁)","2019",8,22,17,"晴","日間自然光線",50,"直路","慢車道","柏油","乾燥","良好","無號誌","單向禁止超車線","快慢車道分隔線","有",36,"未使用",121.435191,24.995727,"新北市","樹林區"
"其他","2019",8,22,20,"晴","夜間(或隧道、地下道、涵洞)有照明",60,"直路","路肩、路緣","柏油","乾燥","良好","無號誌","雙向禁止超車線","未繪設快慢車道分隔線","有",44,"未使用",120.246442,23.480875,"嘉義縣","六腳鄉"
"其他","2019",8,22,20,"晴","夜間(或隧道、地下道、涵洞)有照明",60,"直路","路肩、路緣","柏油","乾燥","良好","無號誌","雙向禁止超車線","未繪設快慢車道分隔線","有",72,"未使用",120.246442,23.480875,"嘉義縣","六腳鄉"
"穿越道路中","2019",8,23,14,"晴","日間自然光線",50,"四岔路","交叉路口內","柏油","乾燥","良好","正常","無","未繪設快慢車道分隔線","有",33,"未使用",120.679658,23.750565,"南投縣","竹山鎮"
"穿越道路中","2019",8,23,14,"晴","日間自然光線",50,"四岔路","交叉路口內","柏油","乾燥","良好","正常","無","未繪設快慢車道分隔線","有",71,"非汽(機)車駕駛人",120.679658,23.750565,"南投縣","竹山鎮"
"其他","2019",8,23,18,"晴","日間自然光線",50,"三岔路","交叉路口內","柏油","乾燥","良好","無號誌","雙向禁止超車線","未繪設快慢車道分隔線","有",63,"未使用",120.62799,24.103056,"臺中市","烏日區"
"其他","2019",8,23,18,"晴","日間自然光線",50,"三岔路","交叉路口內","柏油","乾燥","良好","無號誌","雙向禁止超車線","未繪設快慢車道分隔線","有",49,"非汽(機)車駕駛人",120.62799,24.103056,"臺中市","烏日區"
"其他","2019",8,23,23,"陰","夜間(或隧道、地下道、涵洞)有照明",50,"直路","一般車道(未劃分快慢車道)","柏油","乾燥","良好","無號誌","行車分向線","未繪設快慢車道分隔線","有",25,"未使用",121.30182,22.967588,"臺東縣","東河鄉"
"追撞","2019",8,24,3,"晴","夜間(或隧道、地下道、涵洞)有照明",50,"直路","一般車道(未劃分快慢車道)","柏油","乾燥","良好","無號誌","行車分向線","未繪設快慢車道分隔線","有",53,"不明",120.094127,23.101883,"臺南市","七股區"
"追撞","2019",8,24,3,"晴","夜間(或隧道、地下道、涵洞)有照明",50,"直路","一般車道(未劃分快慢車道)","柏油","乾燥","良好","無號誌","行車分向線","未繪設快慢車道分隔線","有",52,"非汽(機)車駕駛人",120.094127,23.101883,"臺南市","七股區"
"追撞","2019",8,24,3,"晴","夜間(或隧道、地下道、涵洞)有照明",50,"直路","一般車道(未劃分快慢車道)","柏油","乾燥","良好","無號誌","行車分向線","未繪設快慢車道分隔線","有",54,"未使用",120.094127,23.101883,"臺南市","七股區"
"撞交通島","2019",8,24,6,"強風","日間自然光線",70,"直路","快車道","柏油","濕潤","良好","無號誌","中央分向島","未繪設快慢車道分隔線","有",18,"未使用",121.636711,25.222481,"新北市","金山區"
"其他","2019",8,24,6,"晴","日間自然光線",50,"彎曲路及附近","路肩、路緣","柏油","乾燥","良好","無號誌","雙向禁止超車線","未繪設快慢車道分隔線","有",50,"不明",121.268567,25.018939,"桃園市","蘆竹區"
"其他","2019",8,24,6,"晴","日間自然光線",50,"彎曲路及附近","路肩、路緣","柏油","乾燥","良好","無號誌","雙向禁止超車線","未繪設快慢車道分隔線","有",38,"不明",121.268567,25.018939,"桃園市","蘆竹區"
"其他","2019",8,24,6,"晴","日間自然光線",50,"彎曲路及附近","路肩、路緣","柏油","乾燥","良好","無號誌","雙向禁止超車線","未繪設快慢車道分隔線","有",50,"不明",121.268567,25.018939,"桃園市","蘆竹區"
"其他","2019",8,24,6,"晴","日間自然光線",50,"彎曲路及附近","路肩、路緣","柏油","乾燥","良好","無號誌","雙向禁止超車線","未繪設快慢車道分隔線","有",30,"不明",121.268567,25.018939,"桃園市","蘆竹區"
"其他","2019",8,24,6,"晴","日間自然光線",50,"彎曲路及附近","路肩、路緣","柏油","乾燥","良好","無號誌","雙向禁止超車線","未繪設快慢車道分隔線","有",61,"非汽(機)車駕駛人",121.268567,25.018939,"桃園市","蘆竹區"
"其他","2019",8,24,6,"晴","日間自然光線",50,"彎曲路及附近","路肩、路緣","柏油","乾燥","良好","無號誌","雙向禁止超車線","未繪設快慢車道分隔線","有",60,"非汽(機)車駕駛人",121.268567,25.018939,"桃園市","蘆竹區"
"其他","2019",8,24,6,"晴","日間自然光線",50,"彎曲路及附近","路肩、路緣","柏油","乾燥","良好","無號誌","雙向禁止超車線","未繪設快慢車道分隔線","有",75,"非汽(機)車駕駛人",121.268567,25.018939,"桃園市","蘆竹區"
"其他","2019",8,24,6,"晴","日間自然光線",50,"彎曲路及附近","路肩、路緣","柏油","乾燥","良好","無號誌","雙向禁止超車線","未繪設快慢車道分隔線","有",62,"非汽(機)車駕駛人",121.268567,25.018939,"桃園市","蘆竹區"
"其他","2019",8,24,6,"晴","日間自然光線",50,"彎曲路及附近","路肩、路緣","柏油","乾燥","良好","無號誌","雙向禁止超車線","未繪設快慢車道分隔線","有",61,"非汽(機)車駕駛人",121.268567,25.018939,"桃園市","蘆竹區"
"其他","2019",8,24,6,"晴","日間自然光線",50,"彎曲路及附近","路肩、路緣","柏油","乾燥","良好","無號誌","雙向禁止超車線","未繪設快慢車道分隔線","有",24,"未使用",121.268567,25.018939,"桃園市","蘆竹區"
"其他","2019",8,24,6,"晴","日間自然光線",50,"彎曲路及附近","路肩、路緣","柏油","乾燥","良好","無號誌","雙向禁止超車線","未繪設快慢車道分隔線","有",16,"非汽(機)車駕駛人",121.268567,25.018939,"桃園市","蘆竹區"
"撞護欄(樁)","2019",8,24,17,"雨","晨或暮光",40,"三岔路","路肩、路緣","柏油","濕潤","良好","無號誌","無","未繪設快慢車道分隔線","無",19,"不明",121.524031,23.579593,"花蓮縣","豐濱鄉"
"路上翻車、摔倒","2019",8,25,9,"晴","日間自然光線",110,"直路","一般車道(未劃分快慢車道)","柏油","乾燥","良好","無號誌","中央分向島","未繪設快慢車道分隔線","有",69,"未使用",121.043531,24.763536,"新竹縣","竹東鎮"
"路上翻車、摔倒","2019",8,25,9,"晴","日間自然光線",110,"直路","一般車道(未劃分快慢車道)","柏油","乾燥","良好","無號誌","中央分向島","未繪設快慢車道分隔線","有",80,"未使用",121.043531,24.763536,"新竹縣","竹東鎮"
"路上翻車、摔倒","2019",8,25,9,"晴","日間自然光線",110,"直路","一般車道(未劃分快慢車道)","柏油","乾燥","良好","無號誌","中央分向島","未繪設快慢車道分隔線","有",62,"未使用",121.043531,24.763536,"新竹縣","竹東鎮"
"路上翻車、摔倒","2019",8,25,9,"晴","日間自然光線",110,"直路","一般車道(未劃分快慢車道)","柏油","乾燥","良好","無號誌","中央分向島","未繪設快慢車道分隔線","有",68,"未使用",121.043531,24.763536,"新竹縣","竹東鎮"
"路上翻車、摔倒","2019",8,25,9,"晴","日間自然光線",110,"直路","一般車道(未劃分快慢車道)","柏油","乾燥","良好","無號誌","中央分向島","未繪設快慢車道分隔線","有",59,"未使用",121.043531,24.763536,"新竹縣","竹東鎮"
"路上翻車、摔倒","2019",8,25,9,"晴","日間自然光線",110,"直路","一般車道(未劃分快慢車道)","柏油","乾燥","良好","無號誌","中央分向島","未繪設快慢車道分隔線","有",55,"非汽(機)車駕駛人",121.043531,24.763536,"新竹縣","竹東鎮"
"路上翻車、摔倒","2019",8,25,9,"晴","日間自然光線",110,"直路","一般車道(未劃分快慢車道)","柏油","乾燥","良好","無號誌","中央分向島","未繪設快慢車道分隔線","有",73,"非汽(機)車駕駛人",121.043531,24.763536,"新竹縣","竹東鎮"
"路上翻車、摔倒","2019",8,25,9,"晴","日間自然光線",110,"直路","一般車道(未劃分快慢車道)","柏油","乾燥","良好","無號誌","中央分向島","未繪設快慢車道分隔線","有",58,"非汽(機)車駕駛人",121.043531,24.763536,"新竹縣","竹東鎮"
"撞路樹、電桿","2019",8,25,11,"晴","日間自然光線",40,"彎曲路及附近","一般車道(未劃分快慢車道)","柏油","乾燥","良好","無號誌","無","未繪設快慢車道分隔線","無",57,"不明",121.129449,24.957109,"桃園市","新屋區"
"路上翻車、摔倒","2019",8,25,12,"晴","日間自然光線",40,"彎曲路及附近","一般車道(未劃分快慢車道)","柏油","乾燥","不良","無號誌","無","未繪設快慢車道分隔線","有",43,"未使用",121.718488,24.738281,"宜蘭縣","員山鄉"
"其他","2019",8,25,16,"陰","日間自然光線",50,"直路","路肩、路緣","柏油","乾燥","良好","無號誌","雙向禁止超車線","快慢車道分隔線","有",60,"未使用",121.401682,23.172387,"臺東縣","成功鎮"
"其他","2019",8,25,16,"陰","日間自然光線",50,"直路","路肩、路緣","柏油","乾燥","良好","無號誌","雙向禁止超車線","快慢車道分隔線","有",72,"非汽(機)車駕駛人",121.401682,23.172387,"臺東縣","成功鎮"
"追撞","2019",8,26,4,"晴","夜間(或隧道、地下道、涵洞)有照明",20,"直路","一般車道(未劃分快慢車道)","柏油","乾燥","良好","無號誌","中央分向島","未繪設快慢車道分隔線","有",76,"非汽(機)車駕駛人",120.403928,23.914616,"彰化縣","二林鎮"
"追撞","2019",8,26,4,"晴","夜間(或隧道、地下道、涵洞)有照明",20,"直路","一般車道(未劃分快慢車道)","柏油","乾燥","良好","無號誌","中央分向島","未繪設快慢車道分隔線","有",76,"未使用",120.403928,23.914616,"彰化縣","二林鎮"
"穿越道路中","2019",8,26,7,"晴","日間自然光線",50,"四岔路","交叉口附近","柏油","乾燥","良好","正常","雙向禁止超車線","未繪設快慢車道分隔線","有",42,"未使用",120.909125,24.692481,"苗栗縣","頭份市"
"穿越道路中","2019",8,26,7,"晴","日間自然光線",50,"四岔路","交叉口附近","柏油","乾燥","良好","正常","雙向禁止超車線","未繪設快慢車道分隔線","有",77,"未使用",120.909125,24.692481,"苗栗縣","頭份市"
"路口交岔撞","2019",8,26,7,"晴","日間自然光線",50,"四岔路","交叉路口內","柏油","乾燥","良好","正常","無","快慢車道分隔線","無",62,"未使用",120.543591,23.751448,"雲林縣","莿桐鄉"
"路口交岔撞","2019",8,26,7,"晴","日間自然光線",50,"四岔路","交叉路口內","柏油","乾燥","良好","正常","無","快慢車道分隔線","無",78,"未使用",120.543591,23.751448,"雲林縣","莿桐鄉"
"其他","2019",8,26,10,"晴","日間自然光線",50,"高架道路","機車專用道","柏油","乾燥","良好","無號誌","雙向禁止超車線","快慢車道分隔線","無",46,"不明",120.293608,22.802624,"高雄市","岡山區"
"其他","2019",8,26,10,"晴","日間自然光線",50,"高架道路","機車專用道","柏油","乾燥","良好","無號誌","雙向禁止超車線","快慢車道分隔線","無",57,"未使用",120.293608,22.802624,"高雄市","岡山區"
"穿越道路中","2019",8,26,11,"晴","日間自然光線",50,"彎曲路及附近","一般車道(未劃分快慢車道)","柏油","乾燥","良好","無號誌","雙向禁止超車線","未繪設快慢車道分隔線","有",83,"非汽(機)車駕駛人",121.222571,24.771371,"新竹縣","關西鎮"
"穿越道路中","2019",8,26,11,"晴","日間自然光線",50,"彎曲路及附近","一般車道(未劃分快慢車道)","柏油","乾燥","良好","無號誌","雙向禁止超車線","未繪設快慢車道分隔線","有",68,"未使用",121.222571,24.771371,"新竹縣","關西鎮"
"撞路樹、電桿","2019",8,26,12,"晴","日間自然光線",70,"直路","路肩、路緣","柏油","乾燥","良好","無號誌","行車分向線","快慢車道分隔線","有",20,"未使用",120.348228,23.907376,"彰化縣","竹塘鄉"
"撞路樹、電桿","2019",8,26,12,"晴","日間自然光線",70,"直路","路肩、路緣","柏油","乾燥","良好","無號誌","行車分向線","快慢車道分隔線","有",22,"非汽(機)車駕駛人",120.348228,23.907376,"彰化縣","竹塘鄉"
"側撞","2019",8,26,13,"晴","日間自然光線",50,"其他","一般車道(未劃分快慢車道)","柏油","乾燥","良好","無號誌","無","未繪設快慢車道分隔線","有",36,"未使用",120.518458,24.197422,"臺中市","龍井區"
"側撞","2019",8,26,13,"晴","日間自然光線",50,"其他","一般車道(未劃分快慢車道)","柏油","乾燥","良好","無號誌","無","未繪設快慢車道分隔線","有",64,"未使用",120.518458,24.197422,"臺中市","龍井區"
"路口交岔撞","2019",8,26,16,"晴","晨或暮光",50,"四岔路","交叉路口內","柏油","乾燥","良好","正常","無","未繪設快慢車道分隔線","無",61,"未使用",120.542837,24.260425,"臺中市","梧棲區"
"路口交岔撞","2019",8,26,16,"晴","晨或暮光",50,"四岔路","交叉路口內","柏油","乾燥","良好","正常","無","未繪設快慢車道分隔線","無",22,"未使用",120.542837,24.260425,"臺中市","梧棲區"
"側撞","2019",8,26,17,"晴","日間自然光線",50,"直路","一般車道(未劃分快慢車道)","柏油","乾燥","良好","無號誌","行車分向線","快慢車道分隔線","有",45,"未使用",120.187587,23.008381,"臺南市","北區"
"側撞","2019",8,26,17,"晴","日間自然光線",50,"直路","一般車道(未劃分快慢車道)","柏油","乾燥","良好","無號誌","行車分向線","快慢車道分隔線","有",88,"未使用",120.187587,23.008381,"臺南市","北區"
"穿越道路中","2019",8,26,20,"晴","夜間(或隧道、地下道、涵洞)有照明",50,"直路","一般車道(未劃分快慢車道)","柏油","乾燥","良好","無號誌","行車分向線","未繪設快慢車道分隔線","有",22,"未使用",121.215306,24.868198,"桃園市","龍潭區"
"穿越道路中","2019",8,26,20,"晴","夜間(或隧道、地下道、涵洞)有照明",50,"直路","一般車道(未劃分快慢車道)","柏油","乾燥","良好","無號誌","行車分向線","未繪設快慢車道分隔線","有",54,"非汽(機)車駕駛人",121.215306,24.868198,"桃園市","龍潭區"
"路口交岔撞","2019",8,27,11,"晴","日間自然光線",50,"四岔路","交叉路口內","柏油","乾燥","良好","無號誌","行車分向線","未繪設快慢車道分隔線","有",26,"未使用",121.026889,24.806955,"新竹縣","竹北市"
"路口交岔撞","2019",8,27,11,"晴","日間自然光線",50,"四岔路","交叉路口內","柏油","乾燥","良好","無號誌","行車分向線","未繪設快慢車道分隔線","有",49,"未使用",121.026889,24.806955,"新竹縣","竹北市"
"側撞","2019",8,27,17,"晴","日間自然光線",70,"三岔路","交叉路口內","柏油","乾燥","良好","無號誌","無","未繪設快慢車道分隔線","有",81,"未使用",120.308683,23.906706,"彰化縣","芳苑鄉"
"側撞","2019",8,27,17,"晴","日間自然光線",70,"三岔路","交叉路口內","柏油","乾燥","良好","無號誌","無","未繪設快慢車道分隔線","有",24,"未使用",120.308683,23.906706,"彰化縣","芳苑鄉"
"路口交岔撞","2019",8,27,19,"晴","夜間(或隧道、地下道、涵洞)無照明",40,"四岔路","交叉路口內","柏油","乾燥","良好","無號誌","無","未繪設快慢車道分隔線","無",16,"未使用",120.711327,22.050806,"屏東縣","車城鄉"
"路口交岔撞","2019",8,27,19,"晴","夜間(或隧道、地下道、涵洞)無照明",40,"四岔路","交叉路口內","柏油","乾燥","良好","無號誌","無","未繪設快慢車道分隔線","無",36,"未使用",120.711327,22.050806,"屏東縣","車城鄉"
"路口交岔撞","2019",8,27,19,"晴","夜間(或隧道、地下道、涵洞)無照明",40,"四岔路","交叉路口內","柏油","乾燥","良好","無號誌","無","未繪設快慢車道分隔線","無",15,"非汽(機)車駕駛人",120.711327,22.050806,"屏東縣","車城鄉"
"側撞","2019",8,27,20,"晴","夜間(或隧道、地下道、涵洞)有照明",50,"直路","快車道","柏油","乾燥","良好","無號誌","無","未繪設快慢車道分隔線","無",79,"未使用",120.160298,23.053925,"臺南市","南區"
"側撞","2019",8,27,20,"晴","夜間(或隧道、地下道、涵洞)有照明",50,"直路","快車道","柏油","乾燥","良好","無號誌","無","未繪設快慢車道分隔線","無",25,"未使用",120.160298,23.053925,"臺南市","南區"
"側撞","2019",8,28,8,"晴","日間自然光線",50,"四岔路","交叉路口內","柏油","乾燥","良好","正常","無","未繪設快慢車道分隔線","無",30,"未使用",120.533164,22.711027,"屏東縣","長治鄉"
"側撞","2019",8,28,8,"晴","日間自然光線",50,"四岔路","交叉路口內","柏油","乾燥","良好","正常","無","未繪設快慢車道分隔線","無",23,"未使用",120.533164,22.711027,"屏東縣","長治鄉"