"事故類型及型態子類別名稱","發生年度","發生月份","發生日期","發生時間","天候名稱","光線名稱","速限.第1當事者","道路型態子類別名稱","事故位置子類別名稱","路面狀況.路面鋪裝名稱","路面狀況.路面狀態名稱","道路障礙.視距品質名稱","號誌.號誌動作名稱","車道劃分設施.分向設施大類別名稱","車道劃分設施.分道設施.快慢車道間名稱","車道劃分設施.分道設施.路面邊線名稱","當事者事故發生時年齡","行動電話或電腦或其他相類功能裝置名稱","經度","緯度","縣市","鄉鎮"
"同向擦撞","2019",8,28,14,"晴","日間自然光線",50,"直路","快車道","柏油","乾燥","良好","無號誌","中央分向島","快慢車道分隔線","有",65,"未使用",120.190233,22.998736,"臺南市","西區"
"同向擦撞","2019",8,28,14,"晴","日間自然光線",50,"直路","快車道","柏油","乾燥","良好","無號誌","中央分向島","快慢車道分隔線","有",56,"未使用",120.190233,22.998736,"臺南市","西區"
"追撞","2019",8,29,3,"晴","夜間(或隧道、地下道、涵洞)無照明",110,"直路","快車道","柏油","乾燥","良好","無號誌","中央分向島","未繪設快慢車道分隔線","有",72,"未使用",120.509783,23.993373,"彰化縣","大村鄉"
"追撞","2019",8,29,3,"晴","夜間(或隧道、地下道、涵洞)無照明",110,"直路","快車道","柏油","乾燥","良好","無號誌","中央分向島","未繪設快慢車道分隔線","有",57,"未使用",120.509783,23.993373,"彰化縣","大村鄉"
"追撞","2019",8,29,3,"晴","夜間(或隧道、地下道、涵洞)無照明",110,"直路","快車道","柏油","乾燥","良好","無號誌","中央分向島","未繪設快慢車道分隔線","有",33,"未使用",120.509783,23.993373,"彰化縣","大村鄉"
"側撞","2019",8,29,14,"晴","日間自然光線",70,"直路","慢車道","柏油","乾燥","良好","無號誌","中央分向島","快慢車道分隔線","有",65,"未使用",120.715635,22.063306,"屏東縣","車城鄉"
"側撞","2019",8,29,14,"晴","日間自然光線",70,"直路","慢車道","柏油","乾燥","良好","無號誌","中央分向島","快慢車道分隔線","有",35,"未使用",120.715635,22.063306,"屏東縣","車城鄉"
"側撞","2019",8,29,19,"晴","日間自然光線",60,"直路","快車道","柏油","乾燥","良好","無號誌","雙向禁止超車線","未繪設快慢車道分隔線","有",16,"未使用",121.101106,22.773391,"臺東縣","臺東市"
"側撞","2019",8,29,19,"晴","日間自然光線",60,"直路","快車道","柏油","乾燥","良好","無號誌","雙向禁止超車線","未繪設快慢車道分隔線","有",39,"未使用",121.101106,22.773391,"臺東縣","臺東市"
"倒車撞","2019",8,30,4,"晴","夜間(或隧道、地下道、涵洞)有照明",110,"直路","快車道","柏油","乾燥","良好","無號誌","中央分向島","未繪設快慢車道分隔線","有",74,"未使用",120.286214,23.300949,"臺南市","新營區"
"倒車撞","2019",8,30,4,"晴","夜間(或隧道、地下道、涵洞)有照明",110,"直路","快車道","柏油","乾燥","良好","無號誌","中央分向島","未繪設快慢車道分隔線","有",24,"未使用",120.286214,23.300949,"臺南市","新營區"
"其他","2019",8,30,9,"晴","日間自然光線",60,"四岔路","交叉路口內","柏油","乾燥","良好","正常","中央分向島","未繪設快慢車道分隔線","有",19,"不明",120.548231,23.718346,"雲林縣","斗六市"
"其他","2019",8,30,9,"晴","日間自然光線",60,"四岔路","交叉路口內","柏油","乾燥","良好","正常","中央分向島","未繪設快慢車道分隔線","有",43,"不明",120.548231,23.718346,"雲林縣","斗六市"
"對撞","2019",8,30,17,"雨","晨或暮光",50,"彎曲路及附近","一般車道(未劃分快慢車道)","柏油","濕潤","良好","無號誌","雙向禁止超車線","快慢車道分隔線","有",39,"未使用",121.593405,23.84888,"花蓮縣","壽豐鄉"
"對撞","2019",8,30,17,"雨","晨或暮光",50,"彎曲路及附近","一般車道(未劃分快慢車道)","柏油","濕潤","良好","無號誌","雙向禁止超車線","快慢車道分隔線","有",44,"未使用",121.593405,23.84888,"花蓮縣","壽豐鄉"
"對撞","2019",8,30,17,"雨","晨或暮光",50,"彎曲路及附近","一般車道(未劃分快慢車道)","柏油","濕潤","良好","無號誌","雙向禁止超車線","快慢車道分隔線","有",27,"未使用",121.593405,23.84888,"花蓮縣","壽豐鄉"
"側撞","2019",8,30,21,"晴","夜間(或隧道、地下道、涵洞)有照明",70,"四岔路","交叉路口內","柏油","乾燥","良好","正常","中央分向島","快慢車道分隔線","有",42,"未使用",120.509742,22.440377,"屏東縣","林邊鄉"
"側撞","2019",8,30,21,"晴","夜間(或隧道、地下道、涵洞)有照明",70,"四岔路","交叉路口內","柏油","乾燥","良好","正常","中央分向島","快慢車道分隔線","有",23,"未使用",120.509742,22.440377,"屏東縣","林邊鄉"
"撞交通島","2019",8,31,7,"晴","日間自然光線",40,"橋樑","機車優先道","柏油","乾燥","良好","無號誌","中央分向島","未繪設快慢車道分隔線","無",61,"未使用",121.513888,25.007958,"新北市","永和區"
"撞交通島","2019",8,31,12,"晴","日間自然光線",60,"直路","一般車道(未劃分快慢車道)","柏油","乾燥","良好","無號誌","中央分向島","未繪設快慢車道分隔線","有",34,"不明",120.84495,23.817712,"南投縣","水里鄉"
"撞交通島","2019",8,31,12,"晴","日間自然光線",60,"直路","一般車道(未劃分快慢車道)","柏油","乾燥","良好","無號誌","中央分向島","未繪設快慢車道分隔線","有",56,"不明",120.84495,23.817712,"南投縣","水里鄉"
"撞交通島","2019",8,31,12,"晴","日間自然光線",60,"直路","一般車道(未劃分快慢車道)","柏油","乾燥","良好","無號誌","中央分向島","未繪設快慢車道分隔線","有",43,"不明",120.84495,23.817712,"南投縣","水里鄉"
"其他","2019",8,31,12,"晴","日間自然光線",40,"三岔路","交叉路口內","柏油","乾燥","良好","無號誌","雙向禁止超車線","未繪設快慢車道分隔線","有",61,"不明",120.4668,23.82631,"彰化縣","溪州鄉"
"其他","2019",8,31,12,"晴","日間自然光線",40,"三岔路","交叉路口內","柏油","乾燥","良好","無號誌","雙向禁止超車線","未繪設快慢車道分隔線","有",60,"未使用",120.4668,23.82631,"彰化縣","溪州鄉"
"其他","2019",8,31,12,"晴","日間自然光線",40,"三岔路","交叉路口內","柏油","乾燥","良好","無號誌","雙向禁止超車線","未繪設快慢車道分隔線","有",58,"非汽(機)車駕駛人",120.4668,23.82631,"彰化縣","溪州鄉"
"其他","2019",8,31,12,"晴","日間自然光線",40,"三岔路","交叉路口內","柏油","乾燥","良好","無號誌","雙向禁止超車線","未繪設快慢車道分隔線","有",51,"未使用",120.4668,23.82631,"彰化縣","溪州鄉"
"其他","2019",8,31,15,"晴","日間自然光線",70,"多岔路","交叉路口內","柏油","乾燥","良好","正常","中央分向島","窄式快慢車道分隔島(無柵欄)","有",64,"不明",121.486143,25.121782,"臺北市","北投區"
"其他","2019",8,31,15,"晴","日間自然光線",70,"多岔路","交叉路口內","柏油","乾燥","良好","正常","中央分向島","窄式快慢車道分隔島(無柵欄)","有",42,"非汽(機)車駕駛人",121.486143,25.121782,"臺北市","北投區"
"其他","2019",8,31,15,"晴","日間自然光線",70,"多岔路","交叉路口內","柏油","乾燥","良好","正常","中央分向島","窄式快慢車道分隔島(無柵欄)","有",31,"非汽(機)車駕駛人",121.486143,25.121782,"臺北市","北投區"
"其他","2019",8,31,15,"晴","日間自然光線",70,"多岔路","交叉路口內","柏油","乾燥","良好","正常","中央分向島","窄式快慢車道分隔島(無柵欄)","有",32,"不明",121.486143,25.121782,"臺北市","北投區"
"其他","2019",8,31,15,"晴","日間自然光線",70,"多岔路","交叉路口內","柏油","乾燥","良好","正常","中央分向島","窄式快慢車道分隔島(無柵欄)","有",42,"不明",121.486143,25.121782,"臺北市","北投區"
"穿越道路中","2019",9,1,5,"晴","夜間(或隧道、地下道、涵洞)有照明",40,"四岔路","交叉路口內","柏油","乾燥","良好","正常","雙向禁止超車線","未繪設快慢車道分隔線","有",81,"未使用",121.46982,25.036062,"新北市","板橋區"
"穿越道路中","2019",9,1,5,"晴","夜間(或隧道、地下道、涵洞)有照明",40,"四岔路","交叉路口內","柏油","乾燥","良好","正常","雙向禁止超車線","未繪設快慢車道分隔線","有",18,"使用手持或有礙駕駛安全",121.46982,25.036062,"新北市","板橋區"
"側撞","2019",9,1,7,"晴","日間自然光線",50,"多岔路","交叉路口內","柏油","乾燥","良好","正常","無","未繪設快慢車道分隔線","無",68,"未使用",120.594749,24.190683,"臺中市","西屯區"
"側撞","2019",9,1,7,"晴","日間自然光線",50,"多岔路","交叉路口內","柏油","乾燥","良好","正常","無","未繪設快慢車道分隔線","無",23,"未使用",120.594749,24.190683,"臺中市","西屯區"
"追撞","2019",9,1,14,"雨","日間自然光線",70,"三岔路","機車專用道","柏油","濕潤","良好","正常","中央分向島","快慢車道分隔線","有",54,"不明",120.485146,23.715969,"雲林縣","斗南鎮"
"追撞","2019",9,1,14,"雨","日間自然光線",70,"三岔路","機車專用道","柏油","濕潤","良好","正常","中央分向島","快慢車道分隔線","有",59,"不明",120.485146,23.715969,"雲林縣","斗南鎮"
"路上翻車、摔倒","2019",9,2,0,"晴","夜間(或隧道、地下道、涵洞)有照明",35,"彎曲路及附近","慢車道","柏油","乾燥","良好","無號誌","中央分向島","窄式快慢車道分隔島(無柵欄)","無",19,"未使用",120.638753,24.159239,"臺中市","西屯區"
"穿越道路中","2019",9,2,8,"晴","日間自然光線",50,"三岔路","交叉路口內","柏油","乾燥","良好","正常","無","未繪設快慢車道分隔線","無",61,"未使用",120.545791,24.194558,"臺中市","龍井區"
"穿越道路中","2019",9,2,8,"晴","日間自然光線",50,"三岔路","交叉路口內","柏油","乾燥","良好","正常","無","未繪設快慢車道分隔線","無",87,"非汽(機)車駕駛人",120.545791,24.194558,"臺中市","龍井區"
"路上翻車、摔倒","2019",9,2,10,"晴","日間自然光線",110,"直路","快車道","柏油","乾燥","良好","無號誌","中央分向島","未繪設快慢車道分隔線","有",53,"未使用",120.231686,23.165042,"臺南市","麻豆區"
"路上翻車、摔倒","2019",9,2,10,"晴","日間自然光線",110,"直路","快車道","柏油","乾燥","良好","無號誌","中央分向島","未繪設快慢車道分隔線","有",31,"未使用",120.231686,23.165042,"臺南市","麻豆區"
"路上翻車、摔倒","2019",9,2,12,"晴","日間自然光線",30,"坡路","一般車道(未劃分快慢車道)","柏油","乾燥","不良","無號誌","無","未繪設快慢車道分隔線","無",63,"未使用",121.380934,23.105283,"臺東縣","成功鎮"
"側撞","2019",9,2,13,"晴","日間自然光線",50,"四岔路","交叉路口內","柏油","乾燥","不良","正常","無","未繪設快慢車道分隔線","無",69,"未使用",120.537433,22.54668,"屏東縣","潮州鎮"
"側撞","2019",9,2,13,"晴","日間自然光線",50,"四岔路","交叉路口內","柏油","乾燥","不良","正常","無","未繪設快慢車道分隔線","無",36,"未使用",120.537433,22.54668,"屏東縣","潮州鎮"
"側撞","2019",9,2,16,"晴","日間自然光線",50,"四岔路","交叉口附近","柏油","乾燥","良好","正常","雙向禁止超車線","未繪設快慢車道分隔線","有",18,"未使用",121.842028,25.122113,"新北市","瑞芳區"
"側撞","2019",9,2,16,"晴","日間自然光線",50,"四岔路","交叉口附近","柏油","乾燥","良好","正常","雙向禁止超車線","未繪設快慢車道分隔線","有",53,"未使用",121.842028,25.122113,"新北市","瑞芳區"
"側撞","2019",9,2,16,"晴","日間自然光線",50,"四岔路","交叉口附近","柏油","乾燥","良好","正常","雙向禁止超車線","未繪設快慢車道分隔線","有",18,"未使用",121.842028,25.122113,"新北市","瑞芳區"
"側撞","2019",9,2,16,"晴","日間自然光線",50,"四岔路","交叉口附近","柏油","乾燥","良好","正常","雙向禁止超車線","未繪設快慢車道分隔線","有",57,"未使用",121.842028,25.122113,"新北市","瑞芳區"
"其他","2019",9,3,4,"晴","夜間(或隧道、地下道、涵洞)有照明",40,"直路","一般車道(未劃分快慢車道)","柏油","乾燥","良好","無號誌","無","未繪設快慢車道分隔線","無",39,"不明",121.464605,25.07764,"新北市","五股區"
"其他","2019",9,3,4,"晴","夜間(或隧道、地下道、涵洞)有照明",40,"直路","一般車道(未劃分快慢車道)","柏油","乾燥","良好","無號誌","無","未繪設快慢車道分隔線","無",51,"未使用",121.464605,25.07764,"新北市","五股區"
"對向擦撞","2019",9,3,6,"晴","日間自然光線",50,"彎曲路及附近","一般車道(未劃分快慢車道)","柏油","乾燥","良好","無號誌","雙向禁止超車線","未繪設快慢車道分隔線","有",17,"未使用",120.549626,24.157974,"臺中市","大肚區"
"對向擦撞","2019",9,3,6,"晴","日間自然光線",50,"彎曲路及附近","一般車道(未劃分快慢車道)","柏油","乾燥","良好","無號誌","雙向禁止超車線","未繪設快慢車道分隔線","有",67,"未使用",120.549626,24.157974,"臺中市","大肚區"
"撞號誌、標誌桿","2019",9,3,15,"晴","日間自然光線",60,"直路","慢車道","柏油","乾燥","良好","無號誌","雙向禁止超車線","未繪設快慢車道分隔線","有",58,"不明",120.275338,23.359776,"嘉義縣","義竹鄉"
"撞橋樑、建築物","2019",9,3,17,"晴","日間自然光線",40,"橋樑","路肩、路緣","柏油","乾燥","良好","無號誌","雙向禁止超車線","未繪設快慢車道分隔線","有",37,"未使用",121.765023,24.761261,"宜蘭縣","宜蘭市"
"側撞","2019",9,3,20,"陰","夜間(或隧道、地下道、涵洞)有照明",50,"四岔路","交叉路口內","柏油","乾燥","良好","正常","中央分向島","快慢車道分隔線","無",18,"未使用",120.709543,24.200763,"臺中市","潭子區"
"側撞","2019",9,3,20,"陰","夜間(或隧道、地下道、涵洞)有照明",50,"四岔路","交叉路口內","柏油","乾燥","良好","正常","中央分向島","快慢車道分隔線","無",30,"未使用",120.709543,24.200763,"臺中市","潭子區"
"路上翻車、摔倒","2019",9,3,21,"晴","日間自然光線",40,"直路","一般車道(未劃分快慢車道)","柏油","乾燥","良好","無號誌","無","未繪設快慢車道分隔線","有",68,"未使用",120.785292,24.613068,"苗栗縣","後龍鎮"
"路上翻車、摔倒","2019",9,3,21,"晴","日間自然光線",40,"直路","一般車道(未劃分快慢車道)","柏油","乾燥","良好","無號誌","無","未繪設快慢車道分隔線","有",4,"未使用",120.785292,24.613068,"苗栗縣","後龍鎮"
"追撞","2019",9,4,4,"晴","夜間(或隧道、地下道、涵洞)無照明",90,"直路","快車道","柏油","乾燥","良好","無號誌","中央分向島","未繪設快慢車道分隔線","有",50,"未使用",120.235662,23.181732,"臺南市","麻豆區"
"追撞","2019",9,4,4,"晴","夜間(或隧道、地下道、涵洞)無照明",90,"直路","快車道","柏油","乾燥","良好","無號誌","中央分向島","未繪設快慢車道分隔線","有",49,"未使用",120.235662,23.181732,"臺南市","麻豆區"
"追撞","2019",9,4,4,"晴","夜間(或隧道、地下道、涵洞)無照明",90,"直路","快車道","柏油","乾燥","良好","無號誌","中央分向島","未繪設快慢車道分隔線","有",36,"未使用",120.235662,23.181732,"臺南市","麻豆區"
"追撞","2019",9,4,4,"晴","夜間(或隧道、地下道、涵洞)無照明",90,"直路","快車道","柏油","乾燥","良好","無號誌","中央分向島","未繪設快慢車道分隔線","有",57,"未使用",120.235662,23.181732,"臺南市","麻豆區"
"同向通行中","2019",9,4,9,"雨","日間自然光線",70,"直路","快車道","柏油","濕潤","良好","無號誌","中央分向島","快慢車道分隔線","有",94,"不明",120.367037,22.634872,"高雄市","鳳山區"
"同向通行中","2019",9,4,9,"雨","日間自然光線",70,"直路","快車道","柏油","濕潤","良好","無號誌","中央分向島","快慢車道分隔線","有",27,"未使用",120.367037,22.634872,"高雄市","鳳山區"
"側撞","2019",9,4,15,"陰","日間自然光線",40,"三岔路","交叉路口內","柏油","乾燥","良好","無號誌","無","未繪設快慢車道分隔線","無",21,"未使用",120.334852,23.530492,"嘉義縣","新港鄉"
"側撞","2019",9,4,15,"陰","日間自然光線",40,"三岔路","交叉路口內","柏油","乾燥","良好","無號誌","無","未繪設快慢車道分隔線","無",80,"未使用",120.334852,23.530492,"嘉義縣","新港鄉"
"側撞","2019",9,4,15,"陰","日間自然光線",40,"三岔路","交叉路口內","柏油","乾燥","良好","無號誌","無","未繪設快慢車道分隔線","無",16,"非汽(機)車駕駛人",120.334852,23.530492,"嘉義縣","新港鄉"
"側撞","2019",9,4,15,"陰","日間自然光線",40,"三岔路","交叉路口內","柏油","乾燥","良好","無號誌","無","未繪設快慢車道分隔線","無",80,"非汽(機)車駕駛人",120.334852,23.530492,"嘉義縣","新港鄉"
"其他","2019",9,4,15,"雨","日間自然光線",40,"三岔路","交叉口附近","柏油","濕潤","良好","無號誌","無","未繪設快慢車道分隔線","無",63,"未使用",121.293654,23.346772,"花蓮縣","卓溪鄉"
"其他","2019",9,4,15,"雨","日間自然光線",40,"三岔路","交叉口附近","柏油","濕潤","良好","無號誌","無","未繪設快慢車道分隔線","無",81,"非汽(機)車駕駛人",121.293654,23.346772,"花蓮縣","卓溪鄉"
"追撞","2019",9,4,18,"晴","夜間(或隧道、地下道、涵洞)有照明",50,"地下道","一般車道(未劃分快慢車道)","柏油","乾燥","良好","無號誌","行車分向線","未繪設快慢車道分隔線","有",32,"未使用",121.519772,25.03474,"臺北市","中正區"
"追撞","2019",9,4,18,"晴","夜間(或隧道、地下道、涵洞)有照明",50,"地下道","一般車道(未劃分快慢車道)","柏油","乾燥","良好","無號誌","行車分向線","未繪設快慢車道分隔線","有",46,"未使用",121.519772,25.03474,"臺北市","中正區"
"穿越道路中","2019",9,4,18,"陰","夜間(或隧道、地下道、涵洞)有照明",30,"直路","行人穿越道","柏油","乾燥","良好","正常","雙向禁止超車線","未繪設快慢車道分隔線","有",64,"非汽(機)車駕駛人",121.487811,24.951705,"新北市","新店區"
"穿越道路中","2019",9,4,18,"陰","夜間(或隧道、地下道、涵洞)有照明",30,"直路","行人穿越道","柏油","乾燥","良好","正常","雙向禁止超車線","未繪設快慢車道分隔線","有",62,"未使用",121.487811,24.951705,"新北市","新店區"
"路上翻車、摔倒","2019",9,4,18,"雨","夜間(或隧道、地下道、涵洞)有照明",40,"直路","一般車道(未劃分快慢車道)","柏油","濕潤","良好","無號誌","行車分向線","未繪設快慢車道分隔線","有",26,"不明",120.899444,23.835318,"南投縣","魚池鄉"
"側撞","2019",9,5,9,"晴","日間自然光線",40,"四岔路","交叉路口內","柏油","乾燥","良好","無號誌","無","未繪設快慢車道分隔線","無",61,"不明",120.670885,24.19577,"臺中市","北屯區"
"側撞","2019",9,5,9,"晴","日間自然光線",40,"四岔路","交叉路口內","柏油","乾燥","良好","無號誌","無","未繪設快慢車道分隔線","無",35,"不明",120.670885,24.19577,"臺中市","北屯區"
"衝出路外","2019",9,5,11,"晴","日間自然光線",40,"直路","路肩、路緣","柏油","乾燥","良好","無號誌","無","未繪設快慢車道分隔線","有",108,"",120.2063,22.89813,"高雄市","湖內區"
"衝出路外","2019",9,5,11,"晴","日間自然光線",40,"直路","路肩、路緣","柏油","乾燥","良好","無號誌","無","未繪設快慢車道分隔線","有",48,"未使用",120.2063,22.89813,"高雄市","湖內區"
"路上翻車、摔倒","2019",9,5,14,"陰","日間自然光線",50,"三岔路","交叉路口內","柏油","乾燥","良好","無號誌","無","未繪設快慢車道分隔線","無",65,"未使用",120.553159,24.226036,"臺中市","沙鹿區"
"追撞","2019",9,5,20,"晴","日間自然光線",50,"直路","一般車道(未劃分快慢車道)","柏油","乾燥","良好","無號誌","雙向禁止超車線","未繪設快慢車道分隔線","無",32,"未使用",120.23689,23.021865,"臺南市","永康區"
"追撞","2019",9,5,20,"晴","日間自然光線",50,"直路","一般車道(未劃分快慢車道)","柏油","乾燥","良好","無號誌","雙向禁止超車線","未繪設快慢車道分隔線","無",62,"未使用",120.23689,23.021865,"臺南市","永康區"
"追撞","2019",9,5,20,"晴","夜間(或隧道、地下道、涵洞)有照明",40,"直路","路肩、路緣","柏油","乾燥","良好","無號誌","行車分向線","未繪設快慢車道分隔線","有",43,"不明",120.519959,22.681202,"屏東縣","長治鄉"
"追撞","2019",9,5,20,"晴","夜間(或隧道、地下道、涵洞)有照明",40,"直路","路肩、路緣","柏油","乾燥","良好","無號誌","行車分向線","未繪設快慢車道分隔線","有",37,"不明",120.519959,22.681202,"屏東縣","長治鄉"
"側撞","2019",9,6,10,"晴","日間自然光線",50,"四岔路","交叉路口內","柏油","乾燥","良好","正常","無","未繪設快慢車道分隔線","有",79,"未使用",120.425739,23.896924,"彰化縣","二林鎮"
"側撞","2019",9,6,10,"晴","日間自然光線",50,"四岔路","交叉路口內","柏油","乾燥","良好","正常","無","未繪設快慢車道分隔線","有",28,"未使用",120.425739,23.896924,"彰化縣","二林鎮"
"暫停位置不當","2019",9,6,14,"陰","日間自然光線",15,"有遮斷器","其他","其他鋪裝","乾燥","良好","正常","無","未繪設快慢車道分隔線","無",41,"不明",121.591928,23.97443,"花蓮縣","花蓮市"
"暫停位置不當","2019",9,6,14,"陰","日間自然光線",15,"有遮斷器","其他","其他鋪裝","乾燥","良好","正常","無","未繪設快慢車道分隔線","無",54,"不明",121.591928,23.97443,"花蓮縣","花蓮市"
"穿越道路中","2019",9,6,17,"晴","日間自然光線",50,"三岔路","交叉路口內","柏油","乾燥","不良","正常","中央分向島","未繪設快慢車道分隔線","有",47,"未使用",121.037302,24.776996,"新竹縣","竹東鎮"
"穿越道路中","2019",9,6,17,"晴","日間自然光線",50,"三岔路","交叉路口內","柏油","乾燥","不良","正常","中央分向島","未繪設快慢車道分隔線","有",29,"未使用",121.037302,24.776996,"新竹縣","竹東鎮"
"側撞","2019",9,6,17,"晴","日間自然光線",50,"四岔路","交叉路口內","柏油","乾燥","良好","正常","無","未繪設快慢車道分隔線","無",74,"未使用",120.257779,22.938423,"臺南市","仁德區"
"側撞","2019",9,6,17,"晴","日間自然光線",50,"四岔路","交叉路口內","柏油","乾燥","良好","正常","無","未繪設快慢車道分隔線","無",44,"未使用",120.257779,22.938423,"臺南市","仁德區"
"路口交岔撞","2019",9,6,17,"雨","晨或暮光",40,"四岔路","交叉口附近","柏油","濕潤","良好","無號誌","無","未繪設快慢車道分隔線","無",64,"未使用",120.808828,24.21574,"臺中市","新社區"
"路口交岔撞","2019",9,6,17,"雨","晨或暮光",40,"四岔路","交叉口附近","柏油","濕潤","良好","無號誌","無","未繪設快慢車道分隔線","無",75,"未使用",120.808828,24.21574,"臺中市","新社區"
"同向擦撞","2019",9,7,7,"晴","日間自然光線",50,"四岔路","交叉路口內","柏油","乾燥","良好","正常","中央分向島","快慢車道分隔線","無",40,"未使用",121.543828,25.039826,"臺北市","大安區"
"同向擦撞","2019",9,7,7,"晴","日間自然光線",50,"四岔路","交叉路口內","柏油","乾燥","良好","正常","中央分向島","快慢車道分隔線","無",21,"未使用",121.543828,25.039826,"臺北市","大安區"
"同向擦撞","2019",9,7,7,"晴","日間自然光線",50,"四岔路","交叉路口內","柏油","乾燥","良好","正常","中央分向島","快慢車道分隔線","無",32,"未使用",121.543828,25.039826,"臺北市","大安區"
"側撞","2019",9,7,11,"晴","日間自然光線",40,"三岔路","交叉路口內","柏油","乾燥","不良","無號誌","無","未繪設快慢車道分隔線","無",68,"不明",120.696948,24.097894,"臺中市","大里區"
"側撞","2019",9,7,11,"晴","日間自然光線",40,"三岔路","交叉路口內","柏油","乾燥","不良","無號誌","無","未繪設快慢車道分隔線","無",39,"未使用",120.696948,24.097894,"臺中市","大里區"
"側撞","2019",9,7,11,"晴","日間自然光線",40,"三岔路","交叉路口內","柏油","乾燥","不良","無號誌","無","未繪設快慢車道分隔線","無",60,"非汽(機)車駕駛人",120.696948,24.097894,"臺中市","大里區"
"側撞","2019",9,7,15,"晴","日間自然光線",60,"四岔路","交叉路口內","柏油","乾燥","良好","正常","無","未繪設快慢車道分隔線","無",18,"未使用",120.234317,22.99467,"臺南市","東區"
"側撞","2019",9,7,15,"晴","日間自然光線",60,"四岔路","交叉路口內","柏油","乾燥","良好","正常","無","未繪設快慢車道分隔線","無",64,"未使用",120.234317,22.99467,"臺南市","東區"
"對向擦撞","2019",9,7,17,"晴","晨或暮光",50,"彎曲路及附近","一般車道(未劃分快慢車道)","柏油","乾燥","良好","無號誌","雙向禁止超車線","未繪設快慢車道分隔線","有",63,"不明",120.704908,23.829864,"南投縣","名間鄉"
"對向擦撞","2019",9,7,17,"晴","晨或暮光",50,"彎曲路及附近","一般車道(未劃分快慢車道)","柏油","乾燥","良好","無號誌","雙向禁止超車線","未繪設快慢車道分隔線","有",26,"非汽(機)車駕駛人",120.704908,23.829864,"南投縣","名間鄉"
"對向擦撞","2019",9,7,17,"晴","晨或暮光",50,"彎曲路及附近","一般車道(未劃分快慢車道)","柏油","乾燥","良好","無號誌","雙向禁止超車線","未繪設快慢車道分隔線","有",44,"非汽(機)車駕駛人",120.704908,23.829864,"南投縣","名間鄉"
"對向擦撞","2019",9,7,17,"晴","晨或暮光",50,"彎曲路及附近","一般車道(未劃分快慢車道)","柏油","乾燥","良好","無號誌","雙向禁止超車線","未繪設快慢車道分隔線","有",47,"非汽(機)車駕駛人",120.704908,23.829864,"南投縣","名間鄉"
"對向擦撞","2019",9,7,17,"晴","晨或暮光",50,"彎曲路及附近","一般車道(未劃分快慢車道)","柏油","乾燥","良好","無號誌","雙向禁止超車線","未繪設快慢車道分隔線","有",44,"非汽(機)車駕駛人",120.704908,23.829864,"南投縣","名間鄉"
"對向擦撞","2019",9,7,17,"晴","晨或暮光",50,"彎曲路及附近","一般車道(未劃分快慢車道)","柏油","乾燥","良好","無號誌","雙向禁止超車線","未繪設快慢車道分隔線","有",34,"非汽(機)車駕駛人",120.704908,23.829864,"南投縣","名間鄉"
"對向擦撞","2019",9,7,17,"晴","晨或暮光",50,"彎曲路及附近","一般車道(未劃分快慢車道)","柏油","乾燥","良好","無號誌","雙向禁止超車線","未繪設快慢車道分隔線","有",26,"未使用",120.704908,23.829864,"南投縣","名間鄉"
"撞號誌、標誌桿","2019",9,7,17,"晴","晨或暮光",50,"彎曲路及附近","路肩、路緣","柏油","乾燥","良好","無號誌","雙向禁止超車線","未繪設快慢車道分隔線","有",108,"",120.4331,22.88677,"高雄市","內門區"
"撞號誌、標誌桿","2019",9,7,17,"晴","晨或暮光",50,"彎曲路及附近","路肩、路緣","柏油","乾燥","良好","無號誌","雙向禁止超車線","未繪設快慢車道分隔線","有",34,"未使用",120.4331,22.88677,"高雄市","內門區"
"撞號誌、標誌桿","2019",9,7,17,"晴","晨或暮光",50,"彎曲路及附近","路肩、路緣","柏油","乾燥","良好","無號誌","雙向禁止超車線","未繪設快慢車道分隔線","有",27,"未使用",120.4331,22.88677,"高雄市","內門區"
"其他","2019",9,8,2,"陰","夜間(或隧道、地下道、涵洞)有照明",50,"直路","一般車道(未劃分快慢車道)","柏油","乾燥","良好","無號誌","中央分向島","未繪設快慢車道分隔線","無",27,"未使用",120.671832,24.131373,"臺中市","西區"
"其他","2019",9,8,2,"陰","夜間(或隧道、地下道、涵洞)有照明",50,"直路","一般車道(未劃分快慢車道)","柏油","乾燥","良好","無號誌","中央分向島","未繪設快慢車道分隔線","無",32,"未使用",120.671832,24.131373,"臺中市","西區"
"對向擦撞","2019",9,9,8,"晴","日間自然光線",50,"四岔路","交叉口附近","柏油","乾燥","良好","正常","雙向禁止超車線","未繪設快慢車道分隔線","有",41,"未使用",120.680656,24.049747,"臺中市","霧峰區"
"對向擦撞","2019",9,9,8,"晴","日間自然光線",50,"四岔路","交叉口附近","柏油","乾燥","良好","正常","雙向禁止超車線","未繪設快慢車道分隔線","有",26,"未使用",120.680656,24.049747,"臺中市","霧峰區"
"側撞","2019",9,9,9,"晴","日間自然光線",70,"直路","快車道","柏油","乾燥","良好","無號誌","中央分向島","快慢車道分隔線","有",80,"未使用",120.378359,23.392582,"臺南市","後壁區"
"側撞","2019",9,9,9,"晴","日間自然光線",70,"直路","快車道","柏油","乾燥","良好","無號誌","中央分向島","快慢車道分隔線","有",32,"未使用",120.378359,23.392582,"臺南市","後壁區"