"事故類型及型態子類別名稱","發生年度","發生月份","發生日期","發生時間","天候名稱","光線名稱","速限.第1當事者","道路型態子類別名稱","事故位置子類別名稱","路面狀況.路面鋪裝名稱","路面狀況.路面狀態名稱","道路障礙.視距品質名稱","號誌.號誌動作名稱","車道劃分設施.分向設施大類別名稱","車道劃分設施.分道設施.快慢車道間名稱","車道劃分設施.分道設施.路面邊線名稱","當事者事故發生時年齡","行動電話或電腦或其他相類功能裝置名稱","經度","緯度","縣市","鄉鎮"
"其他","2019",9,9,16,"晴","日間自然光線",40,"其他","其他","柏油","乾燥","良好","無號誌","雙向禁止超車線","未繪設快慢車道分隔線","有",52,"未使用",121.009771,24.825088,"新竹縣","竹北市"
"其他","2019",9,9,16,"晴","日間自然光線",40,"其他","其他","柏油","乾燥","良好","無號誌","雙向禁止超車線","未繪設快慢車道分隔線","有",57,"未使用",121.009771,24.825088,"新竹縣","竹北市"
"追撞","2019",9,9,19,"雨","夜間(或隧道、地下道、涵洞)有照明",40,"直路","機車專用道","柏油","濕潤","良好","無號誌","中央分向島","快慢車道分隔線","有",53,"未使用",120.330244,22.580247,"高雄市","前鎮區"
"追撞","2019",9,9,19,"雨","夜間(或隧道、地下道、涵洞)有照明",40,"直路","機車專用道","柏油","濕潤","良好","無號誌","中央分向島","快慢車道分隔線","有",67,"未使用",120.330244,22.580247,"高雄市","前鎮區"
"路口交岔撞","2019",9,9,21,"晴","夜間(或隧道、地下道、涵洞)有照明",50,"直路","一般車道(未劃分快慢車道)","柏油","乾燥","良好","無號誌","行車分向線","未繪設快慢車道分隔線","有",83,"不明",120.339486,23.892866,"彰化縣","芳苑鄉"
"路口交岔撞","2019",9,9,21,"晴","夜間(或隧道、地下道、涵洞)有照明",50,"直路","一般車道(未劃分快慢車道)","柏油","乾燥","良好","無號誌","行車分向線","未繪設快慢車道分隔線","有",23,"未使用",120.339486,23.892866,"彰化縣","芳苑鄉"
"撞路樹、電桿","2019",9,9,23,"晴","夜間(或隧道、地下道、涵洞)有照明",60,"直路","路肩、路緣","柏油","乾燥","良好","無號誌","中央分向島","快慢車道分隔線","有",37,"未使用",121.090196,24.888747,"新竹縣","湖口鄉"
"撞路樹、電桿","2019",9,9,23,"晴","夜間(或隧道、地下道、涵洞)有照明",60,"直路","路肩、路緣","柏油","乾燥","良好","無號誌","中央分向島","快慢車道分隔線","有",43,"未使用",121.090196,24.888747,"新竹縣","湖口鄉"
"路口交岔撞","2019",9,11,7,"晴","日間自然光線",50,"四岔路","交叉路口內","柏油","乾燥","良好","正常","無","未繪設快慢車道分隔線","有",21,"未使用",120.719263,23.978962,"南投縣","草屯鎮"
"路口交岔撞","2019",9,11,7,"晴","日間自然光線",50,"四岔路","交叉路口內","柏油","乾燥","良好","正常","無","未繪設快慢車道分隔線","有",63,"未使用",120.719263,23.978962,"南投縣","草屯鎮"
"路口交岔撞","2019",9,11,11,"晴","日間自然光線",50,"四岔路","交叉路口內","柏油","乾燥","良好","正常","中央分向島","未繪設快慢車道分隔線","有",79,"未使用",120.548781,23.972559,"彰化縣","員林市"
"路口交岔撞","2019",9,11,11,"晴","日間自然光線",50,"四岔路","交叉路口內","柏油","乾燥","良好","正常","中央分向島","未繪設快慢車道分隔線","有",29,"未使用",120.548781,23.972559,"彰化縣","員林市"
"穿越道路中","2019",9,11,12,"晴","日間自然光線",50,"三岔路","交叉口附近","柏油","乾燥","良好","正常","中央分向島","未繪設快慢車道分隔線","無",66,"非汽(機)車駕駛人",121.544317,24.98119,"新北市","新店區"
"穿越道路中","2019",9,11,12,"晴","日間自然光線",50,"三岔路","交叉口附近","柏油","乾燥","良好","正常","中央分向島","未繪設快慢車道分隔線","無",21,"未使用",121.544317,24.98119,"新北市","新店區"
"追撞","2019",9,11,15,"晴","日間自然光線",50,"直路","一般車道(未劃分快慢車道)","柏油","乾燥","良好","無號誌","中央分向島","快慢車道分隔線","無",26,"不明",121.458371,25.075385,"新北市","五股區"
"追撞","2019",9,11,15,"晴","日間自然光線",50,"直路","一般車道(未劃分快慢車道)","柏油","乾燥","良好","無號誌","中央分向島","快慢車道分隔線","無",61,"未使用",121.458371,25.075385,"新北市","五股區"
"側撞","2019",9,11,15,"晴","日間自然光線",50,"三岔路","交叉路口內","柏油","乾燥","良好","無號誌","雙向禁止超車線","未繪設快慢車道分隔線","有",71,"未使用",120.643975,24.037702,"臺中市","烏日區"
"側撞","2019",9,11,15,"晴","日間自然光線",50,"三岔路","交叉路口內","柏油","乾燥","良好","無號誌","雙向禁止超車線","未繪設快慢車道分隔線","有",29,"不明",120.643975,24.037702,"臺中市","烏日區"
"其他","2019",9,12,9,"晴","日間自然光線",70,"直路","迴轉道","柏油","乾燥","良好","無號誌","無","快慢車道分隔線","有",73,"不明",120.338428,23.1746,"臺南市","官田區"
"其他","2019",9,12,9,"晴","日間自然光線",70,"直路","迴轉道","柏油","乾燥","良好","無號誌","無","快慢車道分隔線","有",75,"非汽(機)車駕駛人",120.338428,23.1746,"臺南市","官田區"
"其他","2019",9,12,9,"晴","日間自然光線",70,"直路","迴轉道","柏油","乾燥","良好","無號誌","無","快慢車道分隔線","有",68,"未使用",120.338428,23.1746,"臺南市","官田區"
"其他","2019",9,12,9,"晴","日間自然光線",70,"直路","迴轉道","柏油","乾燥","良好","無號誌","無","快慢車道分隔線","有",36,"非汽(機)車駕駛人",120.338428,23.1746,"臺南市","官田區"
"路口交岔撞","2019",9,12,9,"晴","日間自然光線",50,"四岔路","交叉路口內","柏油","乾燥","良好","正常","無","未繪設快慢車道分隔線","無",38,"未使用",120.104857,23.236658,"臺南市","北門區"
"路口交岔撞","2019",9,12,9,"晴","日間自然光線",50,"四岔路","交叉路口內","柏油","乾燥","良好","正常","無","未繪設快慢車道分隔線","無",37,"未使用",120.104857,23.236658,"臺南市","北門區"
"撞號誌、標誌桿","2019",9,12,12,"晴","日間自然光線",50,"橋樑","機車專用道","柏油","乾燥","良好","無號誌","無","未繪設快慢車道分隔線","無",66,"未使用",121.482941,25.050892,"新北市","三重區"
"其他","2019",9,12,22,"晴","夜間(或隧道、地下道、涵洞)有照明",50,"直路","一般車道(未劃分快慢車道)","柏油","乾燥","良好","無號誌","行車分向線","未繪設快慢車道分隔線","有",31,"未使用",121.364574,25.048768,"桃園市","龜山區"
"同向擦撞","2019",9,12,23,"晴","夜間(或隧道、地下道、涵洞)有照明",40,"直路","慢車道","柏油","乾燥","良好","無號誌","雙向禁止超車線","寛式快慢車道分隔島(50公分以上)","無",39,"不明",120.300663,22.717566,"高雄市","楠梓區"
"同向擦撞","2019",9,12,23,"晴","夜間(或隧道、地下道、涵洞)有照明",40,"直路","慢車道","柏油","乾燥","良好","無號誌","雙向禁止超車線","寛式快慢車道分隔島(50公分以上)","無",63,"未使用",120.300663,22.717566,"高雄市","楠梓區"
"其他","2019",9,13,6,"晴","日間自然光線",50,"直路","路肩、路緣","柏油","乾燥","良好","無號誌","中央分向島","快慢車道分隔線","有",84,"未使用",121.147893,25.052567,"桃園市","觀音區"
"其他","2019",9,13,6,"晴","日間自然光線",50,"直路","路肩、路緣","柏油","乾燥","良好","無號誌","中央分向島","快慢車道分隔線","有",52,"非汽(機)車駕駛人",121.147893,25.052567,"桃園市","觀音區"
"撞路樹、電桿","2019",9,13,6,"晴","日間自然光線",50,"彎曲路及附近","一般車道(未劃分快慢車道)","柏油","乾燥","良好","無號誌","雙向禁止超車線","未繪設快慢車道分隔線","有",62,"不明",121.415234,25.15908,"新北市","八里區"
"追撞","2019",9,13,7,"晴","日間自然光線",60,"直路","一般車道(未劃分快慢車道)","柏油","乾燥","良好","無號誌","中央分向島","未繪設快慢車道分隔線","有",25,"未使用",120.499508,24.033876,"彰化縣","秀水鄉"
"追撞","2019",9,13,7,"晴","日間自然光線",60,"直路","一般車道(未劃分快慢車道)","柏油","乾燥","良好","無號誌","中央分向島","未繪設快慢車道分隔線","有",68,"未使用",120.499508,24.033876,"彰化縣","秀水鄉"
"追撞","2019",9,13,7,"晴","日間自然光線",60,"直路","一般車道(未劃分快慢車道)","柏油","乾燥","良好","無號誌","中央分向島","未繪設快慢車道分隔線","有",40,"未使用",120.499508,24.033876,"彰化縣","秀水鄉"
"追撞","2019",9,13,7,"晴","日間自然光線",60,"直路","一般車道(未劃分快慢車道)","柏油","乾燥","良好","無號誌","中央分向島","未繪設快慢車道分隔線","有",62,"未使用",120.499508,24.033876,"彰化縣","秀水鄉"
"追撞","2019",9,13,7,"晴","日間自然光線",60,"直路","一般車道(未劃分快慢車道)","柏油","乾燥","良好","無號誌","中央分向島","未繪設快慢車道分隔線","有",65,"非汽(機)車駕駛人",120.499508,24.033876,"彰化縣","秀水鄉"
"追撞","2019",9,13,7,"晴","日間自然光線",60,"直路","一般車道(未劃分快慢車道)","柏油","乾燥","良好","無號誌","中央分向島","未繪設快慢車道分隔線","有",29,"未使用",120.499508,24.033876,"彰化縣","秀水鄉"
"追撞","2019",9,13,9,"晴","日間自然光線",50,"三岔路","交叉口附近","柏油","乾燥","良好","無號誌","中央分向島","未繪設快慢車道分隔線","有",30,"未使用",121.507443,25.082437,"臺北市","士林區"
"追撞","2019",9,13,9,"晴","日間自然光線",50,"三岔路","交叉口附近","柏油","乾燥","良好","無號誌","中央分向島","未繪設快慢車道分隔線","有",2,"未使用",121.507443,25.082437,"臺北市","士林區"
"追撞","2019",9,13,9,"晴","日間自然光線",50,"三岔路","交叉口附近","柏油","乾燥","良好","無號誌","中央分向島","未繪設快慢車道分隔線","有",31,"未使用",121.507443,25.082437,"臺北市","士林區"
"追撞","2019",9,13,9,"晴","日間自然光線",50,"三岔路","交叉口附近","柏油","乾燥","良好","無號誌","中央分向島","未繪設快慢車道分隔線","有",1,"未使用",121.507443,25.082437,"臺北市","士林區"
"追撞","2019",9,13,9,"晴","日間自然光線",50,"三岔路","交叉口附近","柏油","乾燥","良好","無號誌","中央分向島","未繪設快慢車道分隔線","有",54,"未使用",121.507443,25.082437,"臺北市","士林區"
"追撞","2019",9,13,9,"晴","日間自然光線",50,"三岔路","交叉口附近","柏油","乾燥","良好","無號誌","中央分向島","未繪設快慢車道分隔線","有",55,"未使用",121.507443,25.082437,"臺北市","士林區"
"同向擦撞","2019",9,13,10,"晴","日間自然光線",60,"直路","一般車道(未劃分快慢車道)","柏油","乾燥","良好","無號誌","行車分向線","未繪設快慢車道分隔線","有",59,"不明",120.41402,23.75013,"雲林縣","二崙鄉"
"同向擦撞","2019",9,13,10,"晴","日間自然光線",60,"直路","一般車道(未劃分快慢車道)","柏油","乾燥","良好","無號誌","行車分向線","未繪設快慢車道分隔線","有",67,"不明",120.41402,23.75013,"雲林縣","二崙鄉"
"撞路樹、電桿","2019",9,13,23,"晴","夜間(或隧道、地下道、涵洞)有照明",70,"直路","路肩、路緣","柏油","乾燥","良好","無號誌","中央分向島","窄式快慢車道分隔島(無柵欄)","有",68,"未使用",120.848494,24.01158,"南投縣","國姓鄉"
"側撞","2019",9,14,0,"晴","夜間(或隧道、地下道、涵洞)有照明",50,"多岔路","交叉路口內","柏油","乾燥","良好","正常","雙向禁止超車線","未繪設快慢車道分隔線","有",54,"未使用",120.540244,24.083317,"彰化縣","彰化市"
"側撞","2019",9,14,0,"晴","夜間(或隧道、地下道、涵洞)有照明",50,"多岔路","交叉路口內","柏油","乾燥","良好","正常","雙向禁止超車線","未繪設快慢車道分隔線","有",29,"未使用",120.540244,24.083317,"彰化縣","彰化市"
"側撞","2019",9,14,3,"晴","夜間(或隧道、地下道、涵洞)有照明",50,"四岔路","交叉路口內","柏油","乾燥","良好","正常","無","未繪設快慢車道分隔線","無",65,"未使用",120.429939,23.491744,"嘉義市","西區"
"側撞","2019",9,14,3,"晴","夜間(或隧道、地下道、涵洞)有照明",50,"四岔路","交叉路口內","柏油","乾燥","良好","正常","無","未繪設快慢車道分隔線","無",36,"未使用",120.429939,23.491744,"嘉義市","西區"
"撞交通島","2019",9,14,3,"晴","夜間(或隧道、地下道、涵洞)有照明",60,"直路","快車道","柏油","乾燥","良好","無號誌","中央分向島","快慢車道分隔線","有",32,"不明",120.696282,23.851194,"南投縣","名間鄉"
"撞路樹、電桿","2019",9,14,8,"晴","日間自然光線",50,"直路","路肩、路緣","柏油","乾燥","良好","無號誌","雙向禁止超車線","未繪設快慢車道分隔線","有",65,"未使用",121.147924,24.96383,"桃園市","新屋區"
"側撞","2019",9,14,12,"晴","日間自然光線",50,"四岔路","交叉口附近","柏油","乾燥","良好","正常","雙向禁止超車線","快慢車道分隔線","有",71,"未使用",120.461029,24.072948,"彰化縣","鹿港鎮"
"側撞","2019",9,14,12,"晴","日間自然光線",50,"四岔路","交叉口附近","柏油","乾燥","良好","正常","雙向禁止超車線","快慢車道分隔線","有",29,"未使用",120.461029,24.072948,"彰化縣","鹿港鎮"
"路口交岔撞","2019",9,14,16,"晴","日間自然光線",50,"三岔路","交叉路口內","柏油","乾燥","良好","正常","無","未繪設快慢車道分隔線","無",81,"未使用",120.301828,22.688958,"高雄市","左營區"
"路口交岔撞","2019",9,14,16,"晴","日間自然光線",50,"三岔路","交叉路口內","柏油","乾燥","良好","正常","無","未繪設快慢車道分隔線","無",29,"未使用",120.301828,22.688958,"高雄市","左營區"
"路口交岔撞","2019",9,14,17,"晴","日間自然光線",50,"四岔路","交叉路口內","柏油","乾燥","良好","正常","無","未繪設快慢車道分隔線","無",20,"未使用",120.182312,22.988522,"臺南市","安平區"
"路口交岔撞","2019",9,14,17,"晴","日間自然光線",50,"四岔路","交叉路口內","柏油","乾燥","良好","正常","無","未繪設快慢車道分隔線","無",22,"未使用",120.182312,22.988522,"臺南市","安平區"
"路口交岔撞","2019",9,14,17,"晴","日間自然光線",50,"四岔路","交叉路口內","柏油","乾燥","良好","正常","無","未繪設快慢車道分隔線","無",43,"未使用",120.182312,22.988522,"臺南市","安平區"
"對撞","2019",9,14,17,"晴","日間自然光線",50,"直路","一般車道(未劃分快慢車道)","柏油","乾燥","良好","無號誌","無","未繪設快慢車道分隔線","有",43,"未使用",120.85888,23.95257,"南投縣","國姓鄉"
"對撞","2019",9,14,17,"晴","日間自然光線",50,"直路","一般車道(未劃分快慢車道)","柏油","乾燥","良好","無號誌","無","未繪設快慢車道分隔線","有",39,"未使用",120.85888,23.95257,"南投縣","國姓鄉"
"對撞","2019",9,14,18,"晴","夜間(或隧道、地下道、涵洞)有照明",50,"直路","快車道","柏油","乾燥","良好","無號誌","無","快慢車道分隔線","有",50,"不明",120.168429,23.105516,"臺南市","七股區"
"對撞","2019",9,14,18,"晴","夜間(或隧道、地下道、涵洞)有照明",50,"直路","快車道","柏油","乾燥","良好","無號誌","無","快慢車道分隔線","有",27,"未使用",120.168429,23.105516,"臺南市","七股區"
"對撞","2019",9,14,18,"晴","夜間(或隧道、地下道、涵洞)有照明",50,"直路","快車道","柏油","乾燥","良好","無號誌","無","快慢車道分隔線","有",30,"未使用",120.168429,23.105516,"臺南市","七股區"
"撞路樹、電桿","2019",9,14,22,"晴","日間自然光線",40,"直路","一般車道(未劃分快慢車道)","柏油","乾燥","良好","無號誌","無","未繪設快慢車道分隔線","有",50,"未使用",120.492955,23.958233,"彰化縣","溪湖鎮"
"衝出路外","2019",9,15,2,"晴","夜間(或隧道、地下道、涵洞)有照明",50,"直路","一般車道(未劃分快慢車道)","柏油","乾燥","良好","無號誌","雙向禁止超車線","未繪設快慢車道分隔線","有",20,"未使用",120.600533,22.7172,"屏東縣","鹽埔鄉"
"路口交岔撞","2019",9,15,3,"晴","夜間(或隧道、地下道、涵洞)有照明",50,"多岔路","交叉路口內","柏油","乾燥","良好","正常","無","未繪設快慢車道分隔線","無",34,"未使用",120.720063,24.240268,"臺中市","豐原區"
"路口交岔撞","2019",9,15,3,"晴","夜間(或隧道、地下道、涵洞)有照明",50,"多岔路","交叉路口內","柏油","乾燥","良好","正常","無","未繪設快慢車道分隔線","無",36,"未使用",120.720063,24.240268,"臺中市","豐原區"
"路口交岔撞","2019",9,15,4,"晴","夜間(或隧道、地下道、涵洞)有照明",50,"四岔路","交叉路口內","柏油","乾燥","良好","正常","無","未繪設快慢車道分隔線","無",29,"不明",120.326671,23.513948,"嘉義縣","新港鄉"
"路口交岔撞","2019",9,15,4,"晴","夜間(或隧道、地下道、涵洞)有照明",50,"四岔路","交叉路口內","柏油","乾燥","良好","正常","無","未繪設快慢車道分隔線","無",29,"不明",120.326671,23.513948,"嘉義縣","新港鄉"
"路口交岔撞","2019",9,15,4,"晴","夜間(或隧道、地下道、涵洞)有照明",50,"四岔路","交叉路口內","柏油","乾燥","良好","正常","無","未繪設快慢車道分隔線","無",47,"未使用",120.326671,23.513948,"嘉義縣","新港鄉"
"側撞","2019",9,15,5,"晴","晨或暮光",70,"直路","一般車道(未劃分快慢車道)","柏油","乾燥","良好","無號誌","雙向禁止超車線","快慢車道分隔線","有",75,"非汽(機)車駕駛人",120.443703,24.082436,"彰化縣","鹿港鎮"
"側撞","2019",9,15,5,"晴","晨或暮光",70,"直路","一般車道(未劃分快慢車道)","柏油","乾燥","良好","無號誌","雙向禁止超車線","快慢車道分隔線","有",24,"未使用",120.443703,24.082436,"彰化縣","鹿港鎮"
"路上翻車、摔倒","2019",9,15,7,"晴","日間自然光線",50,"直路","一般車道(未劃分快慢車道)","柏油","乾燥","良好","無號誌","行車分向線","未繪設快慢車道分隔線","有",21,"未使用",120.558603,22.739866,"屏東縣","鹽埔鄉"
"路上翻車、摔倒","2019",9,15,7,"晴","日間自然光線",50,"直路","一般車道(未劃分快慢車道)","柏油","乾燥","良好","無號誌","行車分向線","未繪設快慢車道分隔線","有",44,"未使用",120.558603,22.739866,"屏東縣","鹽埔鄉"
"側撞","2019",9,15,8,"晴","日間自然光線",70,"多岔路","交叉路口內","柏油","乾燥","良好","正常","中央分向島","快慢車道分隔線","有",81,"未使用",120.710998,22.071102,"屏東縣","車城鄉"
"側撞","2019",9,15,8,"晴","日間自然光線",70,"多岔路","交叉路口內","柏油","乾燥","良好","正常","中央分向島","快慢車道分隔線","有",28,"未使用",120.710998,22.071102,"屏東縣","車城鄉"
"其他","2019",9,15,11,"晴","日間自然光線",50,"彎曲路及附近","路肩、路緣","柏油","乾燥","良好","無號誌","行車分向線","未繪設快慢車道分隔線","有",108,"",120.281141,22.796031,"高雄市","岡山區"
"其他","2019",9,15,11,"晴","日間自然光線",50,"彎曲路及附近","路肩、路緣","柏油","乾燥","良好","無號誌","行車分向線","未繪設快慢車道分隔線","有",31,"未使用",120.281141,22.796031,"高雄市","岡山區"
"其他","2019",9,15,11,"晴","日間自然光線",50,"彎曲路及附近","路肩、路緣","柏油","乾燥","良好","無號誌","行車分向線","未繪設快慢車道分隔線","有",2,"非汽(機)車駕駛人",120.281141,22.796031,"高雄市","岡山區"
"路口交岔撞","2019",9,15,13,"晴","日間自然光線",70,"四岔路","交叉路口內","柏油","乾燥","良好","正常","中央分向島","未繪設快慢車道分隔線","無",79,"未使用",120.53619,22.640075,"屏東縣","竹田鄉"
"路口交岔撞","2019",9,15,13,"晴","日間自然光線",70,"四岔路","交叉路口內","柏油","乾燥","良好","正常","中央分向島","未繪設快慢車道分隔線","無",35,"非汽(機)車駕駛人",120.53619,22.640075,"屏東縣","竹田鄉"
"路口交岔撞","2019",9,15,13,"晴","日間自然光線",70,"四岔路","交叉路口內","柏油","乾燥","良好","正常","中央分向島","未繪設快慢車道分隔線","無",52,"非汽(機)車駕駛人",120.53619,22.640075,"屏東縣","竹田鄉"
"路口交岔撞","2019",9,15,13,"晴","日間自然光線",70,"四岔路","交叉路口內","柏油","乾燥","良好","正常","中央分向島","未繪設快慢車道分隔線","無",35,"非汽(機)車駕駛人",120.53619,22.640075,"屏東縣","竹田鄉"
"路口交岔撞","2019",9,15,13,"晴","日間自然光線",70,"四岔路","交叉路口內","柏油","乾燥","良好","正常","中央分向島","未繪設快慢車道分隔線","無",22,"未使用",120.53619,22.640075,"屏東縣","竹田鄉"
"路口交岔撞","2019",9,15,13,"晴","日間自然光線",70,"四岔路","交叉路口內","柏油","乾燥","良好","正常","中央分向島","未繪設快慢車道分隔線","無",65,"非汽(機)車駕駛人",120.53619,22.640075,"屏東縣","竹田鄉"
"對向擦撞","2019",9,15,19,"晴","夜間(或隧道、地下道、涵洞)有照明",50,"四岔路","交叉路口內","柏油","乾燥","良好","正常","雙向禁止超車線","未繪設快慢車道分隔線","有",17,"未使用",120.720418,24.322015,"臺中市","后里區"
"對向擦撞","2019",9,15,19,"晴","夜間(或隧道、地下道、涵洞)有照明",50,"四岔路","交叉路口內","柏油","乾燥","良好","正常","雙向禁止超車線","未繪設快慢車道分隔線","有",30,"未使用",120.720418,24.322015,"臺中市","后里區"
"對撞","2019",9,15,22,"晴","夜間(或隧道、地下道、涵洞)無照明",40,"彎曲路及附近","一般車道(未劃分快慢車道)","柏油","乾燥","良好","無號誌","雙向禁止超車線","未繪設快慢車道分隔線","有",37,"未使用",120.97335,22.550524,"臺東縣","太麻里鄉"
"對撞","2019",9,15,22,"晴","夜間(或隧道、地下道、涵洞)無照明",40,"彎曲路及附近","一般車道(未劃分快慢車道)","柏油","乾燥","良好","無號誌","雙向禁止超車線","未繪設快慢車道分隔線","有",43,"非汽(機)車駕駛人",120.97335,22.550524,"臺東縣","太麻里鄉"
"對撞","2019",9,15,22,"晴","夜間(或隧道、地下道、涵洞)無照明",40,"彎曲路及附近","一般車道(未劃分快慢車道)","柏油","乾燥","良好","無號誌","雙向禁止超車線","未繪設快慢車道分隔線","有",37,"未使用",120.97335,22.550524,"臺東縣","太麻里鄉"
"其他","2019",9,16,3,"晴","夜間(或隧道、地下道、涵洞)有照明",50,"直路","一般車道(未劃分快慢車道)","柏油","乾燥","良好","無號誌","行車分向線","未繪設快慢車道分隔線","有",45,"不明",121.368857,24.916624,"新北市","三峽區"
"其他","2019",9,16,3,"晴","夜間(或隧道、地下道、涵洞)有照明",50,"直路","一般車道(未劃分快慢車道)","柏油","乾燥","良好","無號誌","行車分向線","未繪設快慢車道分隔線","有",45,"非汽(機)車駕駛人",121.368857,24.916624,"新北市","三峽區"
"穿越道路中","2019",9,16,4,"晴","夜間(或隧道、地下道、涵洞)有照明",50,"三岔路","行人穿越道","柏油","乾燥","良好","正常","無","未繪設快慢車道分隔線","無",56,"非汽(機)車駕駛人",121.183084,24.95912,"桃園市","平鎮區"
"穿越道路中","2019",9,16,4,"晴","夜間(或隧道、地下道、涵洞)有照明",50,"三岔路","行人穿越道","柏油","乾燥","良好","正常","無","未繪設快慢車道分隔線","無",72,"未使用",121.183084,24.95912,"桃園市","平鎮區"
"路口交岔撞","2019",9,16,14,"晴","日間自然光線",50,"四岔路","交叉路口內","柏油","乾燥","不良","無號誌","無","未繪設快慢車道分隔線","無",69,"未使用",121.126436,22.788973,"臺東縣","臺東市"
"路口交岔撞","2019",9,16,14,"晴","日間自然光線",50,"四岔路","交叉路口內","柏油","乾燥","不良","無號誌","無","未繪設快慢車道分隔線","無",69,"未使用",121.126436,22.788973,"臺東縣","臺東市"
"對撞","2019",9,16,16,"晴","日間自然光線",70,"四岔路","快車道","柏油","乾燥","良好","正常","中央分向島","快慢車道分隔線","有",76,"未使用",120.484442,23.849664,"彰化縣","溪州鄉"
"對撞","2019",9,16,16,"晴","日間自然光線",70,"四岔路","快車道","柏油","乾燥","良好","正常","中央分向島","快慢車道分隔線","有",56,"未使用",120.484442,23.849664,"彰化縣","溪州鄉"
"穿越道路中","2019",9,16,23,"晴","夜間(或隧道、地下道、涵洞)無照明",50,"直路","快車道","柏油","乾燥","良好","無號誌","雙向禁止超車線","未繪設快慢車道分隔線","無",29,"不明",120.65129,24.146698,"臺中市","西區"
"穿越道路中","2019",9,16,23,"晴","夜間(或隧道、地下道、涵洞)無照明",50,"直路","快車道","柏油","乾燥","良好","無號誌","雙向禁止超車線","未繪設快慢車道分隔線","無",75,"非汽(機)車駕駛人",120.65129,24.146698,"臺中市","西區"
"穿越道路中","2019",9,17,4,"晴","夜間(或隧道、地下道、涵洞)有照明",50,"四岔路","交叉路口內","柏油","乾燥","良好","正常","無","未繪設快慢車道分隔線","無",56,"未使用",120.449936,23.476252,"嘉義市","西區"
"穿越道路中","2019",9,17,4,"晴","夜間(或隧道、地下道、涵洞)有照明",50,"四岔路","交叉路口內","柏油","乾燥","良好","正常","無","未繪設快慢車道分隔線","無",88,"非汽(機)車駕駛人",120.449936,23.476252,"嘉義市","西區"
"其他","2019",9,17,4,"晴","夜間(或隧道、地下道、涵洞)有照明",50,"直路","一般車道(未劃分快慢車道)","柏油","乾燥","良好","無號誌","中央分向島","未繪設快慢車道分隔線","無",38,"不明",121.280692,25.05606,"桃園市","蘆竹區"
"其他","2019",9,17,4,"晴","夜間(或隧道、地下道、涵洞)有照明",50,"直路","一般車道(未劃分快慢車道)","柏油","乾燥","良好","無號誌","中央分向島","未繪設快慢車道分隔線","無",45,"未使用",121.280692,25.05606,"桃園市","蘆竹區"
"同向擦撞","2019",9,17,7,"陰","日間自然光線",50,"彎曲路及附近","一般車道(未劃分快慢車道)","柏油","乾燥","良好","無號誌","雙向禁止超車線","未繪設快慢車道分隔線","有",16,"未使用",121.15544,24.941517,"桃園市","楊梅區"
"同向擦撞","2019",9,17,7,"陰","日間自然光線",50,"彎曲路及附近","一般車道(未劃分快慢車道)","柏油","乾燥","良好","無號誌","雙向禁止超車線","未繪設快慢車道分隔線","有",30,"未使用",121.15544,24.941517,"桃園市","楊梅區"
"側撞","2019",9,17,11,"晴","日間自然光線",50,"多岔路","交叉路口內","柏油","乾燥","良好","正常","無","未繪設快慢車道分隔線","無",49,"未使用",120.722341,24.112783,"臺中市","太平區"
"側撞","2019",9,17,11,"晴","日間自然光線",50,"多岔路","交叉路口內","柏油","乾燥","良好","正常","無","未繪設快慢車道分隔線","無",35,"未使用",120.722341,24.112783,"臺中市","太平區"
"追撞","2019",9,17,13,"晴","日間自然光線",60,"直路","一般車道(未劃分快慢車道)","柏油","乾燥","良好","正常","中央分向島","未繪設快慢車道分隔線","無",76,"未使用",120.712576,24.164648,"臺中市","北屯區"
"追撞","2019",9,17,13,"晴","日間自然光線",60,"直路","一般車道(未劃分快慢車道)","柏油","乾燥","良好","正常","中央分向島","未繪設快慢車道分隔線","無",61,"未使用",120.712576,24.164648,"臺中市","北屯區"
"對向擦撞","2019",9,17,22,"晴","夜間(或隧道、地下道、涵洞)有照明",100,"直路","其他","柏油","乾燥","良好","無號誌","中央分向島","未繪設快慢車道分隔線","有",28,"不明",120.479524,23.656666,"雲林縣","斗南鎮"
"對向擦撞","2019",9,17,22,"晴","夜間(或隧道、地下道、涵洞)有照明",100,"直路","其他","柏油","乾燥","良好","無號誌","中央分向島","未繪設快慢車道分隔線","有",36,"不明",120.479524,23.656666,"雲林縣","斗南鎮"
"對向擦撞","2019",9,17,22,"晴","夜間(或隧道、地下道、涵洞)有照明",100,"直路","其他","柏油","乾燥","良好","無號誌","中央分向島","未繪設快慢車道分隔線","有",74,"非汽(機)車駕駛人",120.479524,23.656666,"雲林縣","斗南鎮"
"穿越道路中","2019",9,18,5,"晴","夜間(或隧道、地下道、涵洞)有照明",50,"直路","快車道","柏油","乾燥","良好","無號誌","中央分向島","快慢車道分隔線","無",59,"未使用",120.299545,22.622573,"高雄市","前金區"
"穿越道路中","2019",9,18,5,"晴","夜間(或隧道、地下道、涵洞)有照明",50,"直路","快車道","柏油","乾燥","良好","無號誌","中央分向島","快慢車道分隔線","無",73,"非汽(機)車駕駛人",120.299545,22.622573,"高雄市","前金區"