"事故類型及型態子類別名稱","發生年度","發生月份","發生日期","發生時間","天候名稱","光線名稱","速限.第1當事者","道路型態子類別名稱","事故位置子類別名稱","路面狀況.路面鋪裝名稱","路面狀況.路面狀態名稱","道路障礙.視距品質名稱","號誌.號誌動作名稱","車道劃分設施.分向設施大類別名稱","車道劃分設施.分道設施.快慢車道間名稱","車道劃分設施.分道設施.路面邊線名稱","當事者事故發生時年齡","行動電話或電腦或其他相類功能裝置名稱","經度","緯度","縣市","鄉鎮"
"側撞","2019",9,18,7,"晴","日間自然光線",40,"四岔路","交叉路口內","柏油","乾燥","良好","正常","中央分向島","快慢車道分隔線","無",34,"未使用",120.33206,22.721246,"高雄市","楠梓區"
"側撞","2019",9,18,7,"晴","日間自然光線",40,"四岔路","交叉路口內","柏油","乾燥","良好","正常","中央分向島","快慢車道分隔線","無",69,"未使用",120.33206,22.721246,"高雄市","楠梓區"
"其他","2019",9,18,16,"晴","日間自然光線",60,"三岔路","交叉口附近","柏油","乾燥","良好","無號誌","中央分向島","快慢車道分隔線","有",52,"",120.701698,24.196042,"臺中市","潭子區"
"其他","2019",9,18,16,"晴","日間自然光線",60,"三岔路","交叉口附近","柏油","乾燥","良好","無號誌","中央分向島","快慢車道分隔線","有",70,"不明",120.701698,24.196042,"臺中市","潭子區"
"其他","2019",9,18,16,"晴","日間自然光線",60,"三岔路","交叉口附近","柏油","乾燥","良好","無號誌","中央分向島","快慢車道分隔線","有",47,"不明",120.701698,24.196042,"臺中市","潭子區"
"其他","2019",9,18,16,"晴","日間自然光線",60,"三岔路","交叉口附近","柏油","乾燥","良好","無號誌","中央分向島","快慢車道分隔線","有",37,"不明",120.701698,24.196042,"臺中市","潭子區"
"其他","2019",9,18,16,"晴","日間自然光線",60,"三岔路","交叉口附近","柏油","乾燥","良好","無號誌","中央分向島","快慢車道分隔線","有",37,"不明",120.701698,24.196042,"臺中市","潭子區"
"其他","2019",9,18,16,"晴","日間自然光線",60,"三岔路","交叉口附近","柏油","乾燥","良好","無號誌","中央分向島","快慢車道分隔線","有",9,"非汽(機)車駕駛人",120.701698,24.196042,"臺中市","潭子區"
"其他","2019",9,18,16,"晴","日間自然光線",60,"三岔路","交叉口附近","柏油","乾燥","良好","無號誌","中央分向島","快慢車道分隔線","有",21,"未使用",120.701698,24.196042,"臺中市","潭子區"
"其他","2019",9,18,16,"晴","日間自然光線",60,"三岔路","交叉口附近","柏油","乾燥","良好","無號誌","中央分向島","快慢車道分隔線","有",55,"未使用",120.701698,24.196042,"臺中市","潭子區"
"其他","2019",9,18,16,"晴","日間自然光線",60,"三岔路","交叉口附近","柏油","乾燥","良好","無號誌","中央分向島","快慢車道分隔線","有",23,"未使用",120.701698,24.196042,"臺中市","潭子區"
"其他","2019",9,18,16,"晴","日間自然光線",60,"三岔路","交叉口附近","柏油","乾燥","良好","無號誌","中央分向島","快慢車道分隔線","有",59,"未使用",120.701698,24.196042,"臺中市","潭子區"
"側撞","2019",9,18,17,"晴","晨或暮光",50,"三岔路","交叉路口內","柏油","乾燥","良好","無號誌","中央分向島","快慢車道分隔線","有",35,"未使用",120.232952,23.180945,"臺南市","麻豆區"
"側撞","2019",9,18,17,"晴","晨或暮光",50,"三岔路","交叉路口內","柏油","乾燥","良好","無號誌","中央分向島","快慢車道分隔線","有",36,"未使用",120.232952,23.180945,"臺南市","麻豆區"
"其他","2019",9,18,18,"晴","夜間(或隧道、地下道、涵洞)有照明",50,"三岔路","交叉路口內","柏油","乾燥","良好","正常","無","未繪設快慢車道分隔線","無",70,"未使用",120.613045,24.348148,"臺中市","大甲區"
"其他","2019",9,18,18,"晴","夜間(或隧道、地下道、涵洞)有照明",50,"三岔路","交叉路口內","柏油","乾燥","良好","正常","無","未繪設快慢車道分隔線","無",37,"未使用",120.613045,24.348148,"臺中市","大甲區"
"其他","2019",9,18,18,"晴","夜間(或隧道、地下道、涵洞)有照明",50,"三岔路","交叉路口內","柏油","乾燥","良好","正常","無","未繪設快慢車道分隔線","無",67,"非汽(機)車駕駛人",120.613045,24.348148,"臺中市","大甲區"
"其他","2019",9,18,18,"晴","夜間(或隧道、地下道、涵洞)有照明",50,"三岔路","交叉路口內","柏油","乾燥","良好","正常","無","未繪設快慢車道分隔線","無",38,"非汽(機)車駕駛人",120.613045,24.348148,"臺中市","大甲區"
"其他","2019",9,18,23,"晴","夜間(或隧道、地下道、涵洞)有照明",50,"直路","路肩、路緣","柏油","乾燥","良好","無號誌","行車分向線","未繪設快慢車道分隔線","有",19,"未使用",120.619043,24.40844,"臺中市","大甲區"
"其他","2019",9,18,23,"晴","夜間(或隧道、地下道、涵洞)有照明",50,"直路","路肩、路緣","柏油","乾燥","良好","無號誌","行車分向線","未繪設快慢車道分隔線","有",52,"未使用",120.619043,24.40844,"臺中市","大甲區"
"路口交岔撞","2019",9,18,23,"晴","日間自然光線",50,"四岔路","交叉路口內","柏油","乾燥","良好","正常","無","未繪設快慢車道分隔線","無",17,"未使用",121.595251,23.97356,"花蓮縣","花蓮市"
"路口交岔撞","2019",9,18,23,"晴","日間自然光線",50,"四岔路","交叉路口內","柏油","乾燥","良好","正常","無","未繪設快慢車道分隔線","無",22,"未使用",121.595251,23.97356,"花蓮縣","花蓮市"
"路口交岔撞","2019",9,18,23,"晴","日間自然光線",50,"四岔路","交叉路口內","柏油","乾燥","良好","正常","無","未繪設快慢車道分隔線","無",24,"未使用",121.595251,23.97356,"花蓮縣","花蓮市"
"路口交岔撞","2019",9,18,23,"晴","日間自然光線",50,"四岔路","交叉路口內","柏油","乾燥","良好","正常","無","未繪設快慢車道分隔線","無",20,"非汽(機)車駕駛人",121.595251,23.97356,"花蓮縣","花蓮市"
"路口交岔撞","2019",9,18,23,"晴","日間自然光線",50,"四岔路","交叉路口內","柏油","乾燥","良好","正常","無","未繪設快慢車道分隔線","無",21,"非汽(機)車駕駛人",121.595251,23.97356,"花蓮縣","花蓮市"
"穿越道路中","2019",9,19,5,"晴","晨或暮光",50,"三岔路","交叉路口內","柏油","乾燥","良好","正常","無","未繪設快慢車道分隔線","無",29,"未使用",121.459465,25.029749,"新北市","板橋區"
"穿越道路中","2019",9,19,5,"晴","晨或暮光",50,"三岔路","交叉路口內","柏油","乾燥","良好","正常","無","未繪設快慢車道分隔線","無",74,"非汽(機)車駕駛人",121.459465,25.029749,"新北市","板橋區"
"側撞","2019",9,19,8,"晴","日間自然光線",50,"三岔路","交叉路口內","柏油","乾燥","良好","正常","無","未繪設快慢車道分隔線","無",59,"未使用",121.313238,24.147081,"臺中市","東區"
"側撞","2019",9,19,8,"晴","日間自然光線",50,"三岔路","交叉路口內","柏油","乾燥","良好","正常","無","未繪設快慢車道分隔線","無",34,"未使用",121.313238,24.147081,"臺中市","東區"
"衝出路外","2019",9,19,17,"晴","日間自然光線",60,"直路","路肩、路緣","柏油","乾燥","良好","無號誌","行車分向線","未繪設快慢車道分隔線","有",53,"未使用",120.231666,23.35192,"嘉義縣","義竹鄉"
"穿越道路中","2019",9,20,5,"晴","日間自然光線",50,"四岔路","交叉路口內","柏油","乾燥","良好","正常","無","未繪設快慢車道分隔線","無",22,"未使用",120.69979,24.138896,"臺中市","東區"
"穿越道路中","2019",9,20,5,"晴","日間自然光線",50,"四岔路","交叉路口內","柏油","乾燥","良好","正常","無","未繪設快慢車道分隔線","無",68,"非汽(機)車駕駛人",120.69979,24.138896,"臺中市","東區"
"追撞","2019",9,20,23,"晴","日間自然光線",40,"直路","慢車道","柏油","乾燥","良好","無號誌","中央分向島","快慢車道分隔線","無",46,"不明",120.313553,22.691738,"高雄市","左營區"
"追撞","2019",9,20,23,"晴","日間自然光線",40,"直路","慢車道","柏油","乾燥","良好","無號誌","中央分向島","快慢車道分隔線","無",54,"未使用",120.313553,22.691738,"高雄市","左營區"
"其他","2019",9,21,0,"雨","夜間(或隧道、地下道、涵洞)有照明",50,"直路","一般車道(未劃分快慢車道)","柏油","濕潤","良好","無號誌","中央分向島","未繪設快慢車道分隔線","無",19,"不明",121.547897,25.017908,"臺北市","大安區"
"其他","2019",9,21,0,"雨","夜間(或隧道、地下道、涵洞)有照明",50,"直路","一般車道(未劃分快慢車道)","柏油","濕潤","良好","無號誌","中央分向島","未繪設快慢車道分隔線","無",22,"不明",121.547897,25.017908,"臺北市","大安區"
"側撞","2019",9,21,8,"陰","日間自然光線",50,"三岔路","交叉路口內","柏油","濕潤","良好","正常","中央分向島","快慢車道分隔線","有",78,"未使用",121.029167,24.833017,"新竹縣","新埔鎮"
"側撞","2019",9,21,8,"陰","日間自然光線",50,"三岔路","交叉路口內","柏油","濕潤","良好","正常","中央分向島","快慢車道分隔線","有",17,"未使用",121.029167,24.833017,"新竹縣","新埔鎮"
"在路上嬉戲","2019",9,21,10,"陰","日間自然光線",60,"直路","慢車道","柏油","乾燥","良好","無號誌","雙向禁止超車線","未繪設快慢車道分隔線","有",7,"非汽(機)車駕駛人",121.74137,24.270156,"花蓮縣","秀林鄉"
"在路上嬉戲","2019",9,21,10,"陰","日間自然光線",60,"直路","慢車道","柏油","乾燥","良好","無號誌","雙向禁止超車線","未繪設快慢車道分隔線","有",36,"未使用",121.74137,24.270156,"花蓮縣","秀林鄉"
"路口交岔撞","2019",9,21,12,"晴","日間自然光線",40,"四岔路","交叉路口內","柏油","乾燥","良好","無號誌","無","未繪設快慢車道分隔線","無",39,"未使用",120.409735,23.619326,"嘉義縣","溪口鄉"
"路口交岔撞","2019",9,21,12,"晴","日間自然光線",40,"四岔路","交叉路口內","柏油","乾燥","良好","無號誌","無","未繪設快慢車道分隔線","無",70,"未使用",120.409735,23.619326,"嘉義縣","溪口鄉"
"路口交岔撞","2019",9,21,12,"晴","日間自然光線",40,"四岔路","交叉路口內","柏油","乾燥","良好","無號誌","無","未繪設快慢車道分隔線","無",13,"非汽(機)車駕駛人",120.409735,23.619326,"嘉義縣","溪口鄉"
"路口交岔撞","2019",9,21,12,"晴","日間自然光線",40,"四岔路","交叉路口內","柏油","乾燥","良好","無號誌","無","未繪設快慢車道分隔線","無",4,"非汽(機)車駕駛人",120.409735,23.619326,"嘉義縣","溪口鄉"
"側撞","2019",9,21,18,"晴","夜間(或隧道、地下道、涵洞)有照明",50,"多岔路","交叉路口內","柏油","乾燥","良好","正常","雙向禁止超車線","未繪設快慢車道分隔線","有",55,"不明",120.335322,23.628606,"雲林縣","元長鄉"
"側撞","2019",9,21,18,"晴","夜間(或隧道、地下道、涵洞)有照明",50,"多岔路","交叉路口內","柏油","乾燥","良好","正常","雙向禁止超車線","未繪設快慢車道分隔線","有",17,"非汽(機)車駕駛人",120.335322,23.628606,"雲林縣","元長鄉"
"側撞","2019",9,21,18,"晴","夜間(或隧道、地下道、涵洞)有照明",50,"多岔路","交叉路口內","柏油","乾燥","良好","正常","雙向禁止超車線","未繪設快慢車道分隔線","有",30,"未使用",120.335322,23.628606,"雲林縣","元長鄉"
"撞路樹、電桿","2019",9,22,12,"陰","日間自然光線",50,"直路","一般車道(未劃分快慢車道)","柏油","乾燥","良好","無號誌","雙向禁止超車線","未繪設快慢車道分隔線","有",27,"不明",121.351267,23.494014,"花蓮縣","瑞穗鄉"
"其他","2019",9,22,12,"晴","日間自然光線",50,"三岔路","交叉路口內","柏油","乾燥","良好","無號誌","行車分向線","快慢車道分隔線","有",67,"不明",120.576803,22.676792,"屏東縣","長治鄉"
"其他","2019",9,22,12,"晴","日間自然光線",50,"三岔路","交叉路口內","柏油","乾燥","良好","無號誌","行車分向線","快慢車道分隔線","有",18,"不明",120.576803,22.676792,"屏東縣","長治鄉"
"路上翻車、摔倒","2019",9,22,13,"晴","日間自然光線",50,"直路","路肩、路緣","柏油","乾燥","良好","正常","無","未繪設快慢車道分隔線","無",75,"未使用",120.718255,24.096494,"臺中市","大里區"
"其他","2019",9,23,8,"晴","日間自然光線",50,"多岔路","交叉口附近","柏油","乾燥","良好","正常","中央分向島","窄式快慢車道分隔島(無柵欄)","有",61,"不明",120.95116,24.861567,"新竹縣","竹北市"
"其他","2019",9,23,8,"晴","日間自然光線",50,"多岔路","交叉口附近","柏油","乾燥","良好","正常","中央分向島","窄式快慢車道分隔島(無柵欄)","有",60,"不明",120.95116,24.861567,"新竹縣","竹北市"
"其他","2019",9,23,8,"晴","日間自然光線",50,"多岔路","交叉口附近","柏油","乾燥","良好","正常","中央分向島","窄式快慢車道分隔島(無柵欄)","有",56,"不明",120.95116,24.861567,"新竹縣","竹北市"
"其他","2019",9,23,8,"晴","日間自然光線",50,"多岔路","交叉口附近","柏油","乾燥","良好","正常","中央分向島","窄式快慢車道分隔島(無柵欄)","有",63,"不明",120.95116,24.861567,"新竹縣","竹北市"
"撞動物","2019",9,23,18,"晴","夜間(或隧道、地下道、涵洞)有照明",30,"直路","路肩、路緣","柏油","乾燥","良好","無號誌","行車分向線","未繪設快慢車道分隔線","有",20,"未使用",120.57479,23.461588,"嘉義縣","番路鄉"
"其他","2019",9,23,19,"晴","夜間(或隧道、地下道、涵洞)有照明",50,"直路","一般車道(未劃分快慢車道)","柏油","乾燥","良好","無號誌","中央分向島","未繪設快慢車道分隔線","無",23,"未使用",121.46656,25.026838,"新北市","板橋區"
"其他","2019",9,23,19,"晴","夜間(或隧道、地下道、涵洞)有照明",50,"直路","一般車道(未劃分快慢車道)","柏油","乾燥","良好","無號誌","中央分向島","未繪設快慢車道分隔線","無",40,"非汽(機)車駕駛人",121.46656,25.026838,"新北市","板橋區"
"其他","2019",9,23,19,"晴","夜間(或隧道、地下道、涵洞)有照明",50,"直路","一般車道(未劃分快慢車道)","柏油","乾燥","良好","無號誌","中央分向島","未繪設快慢車道分隔線","無",50,"未使用",121.46656,25.026838,"新北市","板橋區"
"追撞","2019",9,24,3,"晴","夜間(或隧道、地下道、涵洞)有照明",50,"直路","一般車道(未劃分快慢車道)","柏油","乾燥","良好","無號誌","中央分向島","未繪設快慢車道分隔線","無",54,"不明",121.496547,25.055374,"新北市","三重區"
"追撞","2019",9,24,3,"晴","夜間(或隧道、地下道、涵洞)有照明",50,"直路","一般車道(未劃分快慢車道)","柏油","乾燥","良好","無號誌","中央分向島","未繪設快慢車道分隔線","無",57,"不明",121.496547,25.055374,"新北市","三重區"
"其他","2019",9,25,4,"晴","夜間(或隧道、地下道、涵洞)有照明",50,"四岔路","交叉路口內","柏油","乾燥","良好","正常","中央分向島","寛式快慢車道分隔島(50公分以上)","無",18,"未使用",120.291782,22.64202,"高雄市","三民區"
"其他","2019",9,25,4,"晴","夜間(或隧道、地下道、涵洞)有照明",50,"四岔路","交叉路口內","柏油","乾燥","良好","正常","中央分向島","寛式快慢車道分隔島(50公分以上)","無",26,"未使用",120.291782,22.64202,"高雄市","三民區"
"同向擦撞","2019",9,25,7,"晴","日間自然光線",40,"四岔路","交叉口附近","柏油","乾燥","良好","無號誌","無","未繪設快慢車道分隔線","無",43,"不明",120.289826,23.780675,"雲林縣","麥寮鄉"
"同向擦撞","2019",9,25,7,"晴","日間自然光線",40,"四岔路","交叉口附近","柏油","乾燥","良好","無號誌","無","未繪設快慢車道分隔線","無",69,"未使用",120.289826,23.780675,"雲林縣","麥寮鄉"
"路口交岔撞","2019",9,25,7,"晴","日間自然光線",50,"四岔路","交叉路口內","柏油","乾燥","良好","無號誌","無","未繪設快慢車道分隔線","無",52,"未使用",120.330983,22.7319,"高雄市","楠梓區"
"路口交岔撞","2019",9,25,7,"晴","日間自然光線",50,"四岔路","交叉路口內","柏油","乾燥","良好","無號誌","無","未繪設快慢車道分隔線","無",81,"未使用",120.330983,22.7319,"高雄市","楠梓區"
"穿越道路中","2019",9,25,20,"晴","夜間(或隧道、地下道、涵洞)有照明",60,"彎曲路及附近","一般車道(未劃分快慢車道)","柏油","乾燥","不良","無號誌","中央分向島","未繪設快慢車道分隔線","有",24,"未使用",120.805079,24.577374,"苗栗縣","苗栗市"
"穿越道路中","2019",9,25,20,"晴","夜間(或隧道、地下道、涵洞)有照明",60,"彎曲路及附近","一般車道(未劃分快慢車道)","柏油","乾燥","不良","無號誌","中央分向島","未繪設快慢車道分隔線","有",30,"未使用",120.805079,24.577374,"苗栗縣","苗栗市"
"路上翻車、摔倒","2019",9,25,21,"晴","夜間(或隧道、地下道、涵洞)有照明",50,"彎曲路及附近","機車優先道","柏油","乾燥","良好","無號誌","雙向禁止超車線","快慢車道分隔線","有",52,"不明",120.42,22.92336,"高雄市","內門區"
"路上翻車、摔倒","2019",9,25,21,"晴","夜間(或隧道、地下道、涵洞)有照明",50,"彎曲路及附近","機車優先道","柏油","乾燥","良好","無號誌","雙向禁止超車線","快慢車道分隔線","有",18,"未使用",120.42,22.92336,"高雄市","內門區"
"路上翻車、摔倒","2019",9,25,21,"晴","夜間(或隧道、地下道、涵洞)有照明",50,"彎曲路及附近","機車優先道","柏油","乾燥","良好","無號誌","雙向禁止超車線","快慢車道分隔線","有",19,"非汽(機)車駕駛人",120.42,22.92336,"高雄市","內門區"
"追撞","2019",9,26,4,"晴","夜間(或隧道、地下道、涵洞)有照明",50,"直路","一般車道(未劃分快慢車道)","柏油","乾燥","良好","無號誌","中央分向島","未繪設快慢車道分隔線","無",18,"未使用",121.459915,25.138439,"新北市","淡水區"
"追撞","2019",9,26,4,"晴","夜間(或隧道、地下道、涵洞)有照明",50,"直路","一般車道(未劃分快慢車道)","柏油","乾燥","良好","無號誌","中央分向島","未繪設快慢車道分隔線","無",55,"不明",121.459915,25.138439,"新北市","淡水區"
"路口交岔撞","2019",9,26,8,"晴","日間自然光線",40,"四岔路","交叉路口內","柏油","乾燥","良好","無號誌","無","未繪設快慢車道分隔線","無",81,"未使用",120.186952,23.191631,"臺南市","佳里區"
"路口交岔撞","2019",9,26,8,"晴","日間自然光線",40,"四岔路","交叉路口內","柏油","乾燥","良好","無號誌","無","未繪設快慢車道分隔線","無",19,"未使用",120.186952,23.191631,"臺南市","佳里區"
"衝出路外","2019",9,26,16,"晴","日間自然光線",30,"彎曲路及附近","路肩、路緣","柏油","乾燥","良好","無號誌","無","未繪設快慢車道分隔線","有",30,"不明",121.299022,24.228687,"南投縣","仁愛鄉"
"側撞","2019",9,26,19,"晴","夜間(或隧道、地下道、涵洞)有照明",50,"直路","快車道","柏油","乾燥","良好","無號誌","行車分向線","未繪設快慢車道分隔線","有",63,"未使用",120.306921,23.038482,"臺南市","新化區"
"側撞","2019",9,26,19,"晴","夜間(或隧道、地下道、涵洞)有照明",50,"直路","快車道","柏油","乾燥","良好","無號誌","行車分向線","未繪設快慢車道分隔線","有",29,"未使用",120.306921,23.038482,"臺南市","新化區"
"其他","2019",9,27,20,"晴","夜間(或隧道、地下道、涵洞)無照明",50,"直路","一般車道(未劃分快慢車道)","柏油","乾燥","良好","無號誌","行車分向線","未繪設快慢車道分隔線","有",42,"未使用",120.485012,23.44625,"嘉義縣","中埔鄉"
"其他","2019",9,27,20,"晴","夜間(或隧道、地下道、涵洞)無照明",50,"直路","一般車道(未劃分快慢車道)","柏油","乾燥","良好","無號誌","行車分向線","未繪設快慢車道分隔線","有",48,"未使用",120.485012,23.44625,"嘉義縣","中埔鄉"
"穿越道路中","2019",9,28,7,"陰","日間自然光線",50,"三岔路","交叉路口內","柏油","乾燥","良好","無號誌","雙向禁止超車線","未繪設快慢車道分隔線","有",89,"非汽(機)車駕駛人",121.040728,24.902819,"新竹縣","湖口鄉"
"穿越道路中","2019",9,28,7,"陰","日間自然光線",50,"三岔路","交叉路口內","柏油","乾燥","良好","無號誌","雙向禁止超車線","未繪設快慢車道分隔線","有",61,"未使用",121.040728,24.902819,"新竹縣","湖口鄉"
"側撞","2019",9,28,7,"晴","日間自然光線",50,"三岔路","交叉路口內","柏油","乾燥","良好","正常","無","未繪設快慢車道分隔線","無",24,"不明",120.097489,23.152327,"臺南市","七股區"
"側撞","2019",9,28,7,"晴","日間自然光線",50,"三岔路","交叉路口內","柏油","乾燥","良好","正常","無","未繪設快慢車道分隔線","無",62,"未使用",120.097489,23.152327,"臺南市","七股區"
"撞路樹、電桿","2019",9,28,23,"晴","夜間(或隧道、地下道、涵洞)有照明",50,"直路","路肩、路緣","柏油","乾燥","良好","無號誌","行車分向線","未繪設快慢車道分隔線","有",108,"",120.294766,22.805095,"高雄市","岡山區"
"撞路樹、電桿","2019",9,28,23,"晴","夜間(或隧道、地下道、涵洞)有照明",50,"直路","路肩、路緣","柏油","乾燥","良好","無號誌","行車分向線","未繪設快慢車道分隔線","有",42,"未使用",120.294766,22.805095,"高雄市","岡山區"
"路上翻車、摔倒","2019",9,29,11,"雨","日間自然光線",50,"直路","一般車道(未劃分快慢車道)","柏油","濕潤","良好","無號誌","中央分向島","未繪設快慢車道分隔線","有",20,"未使用",121.350619,25.003592,"桃園市","龜山區"
"側撞","2019",9,29,15,"雨","日間自然光線",50,"四岔路","交叉路口內","柏油","濕潤","良好","正常","中央分向島","未繪設快慢車道分隔線","無",57,"未使用",121.543669,25.041606,"臺北市","大安區"
"側撞","2019",9,29,15,"雨","日間自然光線",50,"四岔路","交叉路口內","柏油","濕潤","良好","正常","中央分向島","未繪設快慢車道分隔線","無",55,"非汽(機)車駕駛人",121.543669,25.041606,"臺北市","大安區"
"撞路樹、電桿","2019",9,29,16,"晴","日間自然光線",40,"直路","一般車道(未劃分快慢車道)","柏油","乾燥","良好","無號誌","無","未繪設快慢車道分隔線","無",28,"未使用",120.493893,23.621611,"嘉義縣","大林鎮"
"撞路樹、電桿","2019",9,29,20,"晴","夜間(或隧道、地下道、涵洞)有照明",50,"直路","路肩、路緣","柏油","乾燥","良好","無號誌","行車分向線","未繪設快慢車道分隔線","有",108,"",120.341036,22.828876,"高雄市","岡山區"
"撞路樹、電桿","2019",9,29,20,"晴","夜間(或隧道、地下道、涵洞)有照明",50,"直路","路肩、路緣","柏油","乾燥","良好","無號誌","行車分向線","未繪設快慢車道分隔線","有",61,"未使用",120.341036,22.828876,"高雄市","岡山區"
"追撞","2019",9,29,21,"晴","夜間(或隧道、地下道、涵洞)有照明",60,"直路","一般車道(未劃分快慢車道)","柏油","乾燥","良好","無號誌","行車分向線","快慢車道分隔線","有",70,"未使用",120.166429,23.579189,"雲林縣","口湖鄉"
"追撞","2019",9,29,21,"晴","夜間(或隧道、地下道、涵洞)有照明",60,"直路","一般車道(未劃分快慢車道)","柏油","乾燥","良好","無號誌","行車分向線","快慢車道分隔線","有",32,"未使用",120.166429,23.579189,"雲林縣","口湖鄉"
"撞交通島","2019",9,30,2,"雨","夜間(或隧道、地下道、涵洞)有照明",50,"直路","一般車道(未劃分快慢車道)","柏油","濕潤","良好","無號誌","中央分向島","未繪設快慢車道分隔線","有",19,"未使用",121.37149,25.010087,"桃園市","龜山區"
"撞交通島","2019",9,30,2,"雨","夜間(或隧道、地下道、涵洞)有照明",50,"直路","一般車道(未劃分快慢車道)","柏油","濕潤","良好","無號誌","中央分向島","未繪設快慢車道分隔線","有",42,"未使用",121.37149,25.010087,"桃園市","龜山區"
"撞交通島","2019",9,30,3,"陰","夜間(或隧道、地下道、涵洞)有照明",50,"直路","一般車道(未劃分快慢車道)","柏油","乾燥","良好","無號誌","中央分向島","未繪設快慢車道分隔線","有",18,"未使用",121.247692,24.956814,"桃園市","中壢區"
"同向擦撞","2019",9,30,16,"晴","日間自然光線",50,"彎曲路及附近","一般車道(未劃分快慢車道)","柏油","乾燥","良好","正常","雙向禁止超車線","未繪設快慢車道分隔線","有",48,"未使用",120.666934,23.728272,"南投縣","竹山鎮"
"同向擦撞","2019",9,30,16,"晴","日間自然光線",50,"彎曲路及附近","一般車道(未劃分快慢車道)","柏油","乾燥","良好","正常","雙向禁止超車線","未繪設快慢車道分隔線","有",29,"未使用",120.666934,23.728272,"南投縣","竹山鎮"
"側撞","2019",9,30,17,"晴","日間自然光線",50,"三岔路","交叉路口內","柏油","乾燥","良好","正常","無","未繪設快慢車道分隔線","無",40,"未使用",120.309505,22.584052,"高雄市","前鎮區"
"側撞","2019",9,30,17,"晴","日間自然光線",50,"三岔路","交叉路口內","柏油","乾燥","良好","正常","無","未繪設快慢車道分隔線","無",61,"未使用",120.309505,22.584052,"高雄市","前鎮區"
"其他","2019",9,30,21,"晴","夜間(或隧道、地下道、涵洞)有照明",50,"直路","一般車道(未劃分快慢車道)","柏油","乾燥","良好","無號誌","行車分向線","未繪設快慢車道分隔線","有",53,"未使用",120.576947,22.750465,"屏東縣","鹽埔鄉"
"其他","2019",9,30,21,"晴","夜間(或隧道、地下道、涵洞)有照明",50,"直路","一般車道(未劃分快慢車道)","柏油","乾燥","良好","無號誌","行車分向線","未繪設快慢車道分隔線","有",24,"未使用",120.576947,22.750465,"屏東縣","鹽埔鄉"
"路口交岔撞","2019",10,1,1,"晴","夜間(或隧道、地下道、涵洞)有照明",40,"四岔路","交叉路口內","柏油","乾燥","良好","正常","雙向禁止超車線","快慢車道分隔線","無",17,"未使用",120.325209,22.620695,"高雄市","苓雅區"
"路口交岔撞","2019",10,1,1,"晴","夜間(或隧道、地下道、涵洞)有照明",40,"四岔路","交叉路口內","柏油","乾燥","良好","正常","雙向禁止超車線","快慢車道分隔線","無",28,"未使用",120.325209,22.620695,"高雄市","苓雅區"
"路口交岔撞","2019",10,1,1,"晴","夜間(或隧道、地下道、涵洞)有照明",40,"四岔路","交叉路口內","柏油","乾燥","良好","正常","雙向禁止超車線","快慢車道分隔線","無",43,"未使用",120.325209,22.620695,"高雄市","苓雅區"
"撞交通島","2019",10,1,9,"晴","日間自然光線",50,"高架道路","直線匝道","柏油","乾燥","良好","無號誌","無","未繪設快慢車道分隔線","無",31,"不明",121.711121,25.137505,"基隆市","安樂區"
"撞交通島","2019",10,1,9,"晴","日間自然光線",50,"高架道路","直線匝道","柏油","乾燥","良好","無號誌","無","未繪設快慢車道分隔線","無",38,"非汽(機)車駕駛人",121.711121,25.137505,"基隆市","安樂區"
"撞交通島","2019",10,1,9,"晴","日間自然光線",50,"高架道路","直線匝道","柏油","乾燥","良好","無號誌","無","未繪設快慢車道分隔線","無",38,"非汽(機)車駕駛人",121.711121,25.137505,"基隆市","安樂區"
"同向擦撞","2019",10,1,10,"晴","日間自然光線",50,"四岔路","交叉路口內","柏油","乾燥","良好","正常","無","未繪設快慢車道分隔線","無",84,"非汽(機)車駕駛人",120.197548,22.983837,"臺南市","南區"
"同向擦撞","2019",10,1,10,"晴","日間自然光線",50,"四岔路","交叉路口內","柏油","乾燥","良好","正常","無","未繪設快慢車道分隔線","無",39,"未使用",120.197548,22.983837,"臺南市","南區"
"穿越道路中","2019",10,1,11,"晴","日間自然光線",50,"四岔路","交叉路口內","柏油","乾燥","良好","正常","雙向禁止超車線","未繪設快慢車道分隔線","無",56,"未使用",121.511013,25.002397,"新北市","中和區"
"穿越道路中","2019",10,1,11,"晴","日間自然光線",50,"四岔路","交叉路口內","柏油","乾燥","良好","正常","雙向禁止超車線","未繪設快慢車道分隔線","無",92,"非汽(機)車駕駛人",121.511013,25.002397,"新北市","中和區"
"路口交岔撞","2019",10,1,13,"晴","日間自然光線",50,"四岔路","交叉路口內","柏油","乾燥","良好","無號誌","無","未繪設快慢車道分隔線","無",41,"未使用",120.61858,24.367616,"臺中市","大甲區"
"路口交岔撞","2019",10,1,13,"晴","日間自然光線",50,"四岔路","交叉路口內","柏油","乾燥","良好","無號誌","無","未繪設快慢車道分隔線","無",37,"未使用",120.61858,24.367616,"臺中市","大甲區"