"事故類型及型態子類別名稱","發生年度","發生月份","發生日期","發生時間","天候名稱","光線名稱","速限.第1當事者","道路型態子類別名稱","事故位置子類別名稱","路面狀況.路面鋪裝名稱","路面狀況.路面狀態名稱","道路障礙.視距品質名稱","號誌.號誌動作名稱","車道劃分設施.分向設施大類別名稱","車道劃分設施.分道設施.快慢車道間名稱","車道劃分設施.分道設施.路面邊線名稱","當事者事故發生時年齡","行動電話或電腦或其他相類功能裝置名稱","經度","緯度","縣市","鄉鎮"
"路上翻車、摔倒","2019",10,1,14,"晴","日間自然光線",50,"彎曲路及附近","快車道","柏油","濕潤","良好","無號誌","雙向禁止超車線","快慢車道分隔線","有",20,"未使用",121.601387,25.213101,"新北市","金山區"
"側撞","2019",10,1,17,"晴","日間自然光線",70,"四岔路","交叉路口內","柏油","乾燥","良好","正常","無","未繪設快慢車道分隔線","無",81,"不明",120.352306,23.975086,"彰化縣","芳苑鄉"
"側撞","2019",10,1,17,"晴","日間自然光線",70,"四岔路","交叉路口內","柏油","乾燥","良好","正常","無","未繪設快慢車道分隔線","無",59,"未使用",120.352306,23.975086,"彰化縣","芳苑鄉"
"追撞","2019",10,1,18,"晴","晨或暮光",40,"直路","慢車道","柏油","乾燥","良好","正常","中央分向島","快慢車道分隔線","無",50,"未使用",120.3534,22.59167,"高雄市","鳳山區"
"追撞","2019",10,1,18,"晴","晨或暮光",40,"直路","慢車道","柏油","乾燥","良好","正常","中央分向島","快慢車道分隔線","無",41,"未使用",120.3534,22.59167,"高雄市","鳳山區"
"穿越道路中","2019",10,1,18,"晴","夜間(或隧道、地下道、涵洞)有照明",50,"巷弄","一般車道(未劃分快慢車道)","柏油","乾燥","良好","無號誌","雙向禁止超車線","未繪設快慢車道分隔線","有",19,"未使用",120.209892,23.034606,"臺南市","南區"
"穿越道路中","2019",10,1,18,"晴","夜間(或隧道、地下道、涵洞)有照明",50,"巷弄","一般車道(未劃分快慢車道)","柏油","乾燥","良好","無號誌","雙向禁止超車線","未繪設快慢車道分隔線","有",16,"未使用",120.209892,23.034606,"臺南市","南區"
"穿越道路中","2019",10,1,18,"晴","夜間(或隧道、地下道、涵洞)有照明",50,"巷弄","一般車道(未劃分快慢車道)","柏油","乾燥","良好","無號誌","雙向禁止超車線","未繪設快慢車道分隔線","有",77,"非汽(機)車駕駛人",120.209892,23.034606,"臺南市","南區"
"撞號誌、標誌桿","2019",10,1,18,"晴","夜間(或隧道、地下道、涵洞)有照明",50,"直路","一般車道(未劃分快慢車道)","柏油","乾燥","良好","無號誌","行車分向線","未繪設快慢車道分隔線","有",24,"未使用",120.257686,22.976196,"臺南市","仁德區"
"撞號誌、標誌桿","2019",10,1,18,"晴","夜間(或隧道、地下道、涵洞)有照明",50,"直路","一般車道(未劃分快慢車道)","柏油","乾燥","良好","無號誌","行車分向線","未繪設快慢車道分隔線","有",35,"非汽(機)車駕駛人",120.257686,22.976196,"臺南市","仁德區"
"對撞","2019",10,1,22,"晴","夜間(或隧道、地下道、涵洞)有照明",50,"直路","一般車道(未劃分快慢車道)","柏油","乾燥","良好","無號誌","行車分向線","未繪設快慢車道分隔線","有",15,"未使用",121.521187,24.974137,"新北市","新店區"
"對撞","2019",10,1,22,"晴","夜間(或隧道、地下道、涵洞)有照明",50,"直路","一般車道(未劃分快慢車道)","柏油","乾燥","良好","無號誌","行車分向線","未繪設快慢車道分隔線","有",15,"非汽(機)車駕駛人",121.521187,24.974137,"新北市","新店區"
"對撞","2019",10,1,22,"晴","夜間(或隧道、地下道、涵洞)有照明",50,"直路","一般車道(未劃分快慢車道)","柏油","乾燥","良好","無號誌","行車分向線","未繪設快慢車道分隔線","有",15,"未使用",121.521187,24.974137,"新北市","新店區"
"對撞","2019",10,1,22,"晴","夜間(或隧道、地下道、涵洞)有照明",50,"直路","一般車道(未劃分快慢車道)","柏油","乾燥","良好","無號誌","行車分向線","未繪設快慢車道分隔線","有",15,"未使用",121.521187,24.974137,"新北市","新店區"
"路口交岔撞","2019",10,2,5,"晴","夜間(或隧道、地下道、涵洞)有照明",50,"四岔路","交叉路口內","柏油","乾燥","良好","正常","無","未繪設快慢車道分隔線","無",52,"不明",120.390539,23.8078,"雲林縣","二崙鄉"
"路口交岔撞","2019",10,2,5,"晴","夜間(或隧道、地下道、涵洞)有照明",50,"四岔路","交叉路口內","柏油","乾燥","良好","正常","無","未繪設快慢車道分隔線","無",84,"非汽(機)車駕駛人",120.390539,23.8078,"雲林縣","二崙鄉"
"側撞","2019",10,2,7,"晴","日間自然光線",50,"直路","快車道","柏油","乾燥","良好","無號誌","行車分向線","快慢車道分隔線","有",82,"未使用",120.42005,23.050823,"臺南市","左鎮區"
"側撞","2019",10,2,7,"晴","日間自然光線",50,"直路","快車道","柏油","乾燥","良好","無號誌","行車分向線","快慢車道分隔線","有",33,"未使用",120.42005,23.050823,"臺南市","左鎮區"
"衝出路外","2019",10,2,9,"晴","日間自然光線",40,"直路","一般車道(未劃分快慢車道)","柏油","乾燥","良好","無號誌","無","未繪設快慢車道分隔線","無",53,"不明",120.326593,23.90078,"彰化縣","芳苑鄉"
"穿越道路中","2019",10,2,16,"晴","日間自然光線",50,"坡路","一般車道(未劃分快慢車道)","柏油","乾燥","良好","無號誌","行車分向線","未繪設快慢車道分隔線","有",74,"非汽(機)車駕駛人",121.243136,24.679933,"新竹縣","尖石鄉"
"穿越道路中","2019",10,2,16,"晴","日間自然光線",50,"坡路","一般車道(未劃分快慢車道)","柏油","乾燥","良好","無號誌","行車分向線","未繪設快慢車道分隔線","有",19,"未使用",121.243136,24.679933,"新竹縣","尖石鄉"
"穿越道路中","2019",10,2,16,"晴","日間自然光線",50,"坡路","一般車道(未劃分快慢車道)","柏油","乾燥","良好","無號誌","行車分向線","未繪設快慢車道分隔線","有",19,"非汽(機)車駕駛人",121.243136,24.679933,"新竹縣","尖石鄉"
"其他","2019",10,3,0,"晴","夜間(或隧道、地下道、涵洞)有照明",50,"直路","一般車道(未劃分快慢車道)","柏油","乾燥","良好","無號誌","行車分向線","未繪設快慢車道分隔線","有",21,"不明",120.545486,24.054267,"彰化縣","彰化市"
"其他","2019",10,3,0,"晴","夜間(或隧道、地下道、涵洞)有照明",50,"直路","一般車道(未劃分快慢車道)","柏油","乾燥","良好","無號誌","行車分向線","未繪設快慢車道分隔線","有",59,"未使用",120.545486,24.054267,"彰化縣","彰化市"
"其他","2019",10,3,0,"晴","夜間(或隧道、地下道、涵洞)有照明",50,"直路","一般車道(未劃分快慢車道)","柏油","乾燥","良好","無號誌","行車分向線","未繪設快慢車道分隔線","有",36,"未使用",120.545486,24.054267,"彰化縣","彰化市"
"撞交通島","2019",10,3,3,"晴","夜間(或隧道、地下道、涵洞)有照明",50,"三岔路","一般車道(未劃分快慢車道)","柏油","乾燥","良好","無號誌","中央分向島","未繪設快慢車道分隔線","無",43,"未使用",120.645631,24.112106,"臺中市","南區"
"路口交岔撞","2019",10,3,6,"晴","日間自然光線",30,"四岔路","交叉路口內","柏油","乾燥","良好","無號誌","無","未繪設快慢車道分隔線","無",50,"未使用",120.218152,23.074696,"臺南市","安定區"
"路口交岔撞","2019",10,3,6,"晴","日間自然光線",30,"四岔路","交叉路口內","柏油","乾燥","良好","無號誌","無","未繪設快慢車道分隔線","無",23,"未使用",120.218152,23.074696,"臺南市","安定區"
"撞護欄(樁)","2019",10,3,7,"晴","日間自然光線",80,"高架道路","一般車道(未劃分快慢車道)","柏油","乾燥","良好","無號誌","單向禁止超車線","未繪設快慢車道分隔線","無",46,"未使用",121.607275,25.059248,"臺北市","南港區"
"對撞","2019",10,3,10,"晴","日間自然光線",60,"直路","快車道","柏油","乾燥","良好","無號誌","雙向禁止超車線","快慢車道分隔線","有",35,"未使用",120.437059,22.58524,"高雄市","大寮區"
"對撞","2019",10,3,10,"晴","日間自然光線",60,"直路","快車道","柏油","乾燥","良好","無號誌","雙向禁止超車線","快慢車道分隔線","有",19,"未使用",120.437059,22.58524,"高雄市","大寮區"
"對撞","2019",10,3,10,"晴","日間自然光線",60,"直路","快車道","柏油","乾燥","良好","無號誌","雙向禁止超車線","快慢車道分隔線","有",40,"未使用",120.437059,22.58524,"高雄市","大寮區"
"對撞","2019",10,3,10,"晴","日間自然光線",60,"直路","快車道","柏油","乾燥","良好","無號誌","雙向禁止超車線","快慢車道分隔線","有",18,"未使用",120.437059,22.58524,"高雄市","大寮區"
"側撞","2019",10,3,10,"晴","日間自然光線",60,"直路","一般車道(未劃分快慢車道)","柏油","乾燥","良好","無號誌","雙向禁止超車線","未繪設快慢車道分隔線","有",29,"未使用",120.358609,23.65829,"雲林縣","土庫鎮"
"側撞","2019",10,3,10,"晴","日間自然光線",60,"直路","一般車道(未劃分快慢車道)","柏油","乾燥","良好","無號誌","雙向禁止超車線","未繪設快慢車道分隔線","有",76,"未使用",120.358609,23.65829,"雲林縣","土庫鎮"
"路上翻車、摔倒","2019",10,3,14,"晴","日間自然光線",40,"直路","慢車道","柏油","乾燥","良好","無號誌","中央分向島","寛式快慢車道分隔島(50公分以上)","有",79,"未使用",120.4508,23.49541,"嘉義市","西區"
"側撞","2019",10,3,17,"晴","晨或暮光",40,"三岔路","交叉路口內","柏油","乾燥","良好","無號誌","雙向禁止超車線","快慢車道分隔線","無",46,"未使用",120.693958,24.106318,"臺中市","大里區"
"側撞","2019",10,3,17,"晴","晨或暮光",40,"三岔路","交叉路口內","柏油","乾燥","良好","無號誌","雙向禁止超車線","快慢車道分隔線","無",21,"未使用",120.693958,24.106318,"臺中市","大里區"
"穿越道路中","2019",10,3,18,"晴","夜間(或隧道、地下道、涵洞)有照明",50,"三岔路","交叉路口內","柏油","乾燥","良好","無號誌","行車分向線","未繪設快慢車道分隔線","有",42,"不明",120.522454,23.878128,"彰化縣","北斗鎮"
"穿越道路中","2019",10,3,18,"晴","夜間(或隧道、地下道、涵洞)有照明",50,"三岔路","交叉路口內","柏油","乾燥","良好","無號誌","行車分向線","未繪設快慢車道分隔線","有",20,"不明",120.522454,23.878128,"彰化縣","北斗鎮"
"穿越道路中","2019",10,3,18,"晴","夜間(或隧道、地下道、涵洞)有照明",50,"三岔路","交叉路口內","柏油","乾燥","良好","無號誌","行車分向線","未繪設快慢車道分隔線","有",19,"不明",120.522454,23.878128,"彰化縣","北斗鎮"
"穿越道路中","2019",10,3,18,"晴","夜間(或隧道、地下道、涵洞)有照明",50,"三岔路","交叉路口內","柏油","乾燥","良好","無號誌","行車分向線","未繪設快慢車道分隔線","有",65,"非汽(機)車駕駛人",120.522454,23.878128,"彰化縣","北斗鎮"
"穿越道路中","2019",10,4,5,"晴","夜間(或隧道、地下道、涵洞)無照明",50,"四岔路","交叉路口內","柏油","乾燥","良好","正常","無","未繪設快慢車道分隔線","無",55,"不明",120.96791,24.813699,"新竹市","北區"
"穿越道路中","2019",10,4,5,"晴","夜間(或隧道、地下道、涵洞)無照明",50,"四岔路","交叉路口內","柏油","乾燥","良好","正常","無","未繪設快慢車道分隔線","無",75,"非汽(機)車駕駛人",120.96791,24.813699,"新竹市","北區"
"撞路樹、電桿","2019",10,4,15,"晴","日間自然光線",50,"直路","路肩、路緣","柏油","乾燥","良好","無號誌","行車分向線","未繪設快慢車道分隔線","有",42,"不明",120.260237,23.087726,"臺南市","新市區"
"側撞","2019",10,4,20,"陰","夜間(或隧道、地下道、涵洞)有照明",60,"直路","一般車道(未劃分快慢車道)","柏油","乾燥","良好","無號誌","雙向禁止超車線","未繪設快慢車道分隔線","有",25,"未使用",120.502103,23.953562,"彰化縣","溪湖鎮"
"側撞","2019",10,4,20,"陰","夜間(或隧道、地下道、涵洞)有照明",60,"直路","一般車道(未劃分快慢車道)","柏油","乾燥","良好","無號誌","雙向禁止超車線","未繪設快慢車道分隔線","有",59,"未使用",120.502103,23.953562,"彰化縣","溪湖鎮"
"同向擦撞","2019",10,4,20,"晴","夜間(或隧道、地下道、涵洞)有照明",60,"四岔路","交叉路口內","柏油","乾燥","良好","正常","中央分向島","寛式快慢車道分隔島(50公分以上)","有",42,"不明",120.545334,23.97123,"彰化縣","員林市"
"同向擦撞","2019",10,4,20,"晴","夜間(或隧道、地下道、涵洞)有照明",60,"四岔路","交叉路口內","柏油","乾燥","良好","正常","中央分向島","寛式快慢車道分隔島(50公分以上)","有",34,"不明",120.545334,23.97123,"彰化縣","員林市"
"穿越道路中","2019",10,4,22,"晴","夜間(或隧道、地下道、涵洞)有照明",50,"直路","快車道","柏油","乾燥","良好","無號誌","中央分向島","快慢車道分隔線","無",23,"未使用",120.69088,24.147341,"臺中市","東區"
"穿越道路中","2019",10,4,22,"晴","夜間(或隧道、地下道、涵洞)有照明",50,"直路","快車道","柏油","乾燥","良好","無號誌","中央分向島","快慢車道分隔線","無",51,"非汽(機)車駕駛人",120.69088,24.147341,"臺中市","東區"
"路上翻車、摔倒","2019",10,5,2,"晴","夜間(或隧道、地下道、涵洞)有照明",50,"直路","一般車道(未劃分快慢車道)","柏油","乾燥","良好","無號誌","無","未繪設快慢車道分隔線","無",108,"",120.334409,22.727957,"高雄市","楠梓區"
"路上翻車、摔倒","2019",10,5,2,"晴","夜間(或隧道、地下道、涵洞)有照明",50,"直路","一般車道(未劃分快慢車道)","柏油","乾燥","良好","無號誌","無","未繪設快慢車道分隔線","無",40,"未使用",120.334409,22.727957,"高雄市","楠梓區"
"側撞","2019",10,5,4,"晴","夜間(或隧道、地下道、涵洞)有照明",50,"四岔路","交叉路口內","柏油","乾燥","良好","正常","雙向禁止超車線","未繪設快慢車道分隔線","有",16,"未使用",121.56262,23.784592,"花蓮縣","壽豐鄉"
"側撞","2019",10,5,4,"晴","夜間(或隧道、地下道、涵洞)有照明",50,"四岔路","交叉路口內","柏油","乾燥","良好","正常","雙向禁止超車線","未繪設快慢車道分隔線","有",82,"未使用",121.56262,23.784592,"花蓮縣","壽豐鄉"
"側撞","2019",10,5,12,"晴","日間自然光線",50,"直路","交通島(含槽化線)","柏油","乾燥","良好","正常","中央分向島","寛式快慢車道分隔島(50公分以上)","有",48,"不明",120.984161,24.816839,"新竹市","東區"
"側撞","2019",10,5,12,"晴","日間自然光線",50,"直路","交通島(含槽化線)","柏油","乾燥","良好","正常","中央分向島","寛式快慢車道分隔島(50公分以上)","有",34,"不明",120.984161,24.816839,"新竹市","東區"
"路上翻車、摔倒","2019",10,5,13,"晴","日間自然光線",80,"彎曲路及附近","一般車道(未劃分快慢車道)","柏油","乾燥","良好","無號誌","中央分向島","未繪設快慢車道分隔線","有",36,"不明",121.444316,25.058071,"新北市","八里區"
"路上翻車、摔倒","2019",10,5,13,"晴","日間自然光線",80,"彎曲路及附近","一般車道(未劃分快慢車道)","柏油","乾燥","良好","無號誌","中央分向島","未繪設快慢車道分隔線","有",37,"不明",121.444316,25.058071,"新北市","八里區"
"路上翻車、摔倒","2019",10,5,13,"晴","日間自然光線",80,"彎曲路及附近","一般車道(未劃分快慢車道)","柏油","乾燥","良好","無號誌","中央分向島","未繪設快慢車道分隔線","有",32,"不明",121.444316,25.058071,"新北市","八里區"
"路上翻車、摔倒","2019",10,5,13,"晴","日間自然光線",80,"彎曲路及附近","一般車道(未劃分快慢車道)","柏油","乾燥","良好","無號誌","中央分向島","未繪設快慢車道分隔線","有",53,"不明",121.444316,25.058071,"新北市","八里區"
"路上翻車、摔倒","2019",10,5,13,"晴","日間自然光線",80,"彎曲路及附近","一般車道(未劃分快慢車道)","柏油","乾燥","良好","無號誌","中央分向島","未繪設快慢車道分隔線","有",69,"不明",121.444316,25.058071,"新北市","八里區"
"對向擦撞","2019",10,5,13,"晴","日間自然光線",40,"彎曲路及附近","一般車道(未劃分快慢車道)","柏油","乾燥","良好","無號誌","雙向禁止超車線","未繪設快慢車道分隔線","有",18,"未使用",121.366035,24.910011,"新北市","三峽區"
"對向擦撞","2019",10,5,13,"晴","日間自然光線",40,"彎曲路及附近","一般車道(未劃分快慢車道)","柏油","乾燥","良好","無號誌","雙向禁止超車線","未繪設快慢車道分隔線","有",44,"未使用",121.366035,24.910011,"新北市","三峽區"
"對向擦撞","2019",10,5,13,"晴","日間自然光線",40,"彎曲路及附近","一般車道(未劃分快慢車道)","柏油","乾燥","良好","無號誌","雙向禁止超車線","未繪設快慢車道分隔線","有",16,"非汽(機)車駕駛人",121.366035,24.910011,"新北市","三峽區"
"對向擦撞","2019",10,5,13,"晴","日間自然光線",40,"彎曲路及附近","一般車道(未劃分快慢車道)","柏油","乾燥","良好","無號誌","雙向禁止超車線","未繪設快慢車道分隔線","有",65,"未使用",121.366035,24.910011,"新北市","三峽區"
"穿越道路中","2019",10,6,5,"晴","晨或暮光",60,"四岔路","一般車道(未劃分快慢車道)","柏油","乾燥","良好","正常","行車分向線","快慢車道分隔線","有",70,"未使用",120.709223,24.23343,"臺中市","潭子區"
"穿越道路中","2019",10,6,5,"晴","晨或暮光",60,"四岔路","一般車道(未劃分快慢車道)","柏油","乾燥","良好","正常","行車分向線","快慢車道分隔線","有",75,"非汽(機)車駕駛人",120.709223,24.23343,"臺中市","潭子區"
"撞交通島","2019",10,6,5,"陰","夜間(或隧道、地下道、涵洞)有照明",50,"四岔路","快車道","柏油","濕潤","良好","正常","中央分向島","快慢車道分隔線","有",23,"未使用",120.447034,22.495212,"屏東縣","新園鄉"
"側撞","2019",10,6,9,"晴","日間自然光線",40,"三岔路","交叉路口內","柏油","乾燥","良好","正常","中央分向島","快慢車道分隔線","有",83,"未使用",120.30152,22.62716,"高雄市","梓官區"
"側撞","2019",10,6,9,"晴","日間自然光線",40,"三岔路","交叉路口內","柏油","乾燥","良好","正常","中央分向島","快慢車道分隔線","有",56,"未使用",120.30152,22.62716,"高雄市","梓官區"
"同向擦撞","2019",10,6,22,"晴","夜間(或隧道、地下道、涵洞)有照明",50,"多岔路","交叉口附近","柏油","乾燥","良好","正常","中央分向島","快慢車道分隔線","有",63,"非汽(機)車駕駛人",120.488702,22.725537,"屏東縣","九如鄉"
"同向擦撞","2019",10,6,22,"晴","夜間(或隧道、地下道、涵洞)有照明",50,"多岔路","交叉口附近","柏油","乾燥","良好","正常","中央分向島","快慢車道分隔線","有",20,"未使用",120.488702,22.725537,"屏東縣","九如鄉"
"同向擦撞","2019",10,6,22,"晴","夜間(或隧道、地下道、涵洞)有照明",50,"多岔路","交叉口附近","柏油","乾燥","良好","正常","中央分向島","快慢車道分隔線","有",39,"未使用",120.488702,22.725537,"屏東縣","九如鄉"
"其他","2019",10,7,9,"晴","日間自然光線",50,"四岔路","交叉路口內","柏油","乾燥","良好","正常","無","未繪設快慢車道分隔線","無",22,"未使用",120.655677,24.393189,"臺中市","大甲區"
"其他","2019",10,7,9,"晴","日間自然光線",50,"四岔路","交叉路口內","柏油","乾燥","良好","正常","無","未繪設快慢車道分隔線","無",38,"未使用",120.655677,24.393189,"臺中市","大甲區"
"撞路樹、電桿","2019",10,7,11,"晴","日間自然光線",40,"直路","一般車道(未劃分快慢車道)","柏油","乾燥","良好","無號誌","無","未繪設快慢車道分隔線","無",18,"不明",120.227194,23.592954,"雲林縣","水林鄉"
"追撞","2019",10,7,13,"晴","日間自然光線",40,"彎曲路及附近","一般車道(未劃分快慢車道)","柏油","乾燥","不良","無號誌","行車分向線","未繪設快慢車道分隔線","有",57,"未使用",120.649825,23.93833,"南投縣","南投市"
"追撞","2019",10,7,13,"晴","日間自然光線",40,"彎曲路及附近","一般車道(未劃分快慢車道)","柏油","乾燥","不良","無號誌","行車分向線","未繪設快慢車道分隔線","有",35,"未使用",120.649825,23.93833,"南投縣","南投市"
"追撞","2019",10,7,13,"晴","日間自然光線",40,"彎曲路及附近","一般車道(未劃分快慢車道)","柏油","乾燥","不良","無號誌","行車分向線","未繪設快慢車道分隔線","有",38,"非汽(機)車駕駛人",120.649825,23.93833,"南投縣","南投市"
"撞路樹、電桿","2019",10,7,15,"晴","日間自然光線",50,"彎曲路及附近","一般車道(未劃分快慢車道)","柏油","乾燥","不良","無號誌","行車分向線","未繪設快慢車道分隔線","有",45,"使用手持或有礙駕駛安全",120.776559,24.498538,"苗栗縣","銅鑼鄉"
"撞路樹、電桿","2019",10,7,15,"晴","日間自然光線",50,"彎曲路及附近","一般車道(未劃分快慢車道)","柏油","乾燥","不良","無號誌","行車分向線","未繪設快慢車道分隔線","有",9,"非汽(機)車駕駛人",120.776559,24.498538,"苗栗縣","銅鑼鄉"
"側撞","2019",10,7,17,"晴","日間自然光線",60,"三岔路","交叉口附近","柏油","乾燥","良好","無號誌","中央分向島","快慢車道分隔線","有",55,"未使用",120.190912,23.144668,"臺南市","西港區"
"側撞","2019",10,7,17,"晴","日間自然光線",60,"三岔路","交叉口附近","柏油","乾燥","良好","無號誌","中央分向島","快慢車道分隔線","有",29,"未使用",120.190912,23.144668,"臺南市","西港區"
"穿越道路中","2019",10,7,18,"晴","夜間(或隧道、地下道、涵洞)有照明",50,"直路","一般車道(未劃分快慢車道)","柏油","乾燥","良好","無號誌","雙向禁止超車線","未繪設快慢車道分隔線","有",49,"未使用",121.742926,25.088489,"基隆市","暖暖區"
"穿越道路中","2019",10,7,18,"晴","夜間(或隧道、地下道、涵洞)有照明",50,"直路","一般車道(未劃分快慢車道)","柏油","乾燥","良好","無號誌","雙向禁止超車線","未繪設快慢車道分隔線","有",89,"非汽(機)車駕駛人",121.742926,25.088489,"基隆市","暖暖區"
"路上翻車、摔倒","2019",10,8,3,"晴","夜間(或隧道、地下道、涵洞)無照明",30,"直路","一般車道(未劃分快慢車道)","柏油","乾燥","良好","無號誌","無","未繪設快慢車道分隔線","無",52,"不明",120.464087,23.58479,"嘉義縣","大林鎮"
"路口交岔撞","2019",10,8,5,"晴","晨或暮光",50,"四岔路","交叉路口內","柏油","乾燥","良好","正常","無","未繪設快慢車道分隔線","無",68,"未使用",120.291853,23.495241,"嘉義縣","六腳鄉"
"路口交岔撞","2019",10,8,5,"晴","晨或暮光",50,"四岔路","交叉路口內","柏油","乾燥","良好","正常","無","未繪設快慢車道分隔線","無",67,"未使用",120.291853,23.495241,"嘉義縣","六腳鄉"
"撞路樹、電桿","2019",10,8,6,"晴","日間自然光線",40,"直路","一般車道(未劃分快慢車道)","柏油","乾燥","良好","無號誌","無","未繪設快慢車道分隔線","有",68,"未使用",120.67914,24.312221,"臺中市","后里區"
"側撞","2019",10,8,7,"晴","日間自然光線",50,"三岔路","交叉路口內","柏油","乾燥","良好","正常","雙向禁止超車線","快慢車道分隔線","無",12,"未使用",121.402458,24.975954,"新北市","樹林區"
"側撞","2019",10,8,7,"晴","日間自然光線",50,"三岔路","交叉路口內","柏油","乾燥","良好","正常","雙向禁止超車線","快慢車道分隔線","無",69,"未使用",121.402458,24.975954,"新北市","樹林區"
"側撞","2019",10,8,7,"晴","日間自然光線",50,"三岔路","交叉路口內","柏油","乾燥","良好","正常","雙向禁止超車線","快慢車道分隔線","無",55,"未使用",121.402458,24.975954,"新北市","樹林區"
"其他","2019",10,8,11,"晴","日間自然光線",50,"三岔路","交叉口附近","柏油","乾燥","良好","正常","中央分向島","未繪設快慢車道分隔線","無",67,"不明",121.328509,24.964502,"新北市","鶯歌區"
"其他","2019",10,8,11,"晴","日間自然光線",50,"三岔路","交叉口附近","柏油","乾燥","良好","正常","中央分向島","未繪設快慢車道分隔線","無",33,"未使用",121.328509,24.964502,"新北市","鶯歌區"
"其他","2019",10,8,11,"晴","日間自然光線",50,"三岔路","交叉口附近","柏油","乾燥","良好","正常","中央分向島","未繪設快慢車道分隔線","無",88,"非汽(機)車駕駛人",121.328509,24.964502,"新北市","鶯歌區"
"穿越道路中","2019",10,9,4,"晴","夜間(或隧道、地下道、涵洞)有照明",60,"四岔路","交叉路口內","柏油","乾燥","良好","正常","無","未繪設快慢車道分隔線","無",38,"不明",120.674035,23.920575,"南投縣","南投市"
"穿越道路中","2019",10,9,4,"晴","夜間(或隧道、地下道、涵洞)有照明",60,"四岔路","交叉路口內","柏油","乾燥","良好","正常","無","未繪設快慢車道分隔線","無",23,"非汽(機)車駕駛人",120.674035,23.920575,"南投縣","南投市"
"撞路樹、電桿","2019",10,9,5,"晴","日間自然光線",40,"直路","一般車道(未劃分快慢車道)","柏油","乾燥","良好","無號誌","無","未繪設快慢車道分隔線","無",19,"不明",120.504395,24.116435,"彰化縣","和美鎮"
"側撞","2019",10,9,8,"晴","日間自然光線",50,"四岔路","交叉路口內","柏油","乾燥","良好","正常","無","未繪設快慢車道分隔線","有",17,"未使用",121.286248,24.887539,"桃園市","大溪區"
"側撞","2019",10,9,8,"晴","日間自然光線",50,"四岔路","交叉路口內","柏油","乾燥","良好","正常","無","未繪設快慢車道分隔線","有",34,"未使用",121.286248,24.887539,"桃園市","大溪區"
"追撞","2019",10,9,18,"晴","夜間(或隧道、地下道、涵洞)有照明",50,"四岔路","交叉口附近","柏油","乾燥","良好","無號誌","中央分向島","快慢車道分隔線","有",47,"未使用",120.488864,22.73268,"屏東縣","九如鄉"
"追撞","2019",10,9,18,"晴","夜間(或隧道、地下道、涵洞)有照明",50,"四岔路","交叉口附近","柏油","乾燥","良好","無號誌","中央分向島","快慢車道分隔線","有",82,"未使用",120.488864,22.73268,"屏東縣","九如鄉"
"穿越道路中","2019",10,10,6,"晴","日間自然光線",60,"直路","快車道","柏油","乾燥","良好","無號誌","中央分向島","快慢車道分隔線","有",53,"未使用",120.927449,24.788216,"新竹市","香山區"
"穿越道路中","2019",10,10,6,"晴","日間自然光線",60,"直路","快車道","柏油","乾燥","良好","無號誌","中央分向島","快慢車道分隔線","有",85,"未使用",120.927449,24.788216,"新竹市","香山區"
"追撞","2019",10,10,8,"晴","日間自然光線",50,"直路","一般車道(未劃分快慢車道)","柏油","乾燥","良好","無號誌","中央分向島","未繪設快慢車道分隔線","無",23,"未使用",121.559925,25.033434,"臺北市","信義區"
"追撞","2019",10,10,8,"晴","日間自然光線",50,"直路","一般車道(未劃分快慢車道)","柏油","乾燥","良好","無號誌","中央分向島","未繪設快慢車道分隔線","無",52,"未使用",121.559925,25.033434,"臺北市","信義區"
"追撞","2019",10,10,8,"晴","日間自然光線",50,"直路","一般車道(未劃分快慢車道)","柏油","乾燥","良好","無號誌","中央分向島","未繪設快慢車道分隔線","無",55,"未使用",121.559925,25.033434,"臺北市","信義區"
"追撞","2019",10,10,8,"晴","日間自然光線",50,"直路","一般車道(未劃分快慢車道)","柏油","乾燥","良好","無號誌","中央分向島","未繪設快慢車道分隔線","無",37,"未使用",121.559925,25.033434,"臺北市","信義區"
"追撞","2019",10,10,8,"晴","日間自然光線",50,"三岔路","交叉口附近","柏油","乾燥","良好","正常","雙向禁止超車線","未繪設快慢車道分隔線","有",36,"不明",120.429714,23.613588,"嘉義縣","大林鎮"
"追撞","2019",10,10,8,"晴","日間自然光線",50,"三岔路","交叉口附近","柏油","乾燥","良好","正常","雙向禁止超車線","未繪設快慢車道分隔線","有",22,"未使用",120.429714,23.613588,"嘉義縣","大林鎮"
"撞路樹、電桿","2019",10,10,11,"晴","日間自然光線",40,"彎曲路及附近","一般車道(未劃分快慢車道)","柏油","乾燥","良好","無號誌","雙向禁止超車線","未繪設快慢車道分隔線","有",60,"未使用",121.08018,23.99903,"南投縣","仁愛鄉"
"撞路樹、電桿","2019",10,10,11,"晴","日間自然光線",40,"彎曲路及附近","一般車道(未劃分快慢車道)","柏油","乾燥","良好","無號誌","雙向禁止超車線","未繪設快慢車道分隔線","有",14,"未使用",121.08018,23.99903,"南投縣","仁愛鄉"
"撞路樹、電桿","2019",10,10,11,"晴","日間自然光線",40,"彎曲路及附近","一般車道(未劃分快慢車道)","柏油","乾燥","良好","無號誌","雙向禁止超車線","未繪設快慢車道分隔線","有",14,"未使用",121.08018,23.99903,"南投縣","仁愛鄉"
"同向擦撞","2019",10,10,12,"晴","日間自然光線",60,"直路","一般車道(未劃分快慢車道)","柏油","乾燥","良好","正常","中央分向島","未繪設快慢車道分隔線","有",25,"未使用",120.460918,23.697062,"雲林縣","虎尾鎮"