"事故類型及型態子類別名稱","發生年度","發生月份","發生日期","發生時間","天候名稱","光線名稱","速限.第1當事者","道路型態子類別名稱","事故位置子類別名稱","路面狀況.路面鋪裝名稱","路面狀況.路面狀態名稱","道路障礙.視距品質名稱","號誌.號誌動作名稱","車道劃分設施.分向設施大類別名稱","車道劃分設施.分道設施.快慢車道間名稱","車道劃分設施.分道設施.路面邊線名稱","當事者事故發生時年齡","行動電話或電腦或其他相類功能裝置名稱","經度","緯度","縣市","鄉鎮"
"同向擦撞","2019",10,10,12,"晴","日間自然光線",60,"直路","一般車道(未劃分快慢車道)","柏油","乾燥","良好","正常","中央分向島","未繪設快慢車道分隔線","有",22,"未使用",120.460918,23.697062,"雲林縣","虎尾鎮"
"同向擦撞","2019",10,10,12,"晴","日間自然光線",60,"直路","一般車道(未劃分快慢車道)","柏油","乾燥","良好","正常","中央分向島","未繪設快慢車道分隔線","有",22,"未使用",120.460918,23.697062,"雲林縣","虎尾鎮"
"同向擦撞","2019",10,10,12,"晴","日間自然光線",60,"直路","一般車道(未劃分快慢車道)","柏油","乾燥","良好","正常","中央分向島","未繪設快慢車道分隔線","有",34,"未使用",120.460918,23.697062,"雲林縣","虎尾鎮"
"其他","2019",10,10,16,"晴","日間自然光線",50,"直路","一般車道(未劃分快慢車道)","柏油","乾燥","良好","無號誌","雙向禁止超車線","未繪設快慢車道分隔線","有",28,"不明",120.458705,24.055495,"彰化縣","鹿港鎮"
"其他","2019",10,10,16,"晴","日間自然光線",50,"直路","一般車道(未劃分快慢車道)","柏油","乾燥","良好","無號誌","雙向禁止超車線","未繪設快慢車道分隔線","有",38,"未使用",120.458705,24.055495,"彰化縣","鹿港鎮"
"追撞","2019",10,10,19,"晴","夜間(或隧道、地下道、涵洞)有照明",40,"地下道","機車專用道","柏油","乾燥","良好","無號誌","雙向禁止超車線","快慢車道分隔線","有",37,"未使用",120.299483,22.789222,"高雄市","岡山區"
"追撞","2019",10,10,19,"晴","夜間(或隧道、地下道、涵洞)有照明",40,"地下道","機車專用道","柏油","乾燥","良好","無號誌","雙向禁止超車線","快慢車道分隔線","有",68,"非汽(機)車駕駛人",120.299483,22.789222,"高雄市","岡山區"
"路口交岔撞","2019",10,10,23,"晴","夜間(或隧道、地下道、涵洞)有照明",40,"四岔路","交叉路口內","柏油","乾燥","良好","無號誌","無","未繪設快慢車道分隔線","無",29,"不明",121.31037,24.995107,"桃園市","桃園區"
"路口交岔撞","2019",10,10,23,"晴","夜間(或隧道、地下道、涵洞)有照明",40,"四岔路","交叉路口內","柏油","乾燥","良好","無號誌","無","未繪設快慢車道分隔線","無",24,"未使用",121.31037,24.995107,"桃園市","桃園區"
"側撞","2019",10,11,3,"晴","夜間(或隧道、地下道、涵洞)有照明",50,"直路","快車道","柏油","乾燥","良好","無號誌","行車分向線","快慢車道分隔線","有",23,"未使用",120.304113,23.303647,"臺南市","新營區"
"側撞","2019",10,11,3,"晴","夜間(或隧道、地下道、涵洞)有照明",50,"直路","快車道","柏油","乾燥","良好","無號誌","行車分向線","快慢車道分隔線","有",60,"非汽(機)車駕駛人",120.304113,23.303647,"臺南市","新營區"
"路口交岔撞","2019",10,11,4,"晴","夜間(或隧道、地下道、涵洞)有照明",50,"多岔路","交叉路口內","柏油","乾燥","良好","正常","無","未繪設快慢車道分隔線","無",36,"未使用",121.492743,25.0523,"新北市","三重區"
"路口交岔撞","2019",10,11,4,"晴","夜間(或隧道、地下道、涵洞)有照明",50,"多岔路","交叉路口內","柏油","乾燥","良好","正常","無","未繪設快慢車道分隔線","無",18,"未使用",121.492743,25.0523,"新北市","三重區"
"其他","2019",10,11,7,"晴","日間自然光線",50,"直路","路肩、路緣","柏油","乾燥","良好","無號誌","行車分向線","未繪設快慢車道分隔線","有",41,"不明",120.460515,23.528633,"嘉義縣","民雄鄉"
"其他","2019",10,11,7,"晴","日間自然光線",50,"直路","路肩、路緣","柏油","乾燥","良好","無號誌","行車分向線","未繪設快慢車道分隔線","有",38,"不明",120.460515,23.528633,"嘉義縣","民雄鄉"
"追撞","2019",10,11,14,"晴","日間自然光線",50,"四岔路","交叉路口內","柏油","乾燥","良好","正常","雙向禁止超車線","未繪設快慢車道分隔線","無",72,"未使用",120.322554,22.615347,"高雄市","前鎮區"
"追撞","2019",10,11,14,"晴","日間自然光線",50,"四岔路","交叉路口內","柏油","乾燥","良好","正常","雙向禁止超車線","未繪設快慢車道分隔線","無",55,"非汽(機)車駕駛人",120.322554,22.615347,"高雄市","前鎮區"
"追撞","2019",10,11,15,"晴","日間自然光線",50,"橋樑","一般車道(未劃分快慢車道)","柏油","濕潤","良好","無號誌","中央分向島","未繪設快慢車道分隔線","無",32,"不明",120.98031,24.827317,"新竹市","北區"
"追撞","2019",10,11,15,"晴","日間自然光線",50,"橋樑","一般車道(未劃分快慢車道)","柏油","濕潤","良好","無號誌","中央分向島","未繪設快慢車道分隔線","無",60,"不明",120.98031,24.827317,"新竹市","北區"
"從停車後(或中)穿出","2019",10,11,17,"晴","晨或暮光",50,"直路","快車道","柏油","乾燥","良好","無號誌","行車分向線","未繪設快慢車道分隔線","無",74,"未使用",120.481056,22.895112,"高雄市","旗山區"
"從停車後(或中)穿出","2019",10,11,17,"晴","晨或暮光",50,"直路","快車道","柏油","乾燥","良好","無號誌","行車分向線","未繪設快慢車道分隔線","無",63,"未使用",120.481056,22.895112,"高雄市","旗山區"
"從停車後(或中)穿出","2019",10,11,17,"晴","晨或暮光",50,"直路","快車道","柏油","乾燥","良好","無號誌","行車分向線","未繪設快慢車道分隔線","無",82,"未使用",120.481056,22.895112,"高雄市","旗山區"
"從停車後(或中)穿出","2019",10,11,17,"晴","晨或暮光",50,"直路","快車道","柏油","乾燥","良好","無號誌","行車分向線","未繪設快慢車道分隔線","無",78,"非汽(機)車駕駛人",120.481056,22.895112,"高雄市","旗山區"
"其他","2019",10,12,4,"晴","夜間(或隧道、地下道、涵洞)有照明",70,"三岔路","交叉路口內","柏油","乾燥","良好","正常","中央分向島","未繪設快慢車道分隔線","無",86,"非汽(機)車駕駛人",120.675539,22.228955,"屏東縣","枋山鄉"
"其他","2019",10,12,4,"晴","夜間(或隧道、地下道、涵洞)有照明",70,"三岔路","交叉路口內","柏油","乾燥","良好","正常","中央分向島","未繪設快慢車道分隔線","無",50,"不明",120.675539,22.228955,"屏東縣","枋山鄉"
"撞路樹、電桿","2019",10,12,9,"晴","日間自然光線",50,"直路","一般車道(未劃分快慢車道)","柏油","乾燥","良好","無號誌","中央分向島","未繪設快慢車道分隔線","有",38,"未使用",120.329872,23.220955,"臺南市","官田區"
"同向擦撞","2019",10,12,11,"晴","日間自然光線",60,"三岔路","交叉路口內","柏油","乾燥","良好","正常","單向禁止超車線","快慢車道分隔線","有",74,"未使用",120.470571,22.484347,"屏東縣","東港鎮"
"同向擦撞","2019",10,12,11,"晴","日間自然光線",60,"三岔路","交叉路口內","柏油","乾燥","良好","正常","單向禁止超車線","快慢車道分隔線","有",33,"未使用",120.470571,22.484347,"屏東縣","東港鎮"
"衝出路外","2019",10,12,12,"晴","日間自然光線",70,"直路","其他","柏油","乾燥","良好","無號誌","中央分向島","快慢車道分隔線","有",66,"未使用",120.312301,23.257535,"臺南市","六甲區"
"撞護欄(樁)","2019",10,12,16,"晴","日間自然光線",40,"彎曲路及附近","一般車道(未劃分快慢車道)","柏油","乾燥","良好","無號誌","雙向禁止超車線","未繪設快慢車道分隔線","有",17,"未使用",120.617644,23.341448,"嘉義縣","番路鄉"
"穿越道路中","2019",10,12,16,"晴","日間自然光線",50,"直路","一般車道(未劃分快慢車道)","柏油","乾燥","良好","無號誌","雙向禁止超車線","未繪設快慢車道分隔線","有",57,"未使用",120.262696,23.000942,"臺南市","永康區"
"穿越道路中","2019",10,12,16,"晴","日間自然光線",50,"直路","一般車道(未劃分快慢車道)","柏油","乾燥","良好","無號誌","雙向禁止超車線","未繪設快慢車道分隔線","有",75,"非汽(機)車駕駛人",120.262696,23.000942,"臺南市","永康區"
"路上翻車、摔倒","2019",10,13,2,"晴","夜間(或隧道、地下道、涵洞)有照明",40,"橋樑","快車道","柏油","乾燥","良好","無號誌","中央分向島","快慢車道分隔線","有",21,"未使用",121.44255,24.998942,"新北市","樹林區"
"衝出路外","2019",10,13,7,"晴","日間自然光線",50,"直路","路肩、路緣","柏油","乾燥","良好","無號誌","行車分向線","快慢車道分隔線","有",22,"不明",120.426345,23.447248,"嘉義縣","水上鄉"
"衝出路外","2019",10,13,16,"晴","日間自然光線",50,"彎曲路及附近","一般車道(未劃分快慢車道)","水泥","乾燥","良好","無號誌","雙向禁止超車線","未繪設快慢車道分隔線","有",17,"未使用",119.967875,26.206921,"連江縣","北竿鄉"
"衝出路外","2019",10,13,16,"晴","日間自然光線",50,"彎曲路及附近","一般車道(未劃分快慢車道)","水泥","乾燥","良好","無號誌","雙向禁止超車線","未繪設快慢車道分隔線","有",17,"未使用",119.967875,26.206921,"連江縣","北竿鄉"
"衝出路外","2019",10,13,16,"晴","日間自然光線",50,"彎曲路及附近","一般車道(未劃分快慢車道)","水泥","乾燥","良好","無號誌","雙向禁止超車線","未繪設快慢車道分隔線","有",17,"非汽(機)車駕駛人",119.967875,26.206921,"連江縣","北竿鄉"
"衝出路外","2019",10,13,16,"晴","日間自然光線",50,"彎曲路及附近","一般車道(未劃分快慢車道)","水泥","乾燥","良好","無號誌","雙向禁止超車線","未繪設快慢車道分隔線","有",15,"非汽(機)車駕駛人",119.967875,26.206921,"連江縣","北竿鄉"
"其他","2019",10,13,18,"晴","夜間(或隧道、地下道、涵洞)有照明",50,"其他","一般車道(未劃分快慢車道)","柏油","乾燥","良好","無號誌","無","未繪設快慢車道分隔線","無",47,"未使用",121.510422,25.087219,"臺北市","士林區"
"其他","2019",10,13,18,"晴","夜間(或隧道、地下道、涵洞)有照明",50,"其他","一般車道(未劃分快慢車道)","柏油","乾燥","良好","無號誌","無","未繪設快慢車道分隔線","無",70,"未使用",121.510422,25.087219,"臺北市","士林區"
"其他","2019",10,13,18,"晴","夜間(或隧道、地下道、涵洞)有照明",50,"其他","一般車道(未劃分快慢車道)","柏油","乾燥","良好","無號誌","無","未繪設快慢車道分隔線","無",20,"未使用",121.510422,25.087219,"臺北市","士林區"
"撞路樹、電桿","2019",10,13,20,"雨","夜間(或隧道、地下道、涵洞)有照明",40,"直路","一般車道(未劃分快慢車道)","柏油","濕潤","良好","無號誌","無","未繪設快慢車道分隔線","有",108,"",120.551652,22.86072,"高雄市","美濃區"
"撞路樹、電桿","2019",10,13,20,"雨","夜間(或隧道、地下道、涵洞)有照明",40,"直路","一般車道(未劃分快慢車道)","柏油","濕潤","良好","無號誌","無","未繪設快慢車道分隔線","有",55,"未使用",120.551652,22.86072,"高雄市","美濃區"
"路口交岔撞","2019",10,14,10,"晴","日間自然光線",50,"四岔路","交叉路口內","柏油","乾燥","良好","正常","無","未繪設快慢車道分隔線","無",90,"未使用",120.491261,23.853463,"彰化縣","溪州鄉"
"路口交岔撞","2019",10,14,10,"晴","日間自然光線",50,"四岔路","交叉路口內","柏油","乾燥","良好","正常","無","未繪設快慢車道分隔線","無",30,"未使用",120.491261,23.853463,"彰化縣","溪州鄉"
"穿越道路中","2019",10,14,12,"晴","日間自然光線",50,"四岔路","交叉路口內","柏油","乾燥","良好","正常","雙向禁止超車線","未繪設快慢車道分隔線","無",60,"不明",121.499717,25.130142,"臺北市","北投區"
"穿越道路中","2019",10,14,12,"晴","日間自然光線",50,"四岔路","交叉路口內","柏油","乾燥","良好","正常","雙向禁止超車線","未繪設快慢車道分隔線","無",91,"非汽(機)車駕駛人",121.499717,25.130142,"臺北市","北投區"
"側撞","2019",10,14,15,"晴","日間自然光線",50,"四岔路","交叉路口內","柏油","乾燥","良好","正常","中央分向島","未繪設快慢車道分隔線","有",49,"未使用",120.509508,24.149114,"彰化縣","和美鎮"
"側撞","2019",10,14,15,"晴","日間自然光線",50,"四岔路","交叉路口內","柏油","乾燥","良好","正常","中央分向島","未繪設快慢車道分隔線","有",55,"未使用",120.509508,24.149114,"彰化縣","和美鎮"
"穿越道路中","2019",10,14,21,"陰","夜間(或隧道、地下道、涵洞)有照明",50,"三岔路","交叉路口內","柏油","乾燥","良好","無號誌","雙向禁止超車線","未繪設快慢車道分隔線","無",30,"未使用",121.521851,25.057801,"臺北市","中山區"
"穿越道路中","2019",10,14,21,"陰","夜間(或隧道、地下道、涵洞)有照明",50,"三岔路","交叉路口內","柏油","乾燥","良好","無號誌","雙向禁止超車線","未繪設快慢車道分隔線","無",74,"非汽(機)車駕駛人",121.521851,25.057801,"臺北市","中山區"
"路口交岔撞","2019",10,15,11,"晴","日間自然光線",40,"四岔路","交叉路口內","柏油","乾燥","不良","無號誌","無","未繪設快慢車道分隔線","無",44,"不明",120.553865,23.758138,"雲林縣","莿桐鄉"
"路口交岔撞","2019",10,15,11,"晴","日間自然光線",40,"四岔路","交叉路口內","柏油","乾燥","不良","無號誌","無","未繪設快慢車道分隔線","無",47,"不明",120.553865,23.758138,"雲林縣","莿桐鄉"
"側撞","2019",10,15,12,"晴","日間自然光線",40,"三岔路","交叉路口內","柏油","乾燥","良好","無號誌","無","未繪設快慢車道分隔線","無",55,"未使用",120.385391,22.808215,"高雄市","燕巢區"
"側撞","2019",10,15,12,"晴","日間自然光線",40,"三岔路","交叉路口內","柏油","乾燥","良好","無號誌","無","未繪設快慢車道分隔線","無",62,"未使用",120.385391,22.808215,"高雄市","燕巢區"
"其他","2019",10,15,16,"晴","日間自然光線",60,"直路","快車道","柏油","乾燥","良好","無號誌","中央分向島","未繪設快慢車道分隔線","有",35,"未使用",120.616095,24.34975,"臺中市","大安區"
"其他","2019",10,15,16,"晴","日間自然光線",60,"直路","快車道","柏油","乾燥","良好","無號誌","中央分向島","未繪設快慢車道分隔線","有",77,"未使用",120.616095,24.34975,"臺中市","大安區"
"撞路樹、電桿","2019",10,15,20,"晴","夜間(或隧道、地下道、涵洞)有照明",50,"直路","一般車道(未劃分快慢車道)","柏油","乾燥","不良","無號誌","雙向禁止超車線","未繪設快慢車道分隔線","有",31,"未使用",120.49442,23.927047,"彰化縣","溪湖鎮"
"其他","2019",10,15,22,"陰","夜間(或隧道、地下道、涵洞)有照明",50,"直路","一般車道(未劃分快慢車道)","柏油","乾燥","良好","無號誌","行車分向線","未繪設快慢車道分隔線","有",54,"不明",121.089587,24.742752,"新竹縣","竹東鎮"
"其他","2019",10,15,22,"陰","夜間(或隧道、地下道、涵洞)有照明",50,"直路","一般車道(未劃分快慢車道)","柏油","乾燥","良好","無號誌","行車分向線","未繪設快慢車道分隔線","有",40,"不明",121.089587,24.742752,"新竹縣","竹東鎮"
"其他","2019",10,15,22,"陰","夜間(或隧道、地下道、涵洞)有照明",50,"直路","一般車道(未劃分快慢車道)","柏油","乾燥","良好","無號誌","行車分向線","未繪設快慢車道分隔線","有",54,"不明",121.089587,24.742752,"新竹縣","竹東鎮"
"其他","2019",10,15,22,"陰","夜間(或隧道、地下道、涵洞)有照明",50,"直路","一般車道(未劃分快慢車道)","柏油","乾燥","良好","無號誌","行車分向線","未繪設快慢車道分隔線","有",54,"不明",121.089587,24.742752,"新竹縣","竹東鎮"
"其他","2019",10,15,22,"陰","夜間(或隧道、地下道、涵洞)有照明",50,"直路","一般車道(未劃分快慢車道)","柏油","乾燥","良好","無號誌","行車分向線","未繪設快慢車道分隔線","有",27,"未使用",121.089587,24.742752,"新竹縣","竹東鎮"
"其他","2019",10,16,4,"陰","夜間(或隧道、地下道、涵洞)有照明",50,"直路","一般車道(未劃分快慢車道)","柏油","乾燥","良好","無號誌","雙向禁止超車線","未繪設快慢車道分隔線","有",25,"未使用",121.822257,24.668209,"宜蘭縣","五結鄉"
"其他","2019",10,16,4,"陰","夜間(或隧道、地下道、涵洞)有照明",50,"直路","一般車道(未劃分快慢車道)","柏油","乾燥","良好","無號誌","雙向禁止超車線","未繪設快慢車道分隔線","有",71,"未使用",121.822257,24.668209,"宜蘭縣","五結鄉"
"側撞","2019",10,16,7,"晴","日間自然光線",40,"直路","一般車道(未劃分快慢車道)","柏油","乾燥","良好","無號誌","雙向禁止超車線","快慢車道分隔線","有",15,"使用手持或有礙駕駛安全",120.488282,24.139633,"彰化縣","伸港鄉"
"側撞","2019",10,16,7,"晴","日間自然光線",40,"直路","一般車道(未劃分快慢車道)","柏油","乾燥","良好","無號誌","雙向禁止超車線","快慢車道分隔線","有",73,"未使用",120.488282,24.139633,"彰化縣","伸港鄉"
"追撞","2019",10,16,9,"晴","日間自然光線",50,"直路","慢車道","柏油","乾燥","不良","無號誌","中央分向島","快慢車道分隔線","無",16,"未使用",120.345987,22.583707,"高雄市","小港區"
"追撞","2019",10,16,9,"晴","日間自然光線",50,"直路","慢車道","柏油","乾燥","不良","無號誌","中央分向島","快慢車道分隔線","無",49,"未使用",120.345987,22.583707,"高雄市","小港區"
"追撞","2019",10,16,9,"晴","日間自然光線",50,"直路","慢車道","柏油","乾燥","不良","無號誌","中央分向島","快慢車道分隔線","無",41,"未使用",120.345987,22.583707,"高雄市","小港區"
"追撞","2019",10,16,9,"晴","日間自然光線",50,"直路","慢車道","柏油","乾燥","不良","無號誌","中央分向島","快慢車道分隔線","無",43,"未使用",120.345987,22.583707,"高雄市","小港區"
"其他","2019",10,16,16,"晴","日間自然光線",50,"多岔路","交叉路口內","柏油","乾燥","良好","正常","無","未繪設快慢車道分隔線","無",47,"未使用",120.694077,24.142744,"臺中市","東區"
"其他","2019",10,16,16,"晴","日間自然光線",50,"多岔路","交叉路口內","柏油","乾燥","良好","正常","無","未繪設快慢車道分隔線","無",72,"未使用",120.694077,24.142744,"臺中市","東區"
"其他","2019",10,16,16,"晴","日間自然光線",50,"多岔路","交叉路口內","柏油","乾燥","良好","正常","無","未繪設快慢車道分隔線","無",13,"非汽(機)車駕駛人",120.694077,24.142744,"臺中市","東區"
"其他","2019",10,17,5,"晴","日間自然光線",90,"直路","快車道","柏油","乾燥","良好","無號誌","中央分向島","未繪設快慢車道分隔線","有",42,"不明",120.978951,24.928765,"新竹縣","新豐鄉"
"其他","2019",10,17,5,"晴","日間自然光線",90,"直路","快車道","柏油","乾燥","良好","無號誌","中央分向島","未繪設快慢車道分隔線","有",64,"不明",120.978951,24.928765,"新竹縣","新豐鄉"
"撞號誌、標誌桿","2019",10,17,6,"陰","日間自然光線",30,"彎曲路及附近","一般車道(未劃分快慢車道)","柏油","乾燥","良好","無號誌","無","未繪設快慢車道分隔線","有",36,"不明",121.180229,25.01332,"桃園市","中壢區"
"穿越道路中","2019",10,17,8,"陰","日間自然光線",50,"直路","一般車道(未劃分快慢車道)","柏油","乾燥","良好","正常","中央分向島","未繪設快慢車道分隔線","無",38,"未使用",121.606935,25.078027,"臺北市","內湖區"
"穿越道路中","2019",10,17,8,"陰","日間自然光線",50,"直路","一般車道(未劃分快慢車道)","柏油","乾燥","良好","正常","中央分向島","未繪設快慢車道分隔線","無",89,"非汽(機)車駕駛人",121.606935,25.078027,"臺北市","內湖區"
"路上翻車、摔倒","2019",10,17,11,"晴","日間自然光線",90,"直路","快車道","柏油","乾燥","良好","無號誌","中央分向島","寛式快慢車道分隔島(50公分以上)","有",63,"未使用",120.452583,22.764555,"高雄市","大樹區"
"路上翻車、摔倒","2019",10,17,11,"晴","日間自然光線",90,"直路","快車道","柏油","乾燥","良好","無號誌","中央分向島","寛式快慢車道分隔島(50公分以上)","有",51,"未使用",120.452583,22.764555,"高雄市","大樹區"
"路上翻車、摔倒","2019",10,17,11,"晴","日間自然光線",90,"直路","快車道","柏油","乾燥","良好","無號誌","中央分向島","寛式快慢車道分隔島(50公分以上)","有",38,"不明",120.452583,22.764555,"高雄市","大樹區"
"其他","2019",10,17,14,"晴","日間自然光線",40,"直路","一般車道(未劃分快慢車道)","柏油","乾燥","良好","無號誌","雙向禁止超車線","未繪設快慢車道分隔線","無",71,"未使用",120.714863,24.120865,"臺中市","太平區"
"其他","2019",10,17,14,"晴","日間自然光線",40,"直路","一般車道(未劃分快慢車道)","柏油","乾燥","良好","無號誌","雙向禁止超車線","未繪設快慢車道分隔線","無",57,"未使用",120.714863,24.120865,"臺中市","太平區"
"其他","2019",10,17,14,"晴","日間自然光線",40,"直路","一般車道(未劃分快慢車道)","柏油","乾燥","良好","無號誌","雙向禁止超車線","未繪設快慢車道分隔線","無",38,"未使用",120.714863,24.120865,"臺中市","太平區"
"側撞","2019",10,17,18,"陰","夜間(或隧道、地下道、涵洞)有照明",70,"四岔路","交叉路口內","柏油","乾燥","良好","正常","中央分向島","寛式快慢車道分隔島(50公分以上)","有",58,"未使用",121.771492,24.748103,"宜蘭縣","宜蘭市"
"側撞","2019",10,17,18,"陰","夜間(或隧道、地下道、涵洞)有照明",70,"四岔路","交叉路口內","柏油","乾燥","良好","正常","中央分向島","寛式快慢車道分隔島(50公分以上)","有",37,"未使用",121.771492,24.748103,"宜蘭縣","宜蘭市"
"路上翻車、摔倒","2019",10,17,22,"晴","夜間(或隧道、地下道、涵洞)有照明",40,"直路","其他","柏油","乾燥","良好","無號誌","無","未繪設快慢車道分隔線","有",108,"",120.5375,22.8714,"高雄市","美濃區"
"路上翻車、摔倒","2019",10,17,22,"晴","夜間(或隧道、地下道、涵洞)有照明",40,"直路","其他","柏油","乾燥","良好","無號誌","無","未繪設快慢車道分隔線","有",63,"非汽(機)車駕駛人",120.5375,22.8714,"高雄市","美濃區"
"側撞","2019",10,18,0,"晴","夜間(或隧道、地下道、涵洞)有照明",50,"三岔路","交叉路口內","柏油","乾燥","良好","正常","無","未繪設快慢車道分隔線","無",30,"未使用",120.281807,23.062357,"臺南市","新市區"
"側撞","2019",10,18,0,"晴","夜間(或隧道、地下道、涵洞)有照明",50,"三岔路","交叉路口內","柏油","乾燥","良好","正常","無","未繪設快慢車道分隔線","無",29,"未使用",120.281807,23.062357,"臺南市","新市區"
"追撞","2019",10,18,6,"晴","晨或暮光",50,"直路","一般車道(未劃分快慢車道)","柏油","乾燥","良好","無號誌","雙向禁止超車線","未繪設快慢車道分隔線","無",14,"未使用",121.453082,25.046917,"新北市","新莊區"
"追撞","2019",10,18,6,"晴","晨或暮光",50,"直路","一般車道(未劃分快慢車道)","柏油","乾燥","良好","無號誌","雙向禁止超車線","未繪設快慢車道分隔線","無",59,"非汽(機)車駕駛人",121.453082,25.046917,"新北市","新莊區"
"衝出路外","2019",10,18,16,"晴","日間自然光線",70,"直路","路肩、路緣","柏油","乾燥","良好","無號誌","中央分向島","快慢車道分隔線","有",25,"未使用",120.315566,23.241381,"臺南市","六甲區"
"撞橋樑、建築物","2019",10,18,20,"陰","夜間(或隧道、地下道、涵洞)無照明",40,"彎曲路及附近","路肩、路緣","柏油","乾燥","良好","無號誌","雙向禁止超車線","快慢車道分隔線","有",41,"不明",121.281628,22.953008,"臺東縣","東河鄉"
"穿越道路中","2019",10,18,21,"晴","夜間(或隧道、地下道、涵洞)有照明",30,"直路","一般車道(未劃分快慢車道)","柏油","乾燥","良好","無號誌","無","未繪設快慢車道分隔線","有",27,"未使用",120.684264,24.232015,"臺中市","神岡區"
"穿越道路中","2019",10,18,21,"晴","夜間(或隧道、地下道、涵洞)有照明",30,"直路","一般車道(未劃分快慢車道)","柏油","乾燥","良好","無號誌","無","未繪設快慢車道分隔線","有",73,"非汽(機)車駕駛人",120.684264,24.232015,"臺中市","神岡區"
"側撞","2019",10,19,8,"晴","日間自然光線",40,"四岔路","交叉路口內","柏油","乾燥","良好","無號誌","雙向禁止超車線","未繪設快慢車道分隔線","有",56,"未使用",120.4741,24.10046,"彰化縣","鹿港鎮"
"側撞","2019",10,19,8,"晴","日間自然光線",40,"四岔路","交叉路口內","柏油","乾燥","良好","無號誌","雙向禁止超車線","未繪設快慢車道分隔線","有",56,"未使用",120.4741,24.10046,"彰化縣","鹿港鎮"
"側撞","2019",10,19,8,"晴","日間自然光線",40,"四岔路","交叉路口內","柏油","乾燥","良好","無號誌","雙向禁止超車線","未繪設快慢車道分隔線","有",21,"未使用",120.4741,24.10046,"彰化縣","鹿港鎮"
"其他","2019",10,19,8,"晴","日間自然光線",40,"三岔路","交叉路口內","柏油","乾燥","不良","無號誌","無","未繪設快慢車道分隔線","有",43,"未使用",120.859205,24.57855,"苗栗縣","頭屋鄉"
"其他","2019",10,19,8,"晴","日間自然光線",40,"三岔路","交叉路口內","柏油","乾燥","不良","無號誌","無","未繪設快慢車道分隔線","有",2,"非汽(機)車駕駛人",120.859205,24.57855,"苗栗縣","頭屋鄉"
"對向擦撞","2019",10,19,16,"晴","日間自然光線",50,"四岔路","交叉口附近","柏油","乾燥","良好","無號誌","雙向禁止超車線","未繪設快慢車道分隔線","有",65,"未使用",120.18326,23.01692,"臺南市","南區"
"對向擦撞","2019",10,19,16,"晴","日間自然光線",50,"四岔路","交叉口附近","柏油","乾燥","良好","無號誌","雙向禁止超車線","未繪設快慢車道分隔線","有",29,"未使用",120.18326,23.01692,"臺南市","南區"
"穿越道路中","2019",10,19,23,"晴","夜間(或隧道、地下道、涵洞)有照明",50,"三岔路","交叉路口內","柏油","乾燥","良好","正常","無","未繪設快慢車道分隔線","無",74,"未使用",120.22467,23.178112,"臺南市","麻豆區"
"穿越道路中","2019",10,19,23,"晴","夜間(或隧道、地下道、涵洞)有照明",50,"三岔路","交叉路口內","柏油","乾燥","良好","正常","無","未繪設快慢車道分隔線","無",63,"非汽(機)車駕駛人",120.22467,23.178112,"臺南市","麻豆區"
"撞交通島","2019",10,20,1,"晴","夜間(或隧道、地下道、涵洞)有照明",60,"直路","交通島(含槽化線)","柏油","乾燥","良好","正常","中央分向島","快慢車道分隔線","有",28,"不明",120.316558,22.961761,"臺南市","關廟區"
"對撞","2019",10,20,2,"晴","夜間(或隧道、地下道、涵洞)有照明",50,"直路","一般車道(未劃分快慢車道)","柏油","乾燥","良好","無號誌","雙向禁止超車線","未繪設快慢車道分隔線","有",28,"未使用",121.777118,24.654695,"宜蘭縣","冬山鄉"
"對撞","2019",10,20,2,"晴","夜間(或隧道、地下道、涵洞)有照明",50,"直路","一般車道(未劃分快慢車道)","柏油","乾燥","良好","無號誌","雙向禁止超車線","未繪設快慢車道分隔線","有",27,"未使用",121.777118,24.654695,"宜蘭縣","冬山鄉"
"穿越道路中","2019",10,20,5,"晴","夜間(或隧道、地下道、涵洞)有照明",50,"直路","快車道","柏油","乾燥","良好","無號誌","雙向禁止超車線","未繪設快慢車道分隔線","無",31,"未使用",120.2935,22.63544,"高雄市","三民區"
"穿越道路中","2019",10,20,5,"晴","夜間(或隧道、地下道、涵洞)有照明",50,"直路","快車道","柏油","乾燥","良好","無號誌","雙向禁止超車線","未繪設快慢車道分隔線","無",53,"未使用",120.2935,22.63544,"高雄市","三民區"
"穿越道路中","2019",10,20,5,"晴","夜間(或隧道、地下道、涵洞)有照明",50,"直路","快車道","柏油","乾燥","良好","無號誌","雙向禁止超車線","未繪設快慢車道分隔線","無",83,"非汽(機)車駕駛人",120.2935,22.63544,"高雄市","三民區"
"撞護欄(樁)","2019",10,20,13,"晴","日間自然光線",30,"彎曲路及附近","一般車道(未劃分快慢車道)","柏油","乾燥","良好","無號誌","無","未繪設快慢車道分隔線","有",24,"不明",121.387911,24.182883,"花蓮縣","秀林鄉"
"其他","2019",10,20,13,"晴","日間自然光線",50,"直路","一般車道(未劃分快慢車道)","柏油","乾燥","良好","無號誌","行車分向線","未繪設快慢車道分隔線","有",33,"不明",120.593698,23.96232,"彰化縣","員林市"