"事故類型及型態子類別名稱","發生年度","發生月份","發生日期","發生時間","天候名稱","光線名稱","速限.第1當事者","道路型態子類別名稱","事故位置子類別名稱","路面狀況.路面鋪裝名稱","路面狀況.路面狀態名稱","道路障礙.視距品質名稱","號誌.號誌動作名稱","車道劃分設施.分向設施大類別名稱","車道劃分設施.分道設施.快慢車道間名稱","車道劃分設施.分道設施.路面邊線名稱","當事者事故發生時年齡","行動電話或電腦或其他相類功能裝置名稱","經度","緯度","縣市","鄉鎮"
"其他","2019",10,20,13,"晴","日間自然光線",50,"直路","一般車道(未劃分快慢車道)","柏油","乾燥","良好","無號誌","行車分向線","未繪設快慢車道分隔線","有",26,"未使用",120.593698,23.96232,"彰化縣","員林市"
"對撞","2019",10,20,15,"晴","日間自然光線",50,"三岔路","交叉路口內","柏油","乾燥","良好","正常","無","未繪設快慢車道分隔線","無",64,"未使用",120.417047,23.345382,"臺南市","白河區"
"對撞","2019",10,20,15,"晴","日間自然光線",50,"三岔路","交叉路口內","柏油","乾燥","良好","正常","無","未繪設快慢車道分隔線","無",76,"未使用",120.417047,23.345382,"臺南市","白河區"
"追撞","2019",10,20,17,"晴","夜間(或隧道、地下道、涵洞)有照明",40,"直路","一般車道(未劃分快慢車道)","柏油","乾燥","良好","無號誌","行車分向線","未繪設快慢車道分隔線","有",60,"未使用",121.160698,24.845156,"桃園市","龍潭區"
"追撞","2019",10,20,17,"晴","夜間(或隧道、地下道、涵洞)有照明",40,"直路","一般車道(未劃分快慢車道)","柏油","乾燥","良好","無號誌","行車分向線","未繪設快慢車道分隔線","有",40,"未使用",121.160698,24.845156,"桃園市","龍潭區"
"路上翻車、摔倒","2019",10,20,18,"晴","夜間(或隧道、地下道、涵洞)有照明",50,"四岔路","交叉路口內","柏油","乾燥","良好","正常","無","未繪設快慢車道分隔線","無",40,"未使用",120.195381,22.974941,"臺南市","南區"
"路上翻車、摔倒","2019",10,20,18,"晴","夜間(或隧道、地下道、涵洞)有照明",50,"四岔路","交叉路口內","柏油","乾燥","良好","正常","無","未繪設快慢車道分隔線","無",36,"未使用",120.195381,22.974941,"臺南市","南區"
"其他","2019",10,20,23,"晴","夜間(或隧道、地下道、涵洞)有照明",50,"四岔路","交叉路口內","柏油","乾燥","良好","正常","中央分向島","寛式快慢車道分隔島(50公分以上)","有",28,"不明",121.495971,24.994081,"新北市","中和區"
"其他","2019",10,20,23,"晴","夜間(或隧道、地下道、涵洞)有照明",50,"四岔路","交叉路口內","柏油","乾燥","良好","正常","中央分向島","寛式快慢車道分隔島(50公分以上)","有",24,"不明",121.495971,24.994081,"新北市","中和區"
"其他","2019",10,20,23,"晴","夜間(或隧道、地下道、涵洞)有照明",50,"四岔路","交叉路口內","柏油","乾燥","良好","正常","中央分向島","寛式快慢車道分隔島(50公分以上)","有",41,"非汽(機)車駕駛人",121.495971,24.994081,"新北市","中和區"
"路上翻車、摔倒","2019",10,21,0,"晴","夜間(或隧道、地下道、涵洞)有照明",40,"彎曲路及附近","一般車道(未劃分快慢車道)","柏油","乾燥","良好","無號誌","雙向禁止超車線","未繪設快慢車道分隔線","無",19,"未使用",121.495981,24.984676,"新北市","中和區"
"佇立路邊(外)","2019",10,21,17,"晴","日間自然光線",50,"直路","一般車道(未劃分快慢車道)","柏油","乾燥","良好","無號誌","雙向禁止超車線","未繪設快慢車道分隔線","有",29,"不明",120.281712,22.642618,"高雄市","鼓山區"
"佇立路邊(外)","2019",10,21,17,"晴","日間自然光線",50,"直路","一般車道(未劃分快慢車道)","柏油","乾燥","良好","無號誌","雙向禁止超車線","未繪設快慢車道分隔線","有",38,"不明",120.281712,22.642618,"高雄市","鼓山區"
"佇立路邊(外)","2019",10,21,17,"晴","日間自然光線",50,"直路","一般車道(未劃分快慢車道)","柏油","乾燥","良好","無號誌","雙向禁止超車線","未繪設快慢車道分隔線","有",38,"不明",120.281712,22.642618,"高雄市","鼓山區"
"佇立路邊(外)","2019",10,21,17,"晴","日間自然光線",50,"直路","一般車道(未劃分快慢車道)","柏油","乾燥","良好","無號誌","雙向禁止超車線","未繪設快慢車道分隔線","有",82,"非汽(機)車駕駛人",120.281712,22.642618,"高雄市","鼓山區"
"佇立路邊(外)","2019",10,21,17,"晴","日間自然光線",50,"直路","一般車道(未劃分快慢車道)","柏油","乾燥","良好","無號誌","雙向禁止超車線","未繪設快慢車道分隔線","有",60,"未使用",120.281712,22.642618,"高雄市","鼓山區"
"其他","2019",10,21,18,"晴","夜間(或隧道、地下道、涵洞)有照明",50,"四岔路","交叉口附近","柏油","乾燥","良好","正常","中央分向島","快慢車道分隔線","無",19,"未使用",120.6748,24.163106,"臺中市","北區"
"其他","2019",10,21,18,"晴","夜間(或隧道、地下道、涵洞)有照明",50,"四岔路","交叉口附近","柏油","乾燥","良好","正常","中央分向島","快慢車道分隔線","無",70,"非汽(機)車駕駛人",120.6748,24.163106,"臺中市","北區"
"追撞","2019",10,21,20,"晴","夜間(或隧道、地下道、涵洞)有照明",40,"直路","路肩、路緣","柏油","乾燥","良好","無號誌","中央分向島","快慢車道分隔線","有",44,"不明",120.2114,22.88053,"高雄市","茄萣區"
"追撞","2019",10,21,20,"晴","夜間(或隧道、地下道、涵洞)有照明",40,"直路","路肩、路緣","柏油","乾燥","良好","無號誌","中央分向島","快慢車道分隔線","有",50,"未使用",120.2114,22.88053,"高雄市","茄萣區"
"路口交岔撞","2019",10,22,5,"晴","晨或暮光",50,"三岔路","交叉路口內","柏油","乾燥","良好","正常","中央分向島","快慢車道分隔線","有",82,"未使用",120.643148,24.228417,"臺中市","大雅區"
"路口交岔撞","2019",10,22,5,"晴","晨或暮光",50,"三岔路","交叉路口內","柏油","乾燥","良好","正常","中央分向島","快慢車道分隔線","有",48,"未使用",120.643148,24.228417,"臺中市","大雅區"
"側撞","2019",10,22,11,"晴","日間自然光線",50,"三岔路","交叉路口內","柏油","乾燥","良好","正常","中央分向島","快慢車道分隔線","有",76,"未使用",120.582748,24.084068,"彰化縣","彰化市"
"側撞","2019",10,22,11,"晴","日間自然光線",50,"三岔路","交叉路口內","柏油","乾燥","良好","正常","中央分向島","快慢車道分隔線","有",22,"未使用",120.582748,24.084068,"彰化縣","彰化市"
"側撞","2019",10,22,16,"晴","日間自然光線",40,"四岔路","交叉路口內","柏油","乾燥","良好","正常","無","未繪設快慢車道分隔線","無",79,"未使用",120.310854,22.61918,"高雄市","苓雅區"
"側撞","2019",10,22,16,"晴","日間自然光線",40,"四岔路","交叉路口內","柏油","乾燥","良好","正常","無","未繪設快慢車道分隔線","無",24,"未使用",120.310854,22.61918,"高雄市","苓雅區"
"穿越道路中","2019",10,22,16,"晴","日間自然光線",50,"三岔路","行人穿越道","柏油","乾燥","良好","正常","無","未繪設快慢車道分隔線","無",47,"未使用",121.211799,24.880271,"桃園市","龍潭區"
"穿越道路中","2019",10,22,16,"晴","日間自然光線",50,"三岔路","行人穿越道","柏油","乾燥","良好","正常","無","未繪設快慢車道分隔線","無",91,"非汽(機)車駕駛人",121.211799,24.880271,"桃園市","龍潭區"
"穿越道路中","2019",10,22,16,"晴","日間自然光線",50,"三岔路","行人穿越道","柏油","乾燥","良好","正常","無","未繪設快慢車道分隔線","無",32,"非汽(機)車駕駛人",121.211799,24.880271,"桃園市","龍潭區"
"穿越道路中","2019",10,22,17,"晴","日間自然光線",50,"直路","一般車道(未劃分快慢車道)","柏油","乾燥","良好","無號誌","行車分向線","未繪設快慢車道分隔線","有",18,"不明",120.488798,22.576906,"屏東縣","萬丹鄉"
"穿越道路中","2019",10,22,17,"晴","日間自然光線",50,"直路","一般車道(未劃分快慢車道)","柏油","乾燥","良好","無號誌","行車分向線","未繪設快慢車道分隔線","有",87,"非汽(機)車駕駛人",120.488798,22.576906,"屏東縣","萬丹鄉"
"追撞","2019",10,23,2,"晴","夜間(或隧道、地下道、涵洞)有照明",50,"直路","一般車道(未劃分快慢車道)","柏油","乾燥","良好","無號誌","中央分向島","未繪設快慢車道分隔線","有",31,"未使用",121.247057,24.956143,"桃園市","中壢區"
"追撞","2019",10,23,2,"晴","夜間(或隧道、地下道、涵洞)有照明",50,"直路","一般車道(未劃分快慢車道)","柏油","乾燥","良好","無號誌","中央分向島","未繪設快慢車道分隔線","有",59,"未使用",121.247057,24.956143,"桃園市","中壢區"
"同向擦撞","2019",10,24,3,"陰","夜間(或隧道、地下道、涵洞)有照明",50,"直路","一般車道(未劃分快慢車道)","柏油","乾燥","良好","無號誌","雙向禁止超車線","未繪設快慢車道分隔線","有",34,"不明",120.48409,23.965388,"彰化縣","溪湖鎮"
"同向擦撞","2019",10,24,3,"陰","夜間(或隧道、地下道、涵洞)有照明",50,"直路","一般車道(未劃分快慢車道)","柏油","乾燥","良好","無號誌","雙向禁止超車線","未繪設快慢車道分隔線","有",55,"不明",120.48409,23.965388,"彰化縣","溪湖鎮"
"撞護欄(樁)","2019",10,24,9,"陰","日間自然光線",25,"彎曲路及附近","一般車道(未劃分快慢車道)","柏油","乾燥","良好","無號誌","雙向禁止超車線","未繪設快慢車道分隔線","有",52,"未使用",121.682146,24.212169,"花蓮縣","秀林鄉"
"同向擦撞","2019",10,24,14,"晴","日間自然光線",25,"直路","快車道","柏油","乾燥","良好","正常","中央分向島","快慢車道分隔線","有",59,"未使用",120.499335,22.671682,"屏東縣","屏東市"
"同向擦撞","2019",10,24,14,"晴","日間自然光線",25,"直路","快車道","柏油","乾燥","良好","正常","中央分向島","快慢車道分隔線","有",62,"未使用",120.499335,22.671682,"屏東縣","屏東市"
"同向擦撞","2019",10,24,14,"晴","日間自然光線",25,"直路","快車道","柏油","乾燥","良好","正常","中央分向島","快慢車道分隔線","有",32,"未使用",120.499335,22.671682,"屏東縣","屏東市"
"同向擦撞","2019",10,24,14,"晴","日間自然光線",25,"直路","快車道","柏油","乾燥","良好","正常","中央分向島","快慢車道分隔線","有",42,"非汽(機)車駕駛人",120.499335,22.671682,"屏東縣","屏東市"
"對撞","2019",10,24,15,"晴","日間自然光線",50,"三岔路","一般車道(未劃分快慢車道)","柏油","乾燥","良好","無號誌","雙向禁止超車線","快慢車道分隔線","有",25,"未使用",121.379135,25.035568,"桃園市","龜山區"
"對撞","2019",10,24,15,"晴","日間自然光線",50,"三岔路","一般車道(未劃分快慢車道)","柏油","乾燥","良好","無號誌","雙向禁止超車線","快慢車道分隔線","有",45,"未使用",121.379135,25.035568,"桃園市","龜山區"
"穿越道路中","2019",10,24,17,"晴","晨或暮光",60,"直路","快車道","柏油","乾燥","不良","無號誌","雙向禁止超車線","快慢車道分隔線","有",76,"不明",121.098891,24.819612,"新竹縣","新埔鎮"
"穿越道路中","2019",10,24,17,"晴","晨或暮光",60,"直路","快車道","柏油","乾燥","不良","無號誌","雙向禁止超車線","快慢車道分隔線","有",72,"不明",121.098891,24.819612,"新竹縣","新埔鎮"
"對向擦撞","2019",10,24,18,"晴","夜間(或隧道、地下道、涵洞)有照明",50,"直路","機車優先道","柏油","乾燥","良好","無號誌","行車分向線","快慢車道分隔線","有",78,"不明",120.547777,23.588488,"嘉義縣","梅山鄉"
"對向擦撞","2019",10,24,18,"晴","夜間(或隧道、地下道、涵洞)有照明",50,"直路","機車優先道","柏油","乾燥","良好","無號誌","行車分向線","快慢車道分隔線","有",57,"未使用",120.547777,23.588488,"嘉義縣","梅山鄉"
"側撞","2019",10,25,6,"晴","日間自然光線",50,"四岔路","交叉路口內","柏油","乾燥","良好","正常","行車分向線","未繪設快慢車道分隔線","有",29,"未使用",120.385283,23.899075,"彰化縣","二林鎮"
"側撞","2019",10,25,6,"晴","日間自然光線",50,"四岔路","交叉路口內","柏油","乾燥","良好","正常","行車分向線","未繪設快慢車道分隔線","有",12,"非汽(機)車駕駛人",120.385283,23.899075,"彰化縣","二林鎮"
"側撞","2019",10,25,8,"晴","日間自然光線",50,"四岔路","交叉口附近","柏油","乾燥","良好","正常","雙向禁止超車線","寛式快慢車道分隔島(50公分以上)","有",40,"未使用",120.595507,22.640884,"屏東縣","內埔鄉"
"側撞","2019",10,25,8,"晴","日間自然光線",50,"四岔路","交叉口附近","柏油","乾燥","良好","正常","雙向禁止超車線","寛式快慢車道分隔島(50公分以上)","有",48,"未使用",120.595507,22.640884,"屏東縣","內埔鄉"
"同向擦撞","2019",10,25,12,"晴","日間自然光線",60,"直路","一般車道(未劃分快慢車道)","柏油","乾燥","良好","無號誌","中央分向島","未繪設快慢車道分隔線","有",28,"不明",120.250825,22.971984,"臺南市","仁德區"
"同向擦撞","2019",10,25,12,"晴","日間自然光線",60,"直路","一般車道(未劃分快慢車道)","柏油","乾燥","良好","無號誌","中央分向島","未繪設快慢車道分隔線","有",55,"未使用",120.250825,22.971984,"臺南市","仁德區"
"同向擦撞","2019",10,25,12,"晴","日間自然光線",60,"直路","一般車道(未劃分快慢車道)","柏油","乾燥","良好","無號誌","中央分向島","未繪設快慢車道分隔線","有",42,"未使用",120.250825,22.971984,"臺南市","仁德區"
"倒車撞","2019",10,25,12,"晴","日間自然光線",50,"四岔路","交叉路口內","柏油","乾燥","良好","無號誌","無","未繪設快慢車道分隔線","無",28,"未使用",121.166159,24.951212,"桃園市","楊梅區"
"倒車撞","2019",10,25,12,"晴","日間自然光線",50,"四岔路","交叉路口內","柏油","乾燥","良好","無號誌","無","未繪設快慢車道分隔線","無",51,"未使用",121.166159,24.951212,"桃園市","楊梅區"
"側撞","2019",10,25,17,"晴","日間自然光線",50,"四岔路","交叉路口內","柏油","乾燥","良好","正常","無","未繪設快慢車道分隔線","無",59,"未使用",120.202664,23.125353,"臺南市","西港區"
"側撞","2019",10,25,17,"晴","日間自然光線",50,"四岔路","交叉路口內","柏油","乾燥","良好","正常","無","未繪設快慢車道分隔線","無",55,"未使用",120.202664,23.125353,"臺南市","西港區"
"撞號誌、標誌桿","2019",10,25,21,"晴","日間自然光線",50,"直路","路肩、路緣","柏油","乾燥","良好","無號誌","雙向禁止超車線","快慢車道分隔線","有",58,"未使用",120.197599,23.05976,"臺南市","南區"
"穿越道路中","2019",10,26,5,"晴","日間自然光線",50,"直路","一般車道(未劃分快慢車道)","柏油","乾燥","良好","無號誌","中央分向島","未繪設快慢車道分隔線","有",26,"未使用",121.450009,25.03549,"新北市","新莊區"
"穿越道路中","2019",10,26,5,"晴","日間自然光線",50,"直路","一般車道(未劃分快慢車道)","柏油","乾燥","良好","無號誌","中央分向島","未繪設快慢車道分隔線","有",56,"非汽(機)車駕駛人",121.450009,25.03549,"新北市","新莊區"
"穿越道路中","2019",10,26,5,"晴","日間自然光線",50,"直路","一般車道(未劃分快慢車道)","柏油","乾燥","良好","無號誌","中央分向島","未繪設快慢車道分隔線","有",85,"非汽(機)車駕駛人",121.450009,25.03549,"新北市","新莊區"
"穿越道路中","2019",10,26,9,"晴","日間自然光線",50,"三岔路","交叉口附近","柏油","乾燥","良好","正常","雙向禁止超車線","未繪設快慢車道分隔線","有",35,"未使用",120.995204,24.843027,"新竹縣","竹北市"
"穿越道路中","2019",10,26,9,"晴","日間自然光線",50,"三岔路","交叉口附近","柏油","乾燥","良好","正常","雙向禁止超車線","未繪設快慢車道分隔線","有",82,"非汽(機)車駕駛人",120.995204,24.843027,"新竹縣","竹北市"
"撞護欄(樁)","2019",10,26,9,"晴","日間自然光線",40,"彎曲路及附近","路肩、路緣","柏油","乾燥","不良","無號誌","行車分向線","未繪設快慢車道分隔線","有",71,"非汽(機)車駕駛人",121.338495,24.836286,"桃園市","復興區"
"撞護欄(樁)","2019",10,26,9,"晴","日間自然光線",40,"彎曲路及附近","路肩、路緣","柏油","乾燥","不良","無號誌","行車分向線","未繪設快慢車道分隔線","有",79,"不明",121.338495,24.836286,"桃園市","復興區"
"側撞","2019",10,26,12,"晴","日間自然光線",50,"四岔路","交叉路口內","柏油","乾燥","良好","正常","無","未繪設快慢車道分隔線","無",19,"未使用",121.45,25.033333,"新北市","新莊區"
"側撞","2019",10,26,12,"晴","日間自然光線",50,"四岔路","交叉路口內","柏油","乾燥","良好","正常","無","未繪設快慢車道分隔線","無",46,"未使用",121.45,25.033333,"新北市","新莊區"
"側撞","2019",10,26,12,"晴","日間自然光線",50,"四岔路","交叉路口內","柏油","乾燥","良好","正常","無","未繪設快慢車道分隔線","無",53,"非汽(機)車駕駛人",121.45,25.033333,"新北市","新莊區"
"路上翻車、摔倒","2019",10,26,12,"晴","日間自然光線",40,"直路","一般車道(未劃分快慢車道)","柏油","乾燥","良好","無號誌","行車分向線","未繪設快慢車道分隔線","有",18,"未使用",121.331428,24.980845,"桃園市","龜山區"
"側撞","2019",10,26,13,"晴","日間自然光線",50,"四岔路","交叉路口內","柏油","乾燥","良好","正常","無","未繪設快慢車道分隔線","無",55,"不明",120.24694,23.414329,"嘉義縣","朴子市"
"側撞","2019",10,26,13,"晴","日間自然光線",50,"四岔路","交叉路口內","柏油","乾燥","良好","正常","無","未繪設快慢車道分隔線","無",79,"不明",120.24694,23.414329,"嘉義縣","朴子市"
"其他","2019",10,26,14,"晴","日間自然光線",40,"彎曲路及附近","一般車道(未劃分快慢車道)","柏油","乾燥","良好","無號誌","雙向禁止超車線","快慢車道分隔線","有",19,"不明",121.017244,24.853154,"新竹縣","新埔鎮"
"其他","2019",10,26,14,"晴","日間自然光線",40,"彎曲路及附近","一般車道(未劃分快慢車道)","柏油","乾燥","良好","無號誌","雙向禁止超車線","快慢車道分隔線","有",58,"不明",121.017244,24.853154,"新竹縣","新埔鎮"
"其他","2019",10,26,14,"晴","日間自然光線",40,"彎曲路及附近","一般車道(未劃分快慢車道)","柏油","乾燥","良好","無號誌","雙向禁止超車線","快慢車道分隔線","有",19,"不明",121.017244,24.853154,"新竹縣","新埔鎮"
"撞路樹、電桿","2019",10,26,15,"晴","日間自然光線",60,"直路","路肩、路緣","柏油","乾燥","良好","無號誌","無","快慢車道分隔線","有",65,"未使用",120.836633,24.231208,"臺中市","東勢區"
"撞路樹、電桿","2019",10,26,15,"晴","日間自然光線",60,"直路","路肩、路緣","柏油","乾燥","良好","無號誌","無","快慢車道分隔線","有",21,"未使用",120.836633,24.231208,"臺中市","東勢區"
"同向擦撞","2019",10,26,17,"晴","夜間(或隧道、地下道、涵洞)有照明",50,"直路","一般車道(未劃分快慢車道)","柏油","乾燥","良好","無號誌","單向禁止超車線","未繪設快慢車道分隔線","無",59,"未使用",120.535756,22.678329,"屏東縣","長治鄉"
"同向擦撞","2019",10,26,17,"晴","夜間(或隧道、地下道、涵洞)有照明",50,"直路","一般車道(未劃分快慢車道)","柏油","乾燥","良好","無號誌","單向禁止超車線","未繪設快慢車道分隔線","無",26,"未使用",120.535756,22.678329,"屏東縣","長治鄉"
"同向擦撞","2019",10,26,17,"晴","夜間(或隧道、地下道、涵洞)有照明",50,"直路","一般車道(未劃分快慢車道)","柏油","乾燥","良好","無號誌","單向禁止超車線","未繪設快慢車道分隔線","無",25,"未使用",120.535756,22.678329,"屏東縣","長治鄉"
"撞路樹、電桿","2019",10,27,1,"晴","夜間(或隧道、地下道、涵洞)無照明",50,"彎曲路及附近","路肩、路緣","柏油","乾燥","不良","無號誌","中央分向島","快慢車道分隔線","有",23,"不明",121.148096,24.805194,"新竹縣","關西鎮"
"撞路樹、電桿","2019",10,27,1,"晴","夜間(或隧道、地下道、涵洞)無照明",50,"彎曲路及附近","路肩、路緣","柏油","乾燥","不良","無號誌","中央分向島","快慢車道分隔線","有",18,"未使用",121.148096,24.805194,"新竹縣","關西鎮"
"撞交通島","2019",10,27,1,"晴","夜間(或隧道、地下道、涵洞)有照明",40,"三岔路","交叉路口內","柏油","乾燥","良好","正常","無","未繪設快慢車道分隔線","無",56,"未使用",121.127688,22.788769,"臺東縣","臺東市"
"撞護欄(樁)","2019",10,27,7,"晴","日間自然光線",110,"橋樑","路肩、路緣","柏油","乾燥","良好","無號誌","中央分向島","未繪設快慢車道分隔線","有",39,"不明",120.452619,22.764598,"屏東縣","九如鄉"
"側撞","2019",10,27,9,"晴","日間自然光線",50,"三岔路","交叉口附近","柏油","乾燥","良好","無號誌","雙向禁止超車線","未繪設快慢車道分隔線","有",46,"未使用",120.523545,22.776554,"屏東縣","里港鄉"
"側撞","2019",10,27,9,"晴","日間自然光線",50,"三岔路","交叉口附近","柏油","乾燥","良好","無號誌","雙向禁止超車線","未繪設快慢車道分隔線","有",70,"未使用",120.523545,22.776554,"屏東縣","里港鄉"
"追撞","2019",10,28,6,"晴","日間自然光線",90,"直路","快車道","柏油","乾燥","良好","無號誌","中央分向島","未繪設快慢車道分隔線","有",58,"未使用",121.090294,25.052356,"桃園市","觀音區"
"追撞","2019",10,28,6,"晴","日間自然光線",90,"直路","快車道","柏油","乾燥","良好","無號誌","中央分向島","未繪設快慢車道分隔線","有",29,"未使用",121.090294,25.052356,"桃園市","觀音區"
"追撞","2019",10,28,6,"晴","日間自然光線",90,"直路","快車道","柏油","乾燥","良好","無號誌","中央分向島","未繪設快慢車道分隔線","有",45,"未使用",121.090294,25.052356,"桃園市","觀音區"
"追撞","2019",10,28,7,"晴","日間自然光線",70,"直路","快車道","柏油","乾燥","良好","無號誌","中央分向島","快慢車道分隔線","有",56,"未使用",120.838232,24.58746,"苗栗縣","苗栗市"
"追撞","2019",10,28,7,"晴","日間自然光線",70,"直路","快車道","柏油","乾燥","良好","無號誌","中央分向島","快慢車道分隔線","有",20,"未使用",120.838232,24.58746,"苗栗縣","苗栗市"
"穿越道路中","2019",10,28,8,"晴","日間自然光線",50,"四岔路","交叉路口內","柏油","乾燥","良好","正常","中央分向島","快慢車道分隔線","有",72,"不明",120.44417,23.73561,"雲林縣","虎尾鎮"
"穿越道路中","2019",10,28,8,"晴","日間自然光線",50,"四岔路","交叉路口內","柏油","乾燥","良好","正常","中央分向島","快慢車道分隔線","有",68,"不明",120.44417,23.73561,"雲林縣","虎尾鎮"
"穿越道路中","2019",10,28,8,"晴","日間自然光線",50,"四岔路","交叉路口內","柏油","乾燥","良好","正常","中央分向島","快慢車道分隔線","有",81,"不明",120.44417,23.73561,"雲林縣","虎尾鎮"
"撞路樹、電桿","2019",10,28,11,"晴","日間自然光線",50,"直路","一般車道(未劃分快慢車道)","柏油","乾燥","良好","無號誌","行車分向線","未繪設快慢車道分隔線","有",79,"未使用",120.436469,23.753312,"雲林縣","西螺鎮"
"其他","2019",10,28,11,"晴","日間自然光線",50,"直路","一般車道(未劃分快慢車道)","柏油","乾燥","良好","無號誌","中央分向島","未繪設快慢車道分隔線","無",48,"不明",120.992194,24.799425,"新竹市","東區"
"其他","2019",10,28,11,"晴","日間自然光線",50,"直路","一般車道(未劃分快慢車道)","柏油","乾燥","良好","無號誌","中央分向島","未繪設快慢車道分隔線","無",71,"非汽(機)車駕駛人",120.992194,24.799425,"新竹市","東區"
"其他","2019",10,28,11,"晴","日間自然光線",30,"直路","一般車道(未劃分快慢車道)","柏油","乾燥","良好","無號誌","無","未繪設快慢車道分隔線","無",67,"未使用",120.525031,22.620282,"屏東縣","竹田鄉"
"其他","2019",10,28,11,"晴","日間自然光線",30,"直路","一般車道(未劃分快慢車道)","柏油","乾燥","良好","無號誌","無","未繪設快慢車道分隔線","無",21,"未使用",120.525031,22.620282,"屏東縣","竹田鄉"
"側撞","2019",10,28,17,"晴","日間自然光線",60,"直路","快車道","柏油","乾燥","良好","無號誌","雙向禁止超車線","快慢車道分隔線","有",38,"未使用",120.302959,23.273876,"臺南市","柳營區"
"側撞","2019",10,28,17,"晴","日間自然光線",60,"直路","快車道","柏油","乾燥","良好","無號誌","雙向禁止超車線","快慢車道分隔線","有",64,"未使用",120.302959,23.273876,"臺南市","柳營區"
"同向擦撞","2019",10,28,18,"雨","夜間(或隧道、地下道、涵洞)有照明",50,"直路","一般車道(未劃分快慢車道)","柏油","濕潤","良好","無號誌","行車分向線","未繪設快慢車道分隔線","有",30,"未使用",121.70278,24.690064,"宜蘭縣","三星鄉"
"同向擦撞","2019",10,28,18,"雨","夜間(或隧道、地下道、涵洞)有照明",50,"直路","一般車道(未劃分快慢車道)","柏油","濕潤","良好","無號誌","行車分向線","未繪設快慢車道分隔線","有",22,"未使用",121.70278,24.690064,"宜蘭縣","三星鄉"
"同向擦撞","2019",10,28,18,"雨","夜間(或隧道、地下道、涵洞)有照明",50,"直路","一般車道(未劃分快慢車道)","柏油","濕潤","良好","無號誌","行車分向線","未繪設快慢車道分隔線","有",69,"未使用",121.70278,24.690064,"宜蘭縣","三星鄉"
"同向擦撞","2019",10,28,18,"陰","夜間(或隧道、地下道、涵洞)有照明",50,"直路","一般車道(未劃分快慢車道)","柏油","乾燥","良好","無號誌","雙向禁止超車線","未繪設快慢車道分隔線","無",64,"未使用",121.444082,25.184768,"新北市","淡水區"
"同向擦撞","2019",10,28,18,"陰","夜間(或隧道、地下道、涵洞)有照明",50,"直路","一般車道(未劃分快慢車道)","柏油","乾燥","良好","無號誌","雙向禁止超車線","未繪設快慢車道分隔線","無",21,"未使用",121.444082,25.184768,"新北市","淡水區"
"路口交岔撞","2019",10,29,2,"晴","夜間(或隧道、地下道、涵洞)有照明",50,"四岔路","交叉路口內","柏油","乾燥","良好","正常","無","未繪設快慢車道分隔線","無",21,"不明",120.676318,24.112123,"臺中市","大里區"
"路口交岔撞","2019",10,29,2,"晴","夜間(或隧道、地下道、涵洞)有照明",50,"四岔路","交叉路口內","柏油","乾燥","良好","正常","無","未繪設快慢車道分隔線","無",53,"不明",120.676318,24.112123,"臺中市","大里區"
"路口交岔撞","2019",10,29,2,"晴","夜間(或隧道、地下道、涵洞)有照明",50,"四岔路","交叉路口內","柏油","乾燥","良好","正常","無","未繪設快慢車道分隔線","無",20,"未使用",120.676318,24.112123,"臺中市","大里區"
"對向擦撞","2019",10,29,6,"晴","日間自然光線",50,"四岔路","交叉路口內","柏油","乾燥","良好","正常","雙向禁止超車線","快慢車道分隔線","有",64,"未使用",120.214124,23.041485,"臺南市","南區"
"對向擦撞","2019",10,29,6,"晴","日間自然光線",50,"四岔路","交叉路口內","柏油","乾燥","良好","正常","雙向禁止超車線","快慢車道分隔線","有",56,"未使用",120.214124,23.041485,"臺南市","南區"
"對向擦撞","2019",10,29,19,"陰","夜間(或隧道、地下道、涵洞)有照明",50,"多岔路","交叉路口內","柏油","乾燥","良好","正常","無","未繪設快慢車道分隔線","無",63,"未使用",120.312173,23.304782,"臺南市","新營區"
"對向擦撞","2019",10,29,19,"陰","夜間(或隧道、地下道、涵洞)有照明",50,"多岔路","交叉路口內","柏油","乾燥","良好","正常","無","未繪設快慢車道分隔線","無",79,"非汽(機)車駕駛人",120.312173,23.304782,"臺南市","新營區"
"路口交岔撞","2019",10,30,3,"陰","夜間(或隧道、地下道、涵洞)有照明",50,"四岔路","交叉路口內","柏油","乾燥","良好","正常","無","未繪設快慢車道分隔線","無",15,"未使用",121.648587,24.126056,"花蓮縣","新城鄉"
"路口交岔撞","2019",10,30,3,"陰","夜間(或隧道、地下道、涵洞)有照明",50,"四岔路","交叉路口內","柏油","乾燥","良好","正常","無","未繪設快慢車道分隔線","無",44,"未使用",121.648587,24.126056,"花蓮縣","新城鄉"
"追撞","2019",10,30,18,"晴","夜間(或隧道、地下道、涵洞)有照明",70,"直路","機車優先道","柏油","乾燥","良好","無號誌","中央分向島","快慢車道分隔線","有",30,"未使用",120.48603,22.654184,"屏東縣","屏東市"