"事故類型及型態子類別名稱","發生年度","發生月份","發生日期","發生時間","天候名稱","光線名稱","速限.第1當事者","道路型態子類別名稱","事故位置子類別名稱","路面狀況.路面鋪裝名稱","路面狀況.路面狀態名稱","道路障礙.視距品質名稱","號誌.號誌動作名稱","車道劃分設施.分向設施大類別名稱","車道劃分設施.分道設施.快慢車道間名稱","車道劃分設施.分道設施.路面邊線名稱","當事者事故發生時年齡","行動電話或電腦或其他相類功能裝置名稱","經度","緯度","縣市","鄉鎮"
"追撞","2019",10,30,18,"晴","夜間(或隧道、地下道、涵洞)有照明",70,"直路","機車優先道","柏油","乾燥","良好","無號誌","中央分向島","快慢車道分隔線","有",61,"未使用",120.48603,22.654184,"屏東縣","屏東市"
"側撞","2019",10,31,11,"晴","日間自然光線",40,"直路","慢車道","柏油","乾燥","良好","正常","雙向禁止超車線","快慢車道分隔線","無",41,"未使用",120.2976,22.63482,"高雄市","前金區"
"側撞","2019",10,31,11,"晴","日間自然光線",40,"直路","慢車道","柏油","乾燥","良好","正常","雙向禁止超車線","快慢車道分隔線","無",70,"未使用",120.2976,22.63482,"高雄市","前金區"
"側撞","2019",10,31,17,"晴","夜間(或隧道、地下道、涵洞)有照明",50,"多岔路","交叉路口內","柏油","乾燥","良好","正常","無","未繪設快慢車道分隔線","無",16,"未使用",121.222176,24.987178,"桃園市","中壢區"
"側撞","2019",10,31,17,"晴","夜間(或隧道、地下道、涵洞)有照明",50,"多岔路","交叉路口內","柏油","乾燥","良好","正常","無","未繪設快慢車道分隔線","無",16,"未使用",121.222176,24.987178,"桃園市","中壢區"
"側撞","2019",10,31,17,"晴","夜間(或隧道、地下道、涵洞)有照明",50,"多岔路","交叉路口內","柏油","乾燥","良好","正常","無","未繪設快慢車道分隔線","無",34,"未使用",121.222176,24.987178,"桃園市","中壢區"
"側撞","2019",10,31,17,"晴","夜間(或隧道、地下道、涵洞)有照明",50,"多岔路","交叉路口內","柏油","乾燥","良好","正常","無","未繪設快慢車道分隔線","無",27,"未使用",121.222176,24.987178,"桃園市","中壢區"
"穿越道路中","2019",10,31,18,"晴","夜間(或隧道、地下道、涵洞)有照明",50,"直路","一般車道(未劃分快慢車道)","柏油","乾燥","良好","正常","行車分向線","未繪設快慢車道分隔線","有",37,"未使用",120.985551,24.902787,"新竹縣","新豐鄉"
"穿越道路中","2019",10,31,18,"晴","夜間(或隧道、地下道、涵洞)有照明",50,"直路","一般車道(未劃分快慢車道)","柏油","乾燥","良好","正常","行車分向線","未繪設快慢車道分隔線","有",66,"非汽(機)車駕駛人",120.985551,24.902787,"新竹縣","新豐鄉"
"追撞","2019",11,1,0,"晴","夜間(或隧道、地下道、涵洞)無照明",110,"直路","快車道","柏油","乾燥","良好","無號誌","中央分向島","未繪設快慢車道分隔線","有",38,"不明",120.537538,24.17035,"臺中市","大肚區"
"追撞","2019",11,1,0,"晴","夜間(或隧道、地下道、涵洞)無照明",110,"直路","快車道","柏油","乾燥","良好","無號誌","中央分向島","未繪設快慢車道分隔線","有",43,"未使用",120.537538,24.17035,"臺中市","大肚區"
"其他","2019",11,1,7,"晴","日間自然光線",50,"直路","一般車道(未劃分快慢車道)","柏油","乾燥","良好","無號誌","雙向禁止超車線","未繪設快慢車道分隔線","有",19,"不明",120.191038,23.013898,"臺南市","北區"
"其他","2019",11,1,7,"晴","日間自然光線",50,"直路","一般車道(未劃分快慢車道)","柏油","乾燥","良好","無號誌","雙向禁止超車線","未繪設快慢車道分隔線","有",64,"不明",120.191038,23.013898,"臺南市","北區"
"同向擦撞","2019",11,1,8,"晴","日間自然光線",50,"直路","一般車道(未劃分快慢車道)","柏油","乾燥","良好","無號誌","行車分向線","未繪設快慢車道分隔線","有",86,"不明",120.544789,24.179308,"臺中市","龍井區"
"同向擦撞","2019",11,1,8,"晴","日間自然光線",50,"直路","一般車道(未劃分快慢車道)","柏油","乾燥","良好","無號誌","行車分向線","未繪設快慢車道分隔線","有",18,"未使用",120.544789,24.179308,"臺中市","龍井區"
"路口交岔撞","2019",11,1,12,"晴","日間自然光線",30,"四岔路","交叉口附近","柏油","乾燥","良好","無號誌","無","未繪設快慢車道分隔線","無",44,"未使用",120.335032,23.438244,"嘉義縣","太保市"
"路口交岔撞","2019",11,1,12,"晴","日間自然光線",30,"四岔路","交叉口附近","柏油","乾燥","良好","無號誌","無","未繪設快慢車道分隔線","無",55,"未使用",120.335032,23.438244,"嘉義縣","太保市"
"側撞","2019",11,1,16,"晴","日間自然光線",50,"三岔路","交叉路口內","柏油","乾燥","良好","無號誌","中央分向島","未繪設快慢車道分隔線","有",68,"未使用",121.245535,24.850069,"桃園市","龍潭區"
"側撞","2019",11,1,16,"晴","日間自然光線",50,"三岔路","交叉路口內","柏油","乾燥","良好","無號誌","中央分向島","未繪設快慢車道分隔線","有",84,"未使用",121.245535,24.850069,"桃園市","龍潭區"
"同向通行中","2019",11,1,20,"晴","夜間(或隧道、地下道、涵洞)有照明",50,"直路","一般車道(未劃分快慢車道)","柏油","乾燥","良好","無號誌","行車分向線","未繪設快慢車道分隔線","有",58,"未使用",120.190018,23.494094,"嘉義縣","東石鄉"
"同向通行中","2019",11,1,20,"晴","夜間(或隧道、地下道、涵洞)有照明",50,"直路","一般車道(未劃分快慢車道)","柏油","乾燥","良好","無號誌","行車分向線","未繪設快慢車道分隔線","有",84,"非汽(機)車駕駛人",120.190018,23.494094,"嘉義縣","東石鄉"
"撞動物","2019",11,1,21,"晴","夜間(或隧道、地下道、涵洞)有照明",50,"四岔路","交叉口附近","柏油","乾燥","良好","正常","中央分向島","快慢車道分隔線","有",57,"未使用",120.493936,22.565246,"屏東縣","萬丹鄉"
"追撞","2019",11,1,22,"晴","夜間(或隧道、地下道、涵洞)有照明",50,"直路","慢車道","柏油","乾燥","良好","無號誌","雙向禁止超車線","未繪設快慢車道分隔線","有",45,"不明",120.305781,23.620817,"雲林縣","北港鎮"
"追撞","2019",11,1,22,"晴","夜間(或隧道、地下道、涵洞)有照明",50,"直路","慢車道","柏油","乾燥","良好","無號誌","雙向禁止超車線","未繪設快慢車道分隔線","有",36,"未使用",120.305781,23.620817,"雲林縣","北港鎮"
"追撞","2019",11,1,22,"晴","夜間(或隧道、地下道、涵洞)有照明",50,"直路","慢車道","柏油","乾燥","良好","無號誌","雙向禁止超車線","未繪設快慢車道分隔線","有",42,"未使用",120.305781,23.620817,"雲林縣","北港鎮"
"追撞","2019",11,1,22,"晴","夜間(或隧道、地下道、涵洞)有照明",50,"直路","慢車道","柏油","乾燥","良好","無號誌","雙向禁止超車線","未繪設快慢車道分隔線","有",35,"未使用",120.305781,23.620817,"雲林縣","北港鎮"
"穿越道路中","2019",11,1,22,"晴","晨或暮光",50,"直路","一般車道(未劃分快慢車道)","柏油","乾燥","良好","無號誌","雙向禁止超車線","未繪設快慢車道分隔線","有",62,"未使用",120.252801,22.991678,"臺南市","仁德區"
"穿越道路中","2019",11,1,22,"晴","晨或暮光",50,"直路","一般車道(未劃分快慢車道)","柏油","乾燥","良好","無號誌","雙向禁止超車線","未繪設快慢車道分隔線","有",53,"非汽(機)車駕駛人",120.252801,22.991678,"臺南市","仁德區"
"撞路樹、電桿","2019",11,2,1,"陰","夜間(或隧道、地下道、涵洞)有照明",50,"直路","一般車道(未劃分快慢車道)","柏油","乾燥","良好","無號誌","雙向禁止超車線","未繪設快慢車道分隔線","無",61,"未使用",121.551327,24.978996,"新北市","新店區"
"路口交岔撞","2019",11,2,5,"晴","夜間(或隧道、地下道、涵洞)有照明",40,"四岔路","交叉口附近","柏油","乾燥","良好","正常","行車分向線","快慢車道分隔線","有",21,"未使用",120.294031,22.578881,"高雄市","旗津區"
"路口交岔撞","2019",11,2,5,"晴","夜間(或隧道、地下道、涵洞)有照明",40,"四岔路","交叉口附近","柏油","乾燥","良好","正常","行車分向線","快慢車道分隔線","有",77,"非汽(機)車駕駛人",120.294031,22.578881,"高雄市","旗津區"
"追撞","2019",11,2,10,"晴","日間自然光線",110,"直路","快車道","柏油","乾燥","良好","無號誌","中央分向島","未繪設快慢車道分隔線","有",28,"非汽(機)車駕駛人",120.484795,23.832316,"彰化縣","溪州鄉"
"追撞","2019",11,2,10,"晴","日間自然光線",110,"直路","快車道","柏油","乾燥","良好","無號誌","中央分向島","未繪設快慢車道分隔線","有",27,"非汽(機)車駕駛人",120.484795,23.832316,"彰化縣","溪州鄉"
"追撞","2019",11,2,10,"晴","日間自然光線",110,"直路","快車道","柏油","乾燥","良好","無號誌","中央分向島","未繪設快慢車道分隔線","有",27,"未使用",120.484795,23.832316,"彰化縣","溪州鄉"
"追撞","2019",11,2,10,"晴","日間自然光線",110,"直路","快車道","柏油","乾燥","良好","無號誌","中央分向島","未繪設快慢車道分隔線","有",34,"未使用",120.484795,23.832316,"彰化縣","溪州鄉"
"追撞","2019",11,2,10,"晴","日間自然光線",110,"直路","快車道","柏油","乾燥","良好","無號誌","中央分向島","未繪設快慢車道分隔線","有",35,"未使用",120.484795,23.832316,"彰化縣","溪州鄉"
"追撞","2019",11,2,10,"晴","日間自然光線",110,"直路","快車道","柏油","乾燥","良好","無號誌","中央分向島","未繪設快慢車道分隔線","有",57,"非汽(機)車駕駛人",120.484795,23.832316,"彰化縣","溪州鄉"
"追撞","2019",11,2,10,"晴","日間自然光線",110,"直路","快車道","柏油","乾燥","良好","無號誌","中央分向島","未繪設快慢車道分隔線","有",48,"未使用",120.484795,23.832316,"彰化縣","溪州鄉"
"追撞","2019",11,2,10,"晴","日間自然光線",110,"直路","快車道","柏油","乾燥","良好","無號誌","中央分向島","未繪設快慢車道分隔線","有",28,"非汽(機)車駕駛人",120.484795,23.832316,"彰化縣","溪州鄉"
"追撞","2019",11,2,10,"晴","日間自然光線",110,"直路","快車道","柏油","乾燥","良好","無號誌","中央分向島","未繪設快慢車道分隔線","有",46,"未使用",120.484795,23.832316,"彰化縣","溪州鄉"
"衝進路中","2019",11,2,11,"晴","日間自然光線",50,"直路","快車道","柏油","乾燥","良好","無號誌","中央分向島","未繪設快慢車道分隔線","有",48,"未使用",121.205615,24.861151,"桃園市","龍潭區"
"衝進路中","2019",11,2,11,"晴","日間自然光線",50,"直路","快車道","柏油","乾燥","良好","無號誌","中央分向島","未繪設快慢車道分隔線","有",62,"非汽(機)車駕駛人",121.205615,24.861151,"桃園市","龍潭區"
"其他","2019",11,2,22,"陰","夜間(或隧道、地下道、涵洞)有照明",60,"直路","快車道","柏油","乾燥","良好","無號誌","行車分向線","快慢車道分隔線","有",26,"不明",120.52247,23.493398,"嘉義縣","竹崎鄉"
"其他","2019",11,2,22,"陰","夜間(或隧道、地下道、涵洞)有照明",60,"直路","快車道","柏油","乾燥","良好","無號誌","行車分向線","快慢車道分隔線","有",35,"未使用",120.52247,23.493398,"嘉義縣","竹崎鄉"
"側撞","2019",11,3,12,"晴","日間自然光線",50,"三岔路","交叉路口內","柏油","乾燥","良好","正常","無","未繪設快慢車道分隔線","無",70,"未使用",120.350875,22.617788,"高雄市","鳳山區"
"側撞","2019",11,3,12,"晴","日間自然光線",50,"三岔路","交叉路口內","柏油","乾燥","良好","正常","無","未繪設快慢車道分隔線","無",41,"未使用",120.350875,22.617788,"高雄市","鳳山區"
"對向擦撞","2019",11,3,16,"晴","日間自然光線",25,"彎曲路及附近","一般車道(未劃分快慢車道)","柏油","乾燥","良好","無號誌","雙向禁止超車線","未繪設快慢車道分隔線","有",16,"未使用",120.90871,24.291895,"臺中市","和平區"
"對向擦撞","2019",11,3,16,"晴","日間自然光線",25,"彎曲路及附近","一般車道(未劃分快慢車道)","柏油","乾燥","良好","無號誌","雙向禁止超車線","未繪設快慢車道分隔線","有",46,"不明",120.90871,24.291895,"臺中市","和平區"
"對向擦撞","2019",11,3,16,"晴","日間自然光線",25,"彎曲路及附近","一般車道(未劃分快慢車道)","柏油","乾燥","良好","無號誌","雙向禁止超車線","未繪設快慢車道分隔線","有",45,"不明",120.90871,24.291895,"臺中市","和平區"
"對向擦撞","2019",11,3,16,"晴","日間自然光線",25,"彎曲路及附近","一般車道(未劃分快慢車道)","柏油","乾燥","良好","無號誌","雙向禁止超車線","未繪設快慢車道分隔線","有",18,"非汽(機)車駕駛人",120.90871,24.291895,"臺中市","和平區"
"衝出路外","2019",11,3,19,"晴","夜間(或隧道、地下道、涵洞)有照明",40,"彎曲路及附近","一般車道(未劃分快慢車道)","柏油","乾燥","良好","無號誌","雙向禁止超車線","未繪設快慢車道分隔線","有",39,"不明",120.66739,23.72633,"南投縣","竹山鎮"
"路口交岔撞","2019",11,4,11,"晴","日間自然光線",40,"四岔路","交叉口附近","柏油","乾燥","良好","正常","雙向禁止超車線","未繪設快慢車道分隔線","有",51,"不明",120.77919,23.824346,"南投縣","集集鎮"
"路口交岔撞","2019",11,4,11,"晴","日間自然光線",40,"四岔路","交叉口附近","柏油","乾燥","良好","正常","雙向禁止超車線","未繪設快慢車道分隔線","有",75,"不明",120.77919,23.824346,"南投縣","集集鎮"
"撞交通島","2019",11,4,16,"雨","日間自然光線",70,"直路","快車道","柏油","濕潤","良好","無號誌","中央分向島","快慢車道分隔線","有",108,"",120.504246,22.831728,"高雄市","旗山區"
"撞交通島","2019",11,4,16,"雨","日間自然光線",70,"直路","快車道","柏油","濕潤","良好","無號誌","中央分向島","快慢車道分隔線","有",61,"",120.504246,22.831728,"高雄市","旗山區"
"撞交通島","2019",11,4,16,"雨","日間自然光線",70,"直路","快車道","柏油","濕潤","良好","無號誌","中央分向島","快慢車道分隔線","有",28,"不明",120.504246,22.831728,"高雄市","旗山區"
"撞交通島","2019",11,4,16,"雨","日間自然光線",70,"直路","快車道","柏油","濕潤","良好","無號誌","中央分向島","快慢車道分隔線","有",26,"非汽(機)車駕駛人",120.504246,22.831728,"高雄市","旗山區"
"同向擦撞","2019",11,4,17,"晴","晨或暮光",50,"直路","一般車道(未劃分快慢車道)","柏油","乾燥","良好","無號誌","中央分向島","未繪設快慢車道分隔線","有",83,"未使用",120.307489,22.964297,"臺南市","歸仁區"
"同向擦撞","2019",11,4,17,"晴","晨或暮光",50,"直路","一般車道(未劃分快慢車道)","柏油","乾燥","良好","無號誌","中央分向島","未繪設快慢車道分隔線","有",36,"未使用",120.307489,22.964297,"臺南市","歸仁區"
"同向擦撞","2019",11,4,17,"晴","晨或暮光",50,"直路","一般車道(未劃分快慢車道)","柏油","乾燥","良好","無號誌","中央分向島","未繪設快慢車道分隔線","有",50,"未使用",120.307489,22.964297,"臺南市","歸仁區"
"穿越道路中","2019",11,5,5,"晴","晨或暮光",60,"直路","一般車道(未劃分快慢車道)","柏油","乾燥","良好","無號誌","雙向禁止超車線","未繪設快慢車道分隔線","有",38,"未使用",120.307772,23.75882,"雲林縣","崙背鄉"
"穿越道路中","2019",11,5,5,"晴","晨或暮光",60,"直路","一般車道(未劃分快慢車道)","柏油","乾燥","良好","無號誌","雙向禁止超車線","未繪設快慢車道分隔線","有",22,"未使用",120.307772,23.75882,"雲林縣","崙背鄉"
"穿越道路中","2019",11,5,5,"晴","晨或暮光",60,"直路","一般車道(未劃分快慢車道)","柏油","乾燥","良好","無號誌","雙向禁止超車線","未繪設快慢車道分隔線","有",28,"未使用",120.307772,23.75882,"雲林縣","崙背鄉"
"穿越道路中","2019",11,5,5,"晴","晨或暮光",60,"直路","一般車道(未劃分快慢車道)","柏油","乾燥","良好","無號誌","雙向禁止超車線","未繪設快慢車道分隔線","有",42,"未使用",120.307772,23.75882,"雲林縣","崙背鄉"
"撞路樹、電桿","2019",11,5,14,"晴","日間自然光線",50,"其他","一般車道(未劃分快慢車道)","柏油","乾燥","良好","無號誌","雙向禁止超車線","未繪設快慢車道分隔線","有",52,"未使用",120.532105,24.211911,"臺中市","龍井區"
"同向通行中","2019",11,5,17,"晴","夜間(或隧道、地下道、涵洞)有照明",50,"直路","一般車道(未劃分快慢車道)","柏油","乾燥","良好","無號誌","雙向禁止超車線","未繪設快慢車道分隔線","有",56,"未使用",120.566717,24.014297,"彰化縣","花壇鄉"
"同向通行中","2019",11,5,17,"晴","夜間(或隧道、地下道、涵洞)有照明",50,"直路","一般車道(未劃分快慢車道)","柏油","乾燥","良好","無號誌","雙向禁止超車線","未繪設快慢車道分隔線","有",59,"未使用",120.566717,24.014297,"彰化縣","花壇鄉"
"穿越道路中","2019",11,5,20,"晴","夜間(或隧道、地下道、涵洞)有照明",50,"直路","一般車道(未劃分快慢車道)","柏油","乾燥","良好","無號誌","雙向禁止超車線","未繪設快慢車道分隔線","無",48,"未使用",120.675507,23.94323,"南投縣","南投市"
"穿越道路中","2019",11,5,20,"晴","夜間(或隧道、地下道、涵洞)有照明",50,"直路","一般車道(未劃分快慢車道)","柏油","乾燥","良好","無號誌","雙向禁止超車線","未繪設快慢車道分隔線","無",70,"非汽(機)車駕駛人",120.675507,23.94323,"南投縣","南投市"
"路口交岔撞","2019",11,6,9,"晴","日間自然光線",30,"四岔路","交叉路口內","柏油","乾燥","良好","無號誌","無","未繪設快慢車道分隔線","無",31,"未使用",120.343894,23.502372,"嘉義縣","太保市"
"路口交岔撞","2019",11,6,9,"晴","日間自然光線",30,"四岔路","交叉路口內","柏油","乾燥","良好","無號誌","無","未繪設快慢車道分隔線","無",26,"未使用",120.343894,23.502372,"嘉義縣","太保市"
"撞號誌、標誌桿","2019",11,7,1,"晴","夜間(或隧道、地下道、涵洞)有照明",60,"直路","快車道","柏油","乾燥","良好","無號誌","行車分向線","快慢車道分隔線","有",37,"未使用",120.976851,23.973802,"南投縣","埔里鎮"
"撞交通島","2019",11,7,4,"陰","夜間(或隧道、地下道、涵洞)有照明",50,"三岔路","交叉路口內","柏油","乾燥","良好","正常","無","未繪設快慢車道分隔線","無",26,"不明",120.64656,24.126371,"臺中市","南屯區"
"側撞","2019",11,7,6,"晴","晨或暮光",70,"直路","其他","柏油","乾燥","良好","無號誌","中央分向島","快慢車道分隔線","有",64,"不明",120.652989,22.261031,"屏東縣","枋山鄉"
"側撞","2019",11,7,6,"晴","晨或暮光",70,"直路","其他","柏油","乾燥","良好","無號誌","中央分向島","快慢車道分隔線","有",22,"不明",120.652989,22.261031,"屏東縣","枋山鄉"
"路口交岔撞","2019",11,7,6,"晴","日間自然光線",30,"四岔路","一般車道(未劃分快慢車道)","柏油","乾燥","良好","無號誌","無","未繪設快慢車道分隔線","有",71,"未使用",120.554557,23.716562,"雲林縣","斗六市"
"路口交岔撞","2019",11,7,6,"晴","日間自然光線",30,"四岔路","一般車道(未劃分快慢車道)","柏油","乾燥","良好","無號誌","無","未繪設快慢車道分隔線","有",38,"未使用",120.554557,23.716562,"雲林縣","斗六市"
"側撞","2019",11,7,7,"晴","日間自然光線",30,"四岔路","交叉路口內","柏油","乾燥","良好","無號誌","雙向禁止超車線","未繪設快慢車道分隔線","有",24,"未使用",120.544799,23.759257,"雲林縣","莿桐鄉"
"側撞","2019",11,7,7,"晴","日間自然光線",30,"四岔路","交叉路口內","柏油","乾燥","良好","無號誌","雙向禁止超車線","未繪設快慢車道分隔線","有",52,"未使用",120.544799,23.759257,"雲林縣","莿桐鄉"
"其他","2019",11,7,10,"晴","日間自然光線",30,"直路","一般車道(未劃分快慢車道)","柏油","乾燥","良好","無號誌","無","未繪設快慢車道分隔線","無",55,"非汽(機)車駕駛人",121.728533,25.116459,"基隆市","安樂區"
"其他","2019",11,7,10,"晴","日間自然光線",30,"直路","一般車道(未劃分快慢車道)","柏油","乾燥","良好","無號誌","無","未繪設快慢車道分隔線","無",35,"未使用",121.728533,25.116459,"基隆市","安樂區"
"其他","2019",11,7,11,"晴","日間自然光線",50,"坡路","一般車道(未劃分快慢車道)","柏油","乾燥","良好","無號誌","行車分向線","未繪設快慢車道分隔線","有",68,"未使用",121.061561,24.787374,"新竹縣","竹北市"
"其他","2019",11,7,11,"晴","日間自然光線",50,"坡路","一般車道(未劃分快慢車道)","柏油","乾燥","良好","無號誌","行車分向線","未繪設快慢車道分隔線","有",65,"未使用",121.061561,24.787374,"新竹縣","竹北市"
"側撞","2019",11,7,22,"晴","夜間(或隧道、地下道、涵洞)有照明",50,"三岔路","交叉路口內","柏油","乾燥","良好","正常","中央分向島","未繪設快慢車道分隔線","無",58,"未使用",121.651338,25.064712,"新北市","汐止區"
"側撞","2019",11,7,22,"晴","夜間(或隧道、地下道、涵洞)有照明",50,"三岔路","交叉路口內","柏油","乾燥","良好","正常","中央分向島","未繪設快慢車道分隔線","無",26,"未使用",121.651338,25.064712,"新北市","汐止區"
"撞交通島","2019",11,8,3,"雨","夜間(或隧道、地下道、涵洞)有照明",50,"直路","快車道","柏油","濕潤","良好","無號誌","中央分向島","未繪設快慢車道分隔線","有",19,"未使用",121.272074,24.978811,"桃園市","八德區"
"側撞","2019",11,8,8,"晴","日間自然光線",40,"多岔路","交叉路口內","柏油","乾燥","良好","正常","無","未繪設快慢車道分隔線","無",77,"未使用",120.405605,22.585476,"高雄市","大寮區"
"側撞","2019",11,8,8,"晴","日間自然光線",40,"多岔路","交叉路口內","柏油","乾燥","良好","正常","無","未繪設快慢車道分隔線","無",49,"未使用",120.405605,22.585476,"高雄市","大寮區"
"同向擦撞","2019",11,8,13,"晴","日間自然光線",50,"四岔路","交叉口附近","柏油","乾燥","良好","正常","中央分向島","未繪設快慢車道分隔線","有",56,"未使用",121.544193,25.064269,"臺北市","中山區"
"同向擦撞","2019",11,8,13,"晴","日間自然光線",50,"四岔路","交叉口附近","柏油","乾燥","良好","正常","中央分向島","未繪設快慢車道分隔線","有",18,"未使用",121.544193,25.064269,"臺北市","中山區"
"側撞","2019",11,8,22,"晴","夜間(或隧道、地下道、涵洞)有照明",60,"四岔路","交叉路口內","柏油","乾燥","良好","正常","無","未繪設快慢車道分隔線","無",30,"未使用",120.428749,22.591873,"高雄市","大寮區"
"側撞","2019",11,8,22,"晴","夜間(或隧道、地下道、涵洞)有照明",60,"四岔路","交叉路口內","柏油","乾燥","良好","正常","無","未繪設快慢車道分隔線","無",29,"非汽(機)車駕駛人",120.428749,22.591873,"高雄市","大寮區"
"側撞","2019",11,8,22,"晴","夜間(或隧道、地下道、涵洞)有照明",60,"四岔路","交叉路口內","柏油","乾燥","良好","正常","無","未繪設快慢車道分隔線","無",25,"不明",120.428749,22.591873,"高雄市","大寮區"
"追撞","2019",11,9,5,"晴","夜間(或隧道、地下道、涵洞)有照明",50,"三岔路","交叉路口內","柏油","乾燥","良好","無號誌","雙向禁止超車線","快慢車道分隔線","有",23,"未使用",120.986465,24.871322,"新竹縣","新豐鄉"
"追撞","2019",11,9,5,"晴","夜間(或隧道、地下道、涵洞)有照明",50,"三岔路","交叉路口內","柏油","乾燥","良好","無號誌","雙向禁止超車線","快慢車道分隔線","有",41,"未使用",120.986465,24.871322,"新竹縣","新豐鄉"
"穿越道路中","2019",11,9,11,"晴","日間自然光線",50,"直路","快車道","柏油","乾燥","良好","無號誌","行車分向線","未繪設快慢車道分隔線","有",41,"未使用",121.297517,24.93392,"桃園市","八德區"
"穿越道路中","2019",11,9,11,"晴","日間自然光線",50,"直路","快車道","柏油","乾燥","良好","無號誌","行車分向線","未繪設快慢車道分隔線","有",21,"未使用",121.297517,24.93392,"桃園市","八德區"
"穿越道路中","2019",11,9,11,"晴","日間自然光線",50,"直路","快車道","柏油","乾燥","良好","無號誌","行車分向線","未繪設快慢車道分隔線","有",72,"未使用",121.297517,24.93392,"桃園市","八德區"
"路上翻車、摔倒","2019",11,9,11,"晴","日間自然光線",50,"彎曲路及附近","一般車道(未劃分快慢車道)","柏油","乾燥","不良","無號誌","雙向禁止超車線","未繪設快慢車道分隔線","有",19,"未使用",120.523784,23.467205,"嘉義縣","番路鄉"
"其他","2019",11,9,22,"晴","夜間(或隧道、地下道、涵洞)有照明",50,"直路","一般車道(未劃分快慢車道)","柏油","乾燥","良好","無號誌","中央分向島","未繪設快慢車道分隔線","有",54,"未使用",121.452818,25.180878,"新北市","淡水區"
"其他","2019",11,9,22,"晴","夜間(或隧道、地下道、涵洞)有照明",50,"直路","一般車道(未劃分快慢車道)","柏油","乾燥","良好","無號誌","中央分向島","未繪設快慢車道分隔線","有",46,"未使用",121.452818,25.180878,"新北市","淡水區"
"路口交岔撞","2019",11,9,23,"晴","夜間(或隧道、地下道、涵洞)有照明",30,"四岔路","交叉路口內","柏油","乾燥","良好","無號誌","無","未繪設快慢車道分隔線","無",54,"不明",120.687212,24.212798,"臺中市","潭子區"
"路口交岔撞","2019",11,9,23,"晴","夜間(或隧道、地下道、涵洞)有照明",30,"四岔路","交叉路口內","柏油","乾燥","良好","無號誌","無","未繪設快慢車道分隔線","無",22,"未使用",120.687212,24.212798,"臺中市","潭子區"
"側撞","2019",11,10,6,"晴","日間自然光線",50,"四岔路","交叉路口內","柏油","乾燥","良好","正常","無","未繪設快慢車道分隔線","無",74,"未使用",120.352371,22.610088,"高雄市","鳳山區"
"側撞","2019",11,10,6,"晴","日間自然光線",50,"四岔路","交叉路口內","柏油","乾燥","良好","正常","無","未繪設快慢車道分隔線","無",66,"未使用",120.352371,22.610088,"高雄市","鳳山區"
"側撞","2019",11,10,7,"晴","日間自然光線",50,"直路","快車道","柏油","乾燥","良好","無號誌","雙向禁止超車線","快慢車道分隔線","有",34,"不明",120.184781,23.164326,"臺南市","佳里區"
"側撞","2019",11,10,7,"晴","日間自然光線",50,"直路","快車道","柏油","乾燥","良好","無號誌","雙向禁止超車線","快慢車道分隔線","有",59,"非汽(機)車駕駛人",120.184781,23.164326,"臺南市","佳里區"
"追撞","2019",11,10,22,"晴","夜間(或隧道、地下道、涵洞)有照明",40,"直路","機車優先道","柏油","乾燥","良好","無號誌","中央分向島","快慢車道分隔線","有",42,"不明",120.825653,24.254496,"臺中市","東勢區"
"追撞","2019",11,10,22,"晴","夜間(或隧道、地下道、涵洞)有照明",40,"直路","機車優先道","柏油","乾燥","良好","無號誌","中央分向島","快慢車道分隔線","有",20,"非汽(機)車駕駛人",120.825653,24.254496,"臺中市","東勢區"
"追撞","2019",11,10,22,"晴","夜間(或隧道、地下道、涵洞)有照明",40,"直路","機車優先道","柏油","乾燥","良好","無號誌","中央分向島","快慢車道分隔線","有",18,"未使用",120.825653,24.254496,"臺中市","東勢區"
"側撞","2019",11,11,0,"晴","夜間(或隧道、地下道、涵洞)有照明",50,"三岔路","交叉路口內","柏油","乾燥","良好","正常","無","未繪設快慢車道分隔線","無",19,"未使用",121.234163,24.99228,"桃園市","中壢區"
"側撞","2019",11,11,0,"晴","夜間(或隧道、地下道、涵洞)有照明",50,"三岔路","交叉路口內","柏油","乾燥","良好","正常","無","未繪設快慢車道分隔線","無",25,"未使用",121.234163,24.99228,"桃園市","中壢區"
"側撞","2019",11,11,5,"晴","日間自然光線",50,"四岔路","交叉口附近","柏油","乾燥","良好","正常","中央分向島","未繪設快慢車道分隔線","無",61,"不明",121.539674,25.000417,"臺北市","文山區"
"側撞","2019",11,11,5,"晴","日間自然光線",50,"四岔路","交叉口附近","柏油","乾燥","良好","正常","中央分向島","未繪設快慢車道分隔線","無",61,"非汽(機)車駕駛人",121.539674,25.000417,"臺北市","文山區"
"撞交通島","2019",11,11,5,"晴","日間自然光線",50,"三岔路","交叉路口內","柏油","乾燥","良好","正常","中央分向島","快慢車道分隔線","有",81,"不明",120.489473,22.706039,"屏東縣","屏東市"