"事故類型及型態子類別名稱","發生年度","發生月份","發生日期","發生時間","天候名稱","光線名稱","速限.第1當事者","道路型態子類別名稱","事故位置子類別名稱","路面狀況.路面鋪裝名稱","路面狀況.路面狀態名稱","道路障礙.視距品質名稱","號誌.號誌動作名稱","車道劃分設施.分向設施大類別名稱","車道劃分設施.分道設施.快慢車道間名稱","車道劃分設施.分道設施.路面邊線名稱","當事者事故發生時年齡","行動電話或電腦或其他相類功能裝置名稱","經度","緯度","縣市","鄉鎮"
"同向通行中","2019",11,11,11,"晴","日間自然光線",40,"直路","一般車道(未劃分快慢車道)","柏油","乾燥","良好","無號誌","雙向禁止超車線","未繪設快慢車道分隔線","有",55,"未使用",121.600598,25.004073,"新北市","深坑區"
"同向通行中","2019",11,11,11,"晴","日間自然光線",40,"直路","一般車道(未劃分快慢車道)","柏油","乾燥","良好","無號誌","雙向禁止超車線","未繪設快慢車道分隔線","有",55,"未使用",121.600598,25.004073,"新北市","深坑區"
"同向通行中","2019",11,11,11,"晴","日間自然光線",40,"直路","一般車道(未劃分快慢車道)","柏油","乾燥","良好","無號誌","雙向禁止超車線","未繪設快慢車道分隔線","有",53,"未使用",121.600598,25.004073,"新北市","深坑區"
"同向通行中","2019",11,11,11,"晴","日間自然光線",40,"直路","一般車道(未劃分快慢車道)","柏油","乾燥","良好","無號誌","雙向禁止超車線","未繪設快慢車道分隔線","有",33,"未使用",121.600598,25.004073,"新北市","深坑區"
"同向通行中","2019",11,11,11,"晴","日間自然光線",40,"直路","一般車道(未劃分快慢車道)","柏油","乾燥","良好","無號誌","雙向禁止超車線","未繪設快慢車道分隔線","有",82,"非汽(機)車駕駛人",121.600598,25.004073,"新北市","深坑區"
"同向通行中","2019",11,11,11,"晴","日間自然光線",40,"直路","一般車道(未劃分快慢車道)","柏油","乾燥","良好","無號誌","雙向禁止超車線","未繪設快慢車道分隔線","有",21,"未使用",121.600598,25.004073,"新北市","深坑區"
"對撞","2019",11,11,17,"晴","日間自然光線",50,"直路","直線匝道","柏油","乾燥","良好","無號誌","無","未繪設快慢車道分隔線","有",55,"未使用",121.743089,25.150867,"基隆市","中山區"
"對撞","2019",11,11,17,"晴","日間自然光線",50,"直路","直線匝道","柏油","乾燥","良好","無號誌","無","未繪設快慢車道分隔線","有",83,"未使用",121.743089,25.150867,"基隆市","中山區"
"對撞","2019",11,11,17,"晴","日間自然光線",50,"直路","直線匝道","柏油","乾燥","良好","無號誌","無","未繪設快慢車道分隔線","有",58,"未使用",121.743089,25.150867,"基隆市","中山區"
"在路上作業中","2019",11,12,4,"晴","夜間(或隧道、地下道、涵洞)有照明",60,"直路","一般車道(未劃分快慢車道)","柏油","乾燥","良好","無號誌","中央分向島","未繪設快慢車道分隔線","有",24,"不明",121.496928,25.121229,"臺北市","北投區"
"在路上作業中","2019",11,12,4,"晴","夜間(或隧道、地下道、涵洞)有照明",60,"直路","一般車道(未劃分快慢車道)","柏油","乾燥","良好","無號誌","中央分向島","未繪設快慢車道分隔線","有",53,"不明",121.496928,25.121229,"臺北市","北投區"
"在路上作業中","2019",11,12,4,"晴","夜間(或隧道、地下道、涵洞)有照明",60,"直路","一般車道(未劃分快慢車道)","柏油","乾燥","良好","無號誌","中央分向島","未繪設快慢車道分隔線","有",53,"非汽(機)車駕駛人",121.496928,25.121229,"臺北市","北投區"
"其他","2019",11,13,0,"晴","夜間(或隧道、地下道、涵洞)有照明",50,"四岔路","交叉路口內","柏油","乾燥","良好","無號誌","無","未繪設快慢車道分隔線","無",48,"不明",120.657079,24.165184,"臺中市","西屯區"
"其他","2019",11,13,0,"晴","夜間(或隧道、地下道、涵洞)有照明",50,"四岔路","交叉路口內","柏油","乾燥","良好","無號誌","無","未繪設快慢車道分隔線","無",54,"不明",120.657079,24.165184,"臺中市","西屯區"
"其他","2019",11,13,0,"晴","夜間(或隧道、地下道、涵洞)有照明",50,"四岔路","交叉路口內","柏油","乾燥","良好","無號誌","無","未繪設快慢車道分隔線","無",34,"不明",120.657079,24.165184,"臺中市","西屯區"
"路口交岔撞","2019",11,13,8,"晴","日間自然光線",50,"四岔路","交叉路口內","柏油","乾燥","良好","正常","中央分向島","未繪設快慢車道分隔線","有",59,"未使用",120.628101,24.224381,"臺中市","大雅區"
"路口交岔撞","2019",11,13,8,"晴","日間自然光線",50,"四岔路","交叉路口內","柏油","乾燥","良好","正常","中央分向島","未繪設快慢車道分隔線","有",32,"未使用",120.628101,24.224381,"臺中市","大雅區"
"撞護欄(樁)","2019",11,13,11,"晴","日間自然光線",50,"彎曲路及附近","一般車道(未劃分快慢車道)","柏油","乾燥","良好","無號誌","雙向禁止超車線","未繪設快慢車道分隔線","有",51,"未使用",121.3297,23.502537,"花蓮縣","萬榮鄉"
"撞護欄(樁)","2019",11,13,11,"晴","日間自然光線",50,"彎曲路及附近","一般車道(未劃分快慢車道)","柏油","乾燥","良好","無號誌","雙向禁止超車線","未繪設快慢車道分隔線","有",51,"未使用",121.3297,23.502537,"花蓮縣","萬榮鄉"
"側撞","2019",11,14,8,"晴","日間自然光線",30,"直路","快車道","柏油","乾燥","良好","無號誌","行車分向線","快慢車道分隔線","有",20,"未使用",120.209149,23.12647,"臺南市","西港區"
"側撞","2019",11,14,8,"晴","日間自然光線",30,"直路","快車道","柏油","乾燥","良好","無號誌","行車分向線","快慢車道分隔線","有",83,"未使用",120.209149,23.12647,"臺南市","西港區"
"路口交岔撞","2019",11,14,9,"晴","日間自然光線",50,"多岔路","交叉路口內","柏油","乾燥","良好","正常","中央分向島","快慢車道分隔線","有",47,"不明",120.335363,23.628533,"雲林縣","元長鄉"
"路口交岔撞","2019",11,14,9,"晴","日間自然光線",50,"多岔路","交叉路口內","柏油","乾燥","良好","正常","中央分向島","快慢車道分隔線","有",59,"未使用",120.335363,23.628533,"雲林縣","元長鄉"
"撞交通島","2019",11,14,14,"晴","日間自然光線",70,"四岔路","交叉路口內","柏油","乾燥","良好","無號誌","中央分向島","快慢車道分隔線","有",43,"未使用",120.269139,23.784194,"雲林縣","麥寮鄉"
"穿越道路中","2019",11,14,18,"晴","夜間(或隧道、地下道、涵洞)無照明",50,"三岔路","交叉路口內","柏油","乾燥","良好","無號誌","無","未繪設快慢車道分隔線","無",53,"未使用",120.152015,23.205573,"臺南市","將軍區"
"穿越道路中","2019",11,14,18,"晴","夜間(或隧道、地下道、涵洞)無照明",50,"三岔路","交叉路口內","柏油","乾燥","良好","無號誌","無","未繪設快慢車道分隔線","無",79,"非汽(機)車駕駛人",120.152015,23.205573,"臺南市","將軍區"
"側撞","2019",11,15,8,"晴","日間自然光線",50,"四岔路","交叉路口內","柏油","乾燥","良好","正常","無","未繪設快慢車道分隔線","無",40,"未使用",120.307947,22.678856,"高雄市","左營區"
"側撞","2019",11,15,8,"晴","日間自然光線",50,"四岔路","交叉路口內","柏油","乾燥","良好","正常","無","未繪設快慢車道分隔線","無",21,"未使用",120.307947,22.678856,"高雄市","左營區"
"撞路樹、電桿","2019",11,15,19,"晴","夜間(或隧道、地下道、涵洞)有照明",40,"三岔路","人行道","柏油","乾燥","良好","正常","無","未繪設快慢車道分隔線","無",28,"未使用",120.25143,23.121847,"臺南市","安定區"
"撞路樹、電桿","2019",11,15,19,"晴","夜間(或隧道、地下道、涵洞)有照明",40,"三岔路","人行道","柏油","乾燥","良好","正常","無","未繪設快慢車道分隔線","無",27,"非汽(機)車駕駛人",120.25143,23.121847,"臺南市","安定區"
"撞路樹、電桿","2019",11,15,21,"晴","夜間(或隧道、地下道、涵洞)有照明",50,"三岔路","交叉口附近","柏油","乾燥","良好","正常","中央分向島","未繪設快慢車道分隔線","無",39,"不明",121.541102,25.021361,"臺北市","大安區"
"同向擦撞","2019",11,15,23,"晴","夜間(或隧道、地下道、涵洞)有照明",50,"其他","一般車道(未劃分快慢車道)","柏油","乾燥","良好","無號誌","中央分向島","未繪設快慢車道分隔線","無",18,"非汽(機)車駕駛人",121.485541,25.022253,"新北市","板橋區"
"同向擦撞","2019",11,15,23,"晴","夜間(或隧道、地下道、涵洞)有照明",50,"其他","一般車道(未劃分快慢車道)","柏油","乾燥","良好","無號誌","中央分向島","未繪設快慢車道分隔線","無",31,"未使用",121.485541,25.022253,"新北市","板橋區"
"同向擦撞","2019",11,15,23,"晴","夜間(或隧道、地下道、涵洞)有照明",50,"其他","一般車道(未劃分快慢車道)","柏油","乾燥","良好","無號誌","中央分向島","未繪設快慢車道分隔線","無",21,"不明",121.485541,25.022253,"新北市","板橋區"
"撞護欄(樁)","2019",11,16,6,"晴","日間自然光線",50,"彎曲路及附近","路肩、路緣","柏油","乾燥","良好","無號誌","雙向禁止超車線","未繪設快慢車道分隔線","有",76,"未使用",121.029911,24.902278,"新竹縣","湖口鄉"
"撞護欄(樁)","2019",11,16,6,"晴","日間自然光線",50,"彎曲路及附近","路肩、路緣","柏油","乾燥","良好","無號誌","雙向禁止超車線","未繪設快慢車道分隔線","有",64,"非汽(機)車駕駛人",121.029911,24.902278,"新竹縣","湖口鄉"
"撞路樹、電桿","2019",11,16,7,"晴","日間自然光線",40,"直路","一般車道(未劃分快慢車道)","柏油","乾燥","良好","無號誌","雙向禁止超車線","未繪設快慢車道分隔線","無",29,"未使用",121.364611,25.005732,"桃園市","龜山區"
"同向擦撞","2019",11,16,13,"晴","日間自然光線",50,"直路","快車道","柏油","乾燥","良好","無號誌","中央分向島","窄式快慢車道分隔島(附柵欄)","有",42,"非汽(機)車駕駛人",121.495152,25.04773,"新北市","三重區"
"同向擦撞","2019",11,16,13,"晴","日間自然光線",50,"直路","快車道","柏油","乾燥","良好","無號誌","中央分向島","窄式快慢車道分隔島(附柵欄)","有",57,"未使用",121.495152,25.04773,"新北市","三重區"
"同向擦撞","2019",11,16,13,"晴","日間自然光線",50,"直路","快車道","柏油","乾燥","良好","無號誌","中央分向島","窄式快慢車道分隔島(附柵欄)","有",46,"未使用",121.495152,25.04773,"新北市","三重區"
"同向擦撞","2019",11,16,13,"晴","日間自然光線",50,"直路","快車道","柏油","乾燥","良好","無號誌","中央分向島","窄式快慢車道分隔島(附柵欄)","有",23,"未使用",121.495152,25.04773,"新北市","三重區"
"追撞","2019",11,16,13,"晴","日間自然光線",60,"直路","快車道","柏油","乾燥","良好","無號誌","雙向禁止超車線","未繪設快慢車道分隔線","有",67,"未使用",120.323961,22.865113,"高雄市","阿蓮區"
"追撞","2019",11,16,13,"晴","日間自然光線",60,"直路","快車道","柏油","乾燥","良好","無號誌","雙向禁止超車線","未繪設快慢車道分隔線","有",45,"未使用",120.323961,22.865113,"高雄市","阿蓮區"
"路上翻車、摔倒","2019",11,16,16,"晴","日間自然光線",40,"彎曲路及附近","一般車道(未劃分快慢車道)","柏油","乾燥","良好","無號誌","行車分向線","未繪設快慢車道分隔線","有",30,"未使用",121.33441,24.848873,"桃園市","大溪區"
"路口交岔撞","2019",11,16,16,"晴","日間自然光線",40,"四岔路","交叉路口內","柏油","乾燥","良好","無號誌","無","未繪設快慢車道分隔線","無",22,"未使用",120.510534,23.909758,"彰化縣","田尾鄉"
"路口交岔撞","2019",11,16,16,"晴","日間自然光線",40,"四岔路","交叉路口內","柏油","乾燥","良好","無號誌","無","未繪設快慢車道分隔線","無",24,"未使用",120.510534,23.909758,"彰化縣","田尾鄉"
"路口交岔撞","2019",11,16,16,"晴","日間自然光線",40,"四岔路","交叉路口內","柏油","乾燥","良好","無號誌","無","未繪設快慢車道分隔線","無",26,"未使用",120.510534,23.909758,"彰化縣","田尾鄉"
"撞交通島","2019",11,16,21,"晴","夜間(或隧道、地下道、涵洞)有照明",60,"彎曲路及附近","快車道","柏油","乾燥","良好","無號誌","中央分向島","快慢車道分隔線","有",23,"未使用",121.163449,22.764694,"臺東縣","臺東市"
"撞交通島","2019",11,16,21,"晴","夜間(或隧道、地下道、涵洞)有照明",60,"彎曲路及附近","快車道","柏油","乾燥","良好","無號誌","中央分向島","快慢車道分隔線","有",19,"非汽(機)車駕駛人",121.163449,22.764694,"臺東縣","臺東市"
"其他","2019",11,17,21,"晴","夜間(或隧道、地下道、涵洞)有照明",40,"直路","機車優先道","柏油","乾燥","不良","無號誌","中央分向島","快慢車道分隔線","有",31,"未使用",120.220874,22.935838,"臺南市","仁德區"
"其他","2019",11,17,21,"晴","夜間(或隧道、地下道、涵洞)有照明",40,"直路","機車優先道","柏油","乾燥","不良","無號誌","中央分向島","快慢車道分隔線","有",56,"未使用",120.220874,22.935838,"臺南市","仁德區"
"其他","2019",11,17,21,"晴","夜間(或隧道、地下道、涵洞)有照明",40,"直路","機車優先道","柏油","乾燥","不良","無號誌","中央分向島","快慢車道分隔線","有",92,"非汽(機)車駕駛人",120.220874,22.935838,"臺南市","仁德區"
"側撞","2019",11,17,21,"晴","夜間(或隧道、地下道、涵洞)有照明",50,"三岔路","交叉路口內","柏油","乾燥","良好","無號誌","無","未繪設快慢車道分隔線","無",62,"不明",121.213808,25.058689,"桃園市","大園區"
"側撞","2019",11,17,21,"晴","夜間(或隧道、地下道、涵洞)有照明",50,"三岔路","交叉路口內","柏油","乾燥","良好","無號誌","無","未繪設快慢車道分隔線","無",41,"不明",121.213808,25.058689,"桃園市","大園區"
"側撞","2019",11,17,21,"晴","夜間(或隧道、地下道、涵洞)有照明",50,"三岔路","交叉路口內","柏油","乾燥","良好","無號誌","無","未繪設快慢車道分隔線","無",24,"未使用",121.213808,25.058689,"桃園市","大園區"
"撞交通島","2019",11,18,7,"陰","日間自然光線",50,"彎曲路及附近","一般車道(未劃分快慢車道)","柏油","乾燥","良好","無號誌","中央分向島","未繪設快慢車道分隔線","有",18,"未使用",121.437813,25.155853,"新北市","八里區"
"側撞","2019",11,18,8,"晴","日間自然光線",50,"三岔路","交叉路口內","柏油","乾燥","良好","正常","無","未繪設快慢車道分隔線","無",56,"未使用",120.192757,23.030343,"臺南市","南區"
"側撞","2019",11,18,8,"晴","日間自然光線",50,"三岔路","交叉路口內","柏油","乾燥","良好","正常","無","未繪設快慢車道分隔線","無",39,"未使用",120.192757,23.030343,"臺南市","南區"
"其他","2019",11,18,17,"晴","晨或暮光",50,"四岔路","交叉路口內","柏油","乾燥","良好","正常","無","未繪設快慢車道分隔線","無",32,"未使用",120.771706,24.643985,"苗栗縣","後龍鎮"
"其他","2019",11,18,17,"晴","晨或暮光",50,"四岔路","交叉路口內","柏油","乾燥","良好","正常","無","未繪設快慢車道分隔線","無",90,"非汽(機)車駕駛人",120.771706,24.643985,"苗栗縣","後龍鎮"
"穿越道路中","2019",11,18,23,"晴","夜間(或隧道、地下道、涵洞)有照明",60,"四岔路","交叉路口內","柏油","乾燥","良好","正常","無","未繪設快慢車道分隔線","有",51,"未使用",120.284253,22.967926,"臺南市","歸仁區"
"穿越道路中","2019",11,18,23,"晴","夜間(或隧道、地下道、涵洞)有照明",60,"四岔路","交叉路口內","柏油","乾燥","良好","正常","無","未繪設快慢車道分隔線","有",56,"非汽(機)車駕駛人",120.284253,22.967926,"臺南市","歸仁區"
"其他","2019",11,19,15,"晴","日間自然光線",50,"四岔路","交叉路口內","柏油","乾燥","良好","正常","無","未繪設快慢車道分隔線","無",65,"非汽(機)車駕駛人",120.682229,24.137349,"臺中市","中區"
"其他","2019",11,19,15,"晴","日間自然光線",50,"四岔路","交叉路口內","柏油","乾燥","良好","正常","無","未繪設快慢車道分隔線","無",35,"未使用",120.682229,24.137349,"臺中市","中區"
"其他","2019",11,19,15,"晴","日間自然光線",50,"四岔路","交叉路口內","柏油","乾燥","良好","正常","無","未繪設快慢車道分隔線","無",54,"使用手持或有礙駕駛安全",120.682229,24.137349,"臺中市","中區"
"側撞","2019",11,19,17,"晴","日間自然光線",50,"直路","一般車道(未劃分快慢車道)","柏油","乾燥","良好","無號誌","雙向禁止超車線","未繪設快慢車道分隔線","有",47,"不明",120.477757,23.451567,"嘉義縣","中埔鄉"
"側撞","2019",11,19,17,"晴","日間自然光線",50,"直路","一般車道(未劃分快慢車道)","柏油","乾燥","良好","無號誌","雙向禁止超車線","未繪設快慢車道分隔線","有",30,"未使用",120.477757,23.451567,"嘉義縣","中埔鄉"
"側撞","2019",11,19,17,"晴","日間自然光線",50,"直路","一般車道(未劃分快慢車道)","柏油","乾燥","良好","無號誌","雙向禁止超車線","未繪設快慢車道分隔線","有",58,"未使用",120.477757,23.451567,"嘉義縣","中埔鄉"
"穿越道路中","2019",11,20,9,"晴","日間自然光線",50,"四岔路","交叉路口內","柏油","乾燥","良好","正常","行車分向線","未繪設快慢車道分隔線","無",66,"不明",121.514709,25.06291,"臺北市","大同區"
"穿越道路中","2019",11,20,9,"晴","日間自然光線",50,"四岔路","交叉路口內","柏油","乾燥","良好","正常","行車分向線","未繪設快慢車道分隔線","無",66,"非汽(機)車駕駛人",121.514709,25.06291,"臺北市","大同區"
"側撞","2019",11,20,10,"晴","日間自然光線",50,"三岔路","交叉路口內","柏油","乾燥","良好","正常","無","未繪設快慢車道分隔線","無",82,"未使用",120.348903,22.52379,"高雄市","小港區"
"側撞","2019",11,20,10,"晴","日間自然光線",50,"三岔路","交叉路口內","柏油","乾燥","良好","正常","無","未繪設快慢車道分隔線","無",26,"未使用",120.348903,22.52379,"高雄市","小港區"
"路口交岔撞","2019",11,20,11,"晴","日間自然光線",50,"三岔路","交叉路口內","柏油","乾燥","良好","無號誌","行車分向線","未繪設快慢車道分隔線","有",22,"未使用",120.166829,22.999379,"臺南市","安平區"
"路口交岔撞","2019",11,20,11,"晴","日間自然光線",50,"三岔路","交叉路口內","柏油","乾燥","良好","無號誌","行車分向線","未繪設快慢車道分隔線","有",90,"未使用",120.166829,22.999379,"臺南市","安平區"
"路上翻車、摔倒","2019",11,20,15,"晴","日間自然光線",40,"彎曲路及附近","一般車道(未劃分快慢車道)","柏油","乾燥","良好","無號誌","雙向禁止超車線","未繪設快慢車道分隔線","有",27,"未使用",120.539299,23.380677,"嘉義縣","中埔鄉"
"路上翻車、摔倒","2019",11,20,18,"晴","夜間(或隧道、地下道、涵洞)有照明",40,"直路","一般車道(未劃分快慢車道)","柏油","乾燥","良好","無號誌","雙向禁止超車線","未繪設快慢車道分隔線","有",68,"未使用",120.807968,24.211214,"臺中市","新社區"
"撞橋樑、建築物","2019",11,20,19,"晴","夜間(或隧道、地下道、涵洞)有照明",40,"彎曲路及附近","路肩、路緣","柏油","乾燥","良好","無號誌","雙向禁止超車線","未繪設快慢車道分隔線","有",20,"未使用",121.078292,24.891162,"新竹縣","湖口鄉"
"撞橋樑、建築物","2019",11,20,19,"晴","夜間(或隧道、地下道、涵洞)有照明",40,"彎曲路及附近","路肩、路緣","柏油","乾燥","良好","無號誌","雙向禁止超車線","未繪設快慢車道分隔線","有",20,"非汽(機)車駕駛人",121.078292,24.891162,"新竹縣","湖口鄉"
"穿越道路中","2019",11,20,23,"晴","夜間(或隧道、地下道、涵洞)有照明",50,"四岔路","交叉路口內","柏油","乾燥","良好","正常","雙向禁止超車線","未繪設快慢車道分隔線","有",19,"未使用",121.425814,25.064194,"新北市","泰山區"
"穿越道路中","2019",11,20,23,"晴","夜間(或隧道、地下道、涵洞)有照明",50,"四岔路","交叉路口內","柏油","乾燥","良好","正常","雙向禁止超車線","未繪設快慢車道分隔線","有",80,"非汽(機)車駕駛人",121.425814,25.064194,"新北市","泰山區"
"對撞","2019",11,20,23,"雨","夜間(或隧道、地下道、涵洞)有照明",40,"直路","一般車道(未劃分快慢車道)","柏油","濕潤","良好","無號誌","雙向禁止超車線","未繪設快慢車道分隔線","有",28,"未使用",121.632139,25.010395,"新北市","深坑區"
"對撞","2019",11,20,23,"雨","夜間(或隧道、地下道、涵洞)有照明",40,"直路","一般車道(未劃分快慢車道)","柏油","濕潤","良好","無號誌","雙向禁止超車線","未繪設快慢車道分隔線","有",22,"未使用",121.632139,25.010395,"新北市","深坑區"
"衝出路外","2019",11,21,0,"晴","夜間(或隧道、地下道、涵洞)有照明",50,"四岔路","交叉口附近","柏油","乾燥","良好","正常","行車分向線","快慢車道分隔線","有",40,"未使用",120.273659,23.294722,"臺南市","新營區"
"側撞","2019",11,21,8,"晴","日間自然光線",50,"直路","一般車道(未劃分快慢車道)","柏油","乾燥","良好","無號誌","雙向禁止超車線","未繪設快慢車道分隔線","有",44,"未使用",120.311697,23.792513,"雲林縣","崙背鄉"
"側撞","2019",11,21,8,"晴","日間自然光線",50,"直路","一般車道(未劃分快慢車道)","柏油","乾燥","良好","無號誌","雙向禁止超車線","未繪設快慢車道分隔線","有",79,"不明",120.311697,23.792513,"雲林縣","崙背鄉"
"同向擦撞","2019",11,21,11,"晴","日間自然光線",60,"直路","一般車道(未劃分快慢車道)","柏油","乾燥","良好","無號誌","雙向禁止超車線","未繪設快慢車道分隔線","有",69,"不明",120.482186,23.097396,"臺南市","玉井區"
"同向擦撞","2019",11,21,11,"晴","日間自然光線",60,"直路","一般車道(未劃分快慢車道)","柏油","乾燥","良好","無號誌","雙向禁止超車線","未繪設快慢車道分隔線","有",54,"未使用",120.482186,23.097396,"臺南市","玉井區"
"同向擦撞","2019",11,21,11,"晴","日間自然光線",60,"直路","一般車道(未劃分快慢車道)","柏油","乾燥","良好","無號誌","雙向禁止超車線","未繪設快慢車道分隔線","有",65,"非汽(機)車駕駛人",120.482186,23.097396,"臺南市","玉井區"
"追撞","2019",11,21,14,"晴","日間自然光線",40,"直路","機車優先道","柏油","乾燥","良好","無號誌","中央分向島","快慢車道分隔線","有",85,"未使用",120.808462,24.621031,"苗栗縣","後龍鎮"
"追撞","2019",11,21,14,"晴","日間自然光線",40,"直路","機車優先道","柏油","乾燥","良好","無號誌","中央分向島","快慢車道分隔線","有",22,"未使用",120.808462,24.621031,"苗栗縣","後龍鎮"
"對撞","2019",11,21,15,"晴","日間自然光線",40,"直路","一般車道(未劃分快慢車道)","柏油","乾燥","良好","無號誌","雙向禁止超車線","未繪設快慢車道分隔線","有",42,"未使用",120.96514,23.973307,"南投縣","埔里鎮"
"對撞","2019",11,21,15,"晴","日間自然光線",40,"直路","一般車道(未劃分快慢車道)","柏油","乾燥","良好","無號誌","雙向禁止超車線","未繪設快慢車道分隔線","有",29,"未使用",120.96514,23.973307,"南投縣","埔里鎮"
"對撞","2019",11,21,15,"晴","日間自然光線",40,"直路","一般車道(未劃分快慢車道)","柏油","乾燥","良好","無號誌","雙向禁止超車線","未繪設快慢車道分隔線","有",89,"未使用",120.96514,23.973307,"南投縣","埔里鎮"
"對撞","2019",11,21,15,"晴","日間自然光線",40,"直路","一般車道(未劃分快慢車道)","柏油","乾燥","良好","無號誌","雙向禁止超車線","未繪設快慢車道分隔線","有",55,"未使用",120.96514,23.973307,"南投縣","埔里鎮"
"路上翻車、摔倒","2019",11,21,16,"晴","日間自然光線",40,"坡路","一般車道(未劃分快慢車道)","柏油","乾燥","良好","無號誌","無","未繪設快慢車道分隔線","有",69,"未使用",120.5445,24.0775,"彰化縣","員林市"
"穿越道路中","2019",11,21,17,"雨","夜間(或隧道、地下道、涵洞)有照明",1,"直路","一般車道(未劃分快慢車道)","柏油","濕潤","不良","無號誌","行車分向線","未繪設快慢車道分隔線","有",63,"未使用",121.313308,25.080031,"桃園市","蘆竹區"
"穿越道路中","2019",11,21,17,"雨","夜間(或隧道、地下道、涵洞)有照明",1,"直路","一般車道(未劃分快慢車道)","柏油","濕潤","不良","無號誌","行車分向線","未繪設快慢車道分隔線","有",55,"未使用",121.313308,25.080031,"桃園市","蘆竹區"
"佇立路邊(外)","2019",11,21,22,"雨","日間自然光線",50,"直路","一般車道(未劃分快慢車道)","柏油","濕潤","良好","無號誌","雙向禁止超車線","快慢車道分隔線","有",39,"未使用",121.05705,24.765163,"新竹縣","竹東鎮"
"佇立路邊(外)","2019",11,21,22,"雨","日間自然光線",50,"直路","一般車道(未劃分快慢車道)","柏油","濕潤","良好","無號誌","雙向禁止超車線","快慢車道分隔線","有",47,"非汽(機)車駕駛人",121.05705,24.765163,"新竹縣","竹東鎮"
"撞護欄(樁)","2019",11,21,22,"晴","夜間(或隧道、地下道、涵洞)有照明",40,"直路","慢車道","柏油","乾燥","良好","無號誌","中央分向島","快慢車道分隔線","有",18,"不明",120.196068,23.080966,"臺南市","安定區"
"路口交岔撞","2019",11,22,6,"晴","日間自然光線",50,"四岔路","交叉路口內","柏油","乾燥","良好","正常","雙向禁止超車線","未繪設快慢車道分隔線","有",40,"未使用",120.484037,24.017478,"彰化縣","福興鄉"
"路口交岔撞","2019",11,22,6,"晴","日間自然光線",50,"四岔路","交叉路口內","柏油","乾燥","良好","正常","雙向禁止超車線","未繪設快慢車道分隔線","有",28,"未使用",120.484037,24.017478,"彰化縣","福興鄉"
"路口交岔撞","2019",11,22,13,"晴","日間自然光線",50,"四岔路","交叉路口內","柏油","乾燥","良好","正常","無","未繪設快慢車道分隔線","無",55,"未使用",121.316672,23.34176,"花蓮縣","玉里鎮"
"路口交岔撞","2019",11,22,13,"晴","日間自然光線",50,"四岔路","交叉路口內","柏油","乾燥","良好","正常","無","未繪設快慢車道分隔線","無",62,"未使用",121.316672,23.34176,"花蓮縣","玉里鎮"
"衝出路外","2019",11,22,14,"晴","日間自然光線",70,"直路","路肩、路緣","柏油","乾燥","良好","無號誌","中央分向島","未繪設快慢車道分隔線","有",28,"未使用",121.382799,23.570068,"花蓮縣","瑞穗鄉"
"衝出路外","2019",11,22,14,"晴","日間自然光線",70,"直路","路肩、路緣","柏油","乾燥","良好","無號誌","中央分向島","未繪設快慢車道分隔線","有",26,"未使用",121.382799,23.570068,"花蓮縣","瑞穗鄉"
"穿越道路中","2019",11,22,17,"晴","夜間(或隧道、地下道、涵洞)有照明",40,"直路","一般車道(未劃分快慢車道)","柏油","乾燥","良好","無號誌","雙向禁止超車線","未繪設快慢車道分隔線","有",25,"未使用",120.517636,23.866192,"彰化縣","北斗鎮"
"穿越道路中","2019",11,22,17,"晴","夜間(或隧道、地下道、涵洞)有照明",40,"直路","一般車道(未劃分快慢車道)","柏油","乾燥","良好","無號誌","雙向禁止超車線","未繪設快慢車道分隔線","有",82,"非汽(機)車駕駛人",120.517636,23.866192,"彰化縣","北斗鎮"
"穿越道路中","2019",11,22,17,"晴","夜間(或隧道、地下道、涵洞)有照明",40,"直路","一般車道(未劃分快慢車道)","柏油","乾燥","良好","無號誌","雙向禁止超車線","未繪設快慢車道分隔線","有",35,"未使用",120.517636,23.866192,"彰化縣","北斗鎮"
"側撞","2019",11,23,5,"雨","晨或暮光",60,"四岔路","交叉路口內","柏油","濕潤","良好","正常","中央分向島","未繪設快慢車道分隔線","有",31,"未使用",121.446047,25.193459,"新北市","淡水區"
"側撞","2019",11,23,5,"雨","晨或暮光",60,"四岔路","交叉路口內","柏油","濕潤","良好","正常","中央分向島","未繪設快慢車道分隔線","有",51,"未使用",121.446047,25.193459,"新北市","淡水區"
"側撞","2019",11,23,5,"雨","晨或暮光",60,"四岔路","交叉路口內","柏油","濕潤","良好","正常","中央分向島","未繪設快慢車道分隔線","有",16,"不明",121.446047,25.193459,"新北市","淡水區"
"撞護欄(樁)","2019",11,23,9,"晴","日間自然光線",70,"直路","路肩、路緣","柏油","乾燥","良好","無號誌","行車分向線","快慢車道分隔線","有",18,"未使用",120.875197,23.983476,"南投縣","國姓鄉"
"其他","2019",11,23,17,"陰","夜間(或隧道、地下道、涵洞)有照明",50,"直路","一般車道(未劃分快慢車道)","柏油","乾燥","良好","無號誌","中央分向島","未繪設快慢車道分隔線","有",19,"未使用",121.670913,25.066761,"新北市","汐止區"