"事故類型及型態子類別名稱","發生年度","發生月份","發生日期","發生時間","天候名稱","光線名稱","速限.第1當事者","道路型態子類別名稱","事故位置子類別名稱","路面狀況.路面鋪裝名稱","路面狀況.路面狀態名稱","道路障礙.視距品質名稱","號誌.號誌動作名稱","車道劃分設施.分向設施大類別名稱","車道劃分設施.分道設施.快慢車道間名稱","車道劃分設施.分道設施.路面邊線名稱","當事者事故發生時年齡","行動電話或電腦或其他相類功能裝置名稱","經度","緯度","縣市","鄉鎮"
"其他","2019",11,23,17,"陰","夜間(或隧道、地下道、涵洞)有照明",50,"直路","一般車道(未劃分快慢車道)","柏油","乾燥","良好","無號誌","中央分向島","未繪設快慢車道分隔線","有",64,"未使用",121.670913,25.066761,"新北市","汐止區"
"追撞","2019",11,23,20,"晴","日間自然光線",70,"直路","慢車道","柏油","乾燥","良好","無號誌","中央分向島","快慢車道分隔線","有",32,"未使用",120.483791,22.627172,"屏東縣","屏東市"
"追撞","2019",11,23,20,"晴","日間自然光線",70,"直路","慢車道","柏油","乾燥","良好","無號誌","中央分向島","快慢車道分隔線","有",17,"未使用",120.483791,22.627172,"屏東縣","屏東市"
"追撞","2019",11,23,20,"晴","日間自然光線",70,"直路","慢車道","柏油","乾燥","良好","無號誌","中央分向島","快慢車道分隔線","有",23,"未使用",120.483791,22.627172,"屏東縣","屏東市"
"同向通行中","2019",11,24,8,"晴","日間自然光線",50,"直路","路肩、路緣","柏油","乾燥","良好","無號誌","雙向禁止超車線","未繪設快慢車道分隔線","有",35,"不明",120.266916,23.316211,"臺南市","鹽水區"
"同向通行中","2019",11,24,8,"晴","日間自然光線",50,"直路","路肩、路緣","柏油","乾燥","良好","無號誌","雙向禁止超車線","未繪設快慢車道分隔線","有",67,"未使用",120.266916,23.316211,"臺南市","鹽水區"
"同向通行中","2019",11,24,8,"晴","日間自然光線",50,"直路","路肩、路緣","柏油","乾燥","良好","無號誌","雙向禁止超車線","未繪設快慢車道分隔線","有",81,"非汽(機)車駕駛人",120.266916,23.316211,"臺南市","鹽水區"
"同向擦撞","2019",11,24,9,"晴","日間自然光線",50,"直路","快車道","柏油","乾燥","良好","無號誌","雙向禁止超車線","快慢車道分隔線","有",53,"不明",121.283736,24.864498,"桃園市","大溪區"
"同向擦撞","2019",11,24,9,"晴","日間自然光線",50,"直路","快車道","柏油","乾燥","良好","無號誌","雙向禁止超車線","快慢車道分隔線","有",43,"未使用",121.283736,24.864498,"桃園市","大溪區"
"同向擦撞","2019",11,24,9,"晴","日間自然光線",50,"直路","快車道","柏油","乾燥","良好","無號誌","雙向禁止超車線","快慢車道分隔線","有",62,"未使用",121.283736,24.864498,"桃園市","大溪區"
"同向擦撞","2019",11,24,9,"晴","日間自然光線",50,"直路","快車道","柏油","乾燥","良好","無號誌","雙向禁止超車線","快慢車道分隔線","有",57,"非汽(機)車駕駛人",121.283736,24.864498,"桃園市","大溪區"
"穿越道路中","2019",11,24,9,"晴","日間自然光線",40,"四岔路","穿越道附近","柏油","乾燥","良好","正常","無","未繪設快慢車道分隔線","有",72,"未使用",120.790266,24.614873,"苗栗縣","後龍鎮"
"穿越道路中","2019",11,24,9,"晴","日間自然光線",40,"四岔路","穿越道附近","柏油","乾燥","良好","正常","無","未繪設快慢車道分隔線","有",35,"未使用",120.790266,24.614873,"苗栗縣","後龍鎮"
"其他","2019",11,24,18,"晴","夜間(或隧道、地下道、涵洞)有照明",40,"直路","一般車道(未劃分快慢車道)","柏油","乾燥","不良","無號誌","無","未繪設快慢車道分隔線","有",21,"不明",120.239496,23.571028,"雲林縣","水林鄉"
"其他","2019",11,24,18,"晴","夜間(或隧道、地下道、涵洞)有照明",40,"直路","一般車道(未劃分快慢車道)","柏油","乾燥","不良","無號誌","無","未繪設快慢車道分隔線","有",79,"非汽(機)車駕駛人",120.239496,23.571028,"雲林縣","水林鄉"
"穿越道路中","2019",11,24,19,"晴","夜間(或隧道、地下道、涵洞)有照明",30,"四岔路","交叉口附近","柏油","乾燥","良好","正常","中央分向島","快慢車道分隔線","有",43,"未使用",121.496319,25.00367,"新北市","中和區"
"穿越道路中","2019",11,24,19,"晴","夜間(或隧道、地下道、涵洞)有照明",30,"四岔路","交叉口附近","柏油","乾燥","良好","正常","中央分向島","快慢車道分隔線","有",81,"非汽(機)車駕駛人",121.496319,25.00367,"新北市","中和區"
"其他","2019",11,24,21,"晴","夜間(或隧道、地下道、涵洞)有照明",50,"三岔路","交叉口附近","柏油","乾燥","良好","無號誌","雙向禁止超車線","未繪設快慢車道分隔線","有",18,"未使用",121.791214,24.630026,"宜蘭縣","冬山鄉"
"其他","2019",11,24,21,"晴","夜間(或隧道、地下道、涵洞)有照明",50,"三岔路","交叉口附近","柏油","乾燥","良好","無號誌","雙向禁止超車線","未繪設快慢車道分隔線","有",4,"未使用",121.791214,24.630026,"宜蘭縣","冬山鄉"
"其他","2019",11,24,21,"晴","夜間(或隧道、地下道、涵洞)有照明",50,"三岔路","交叉口附近","柏油","乾燥","良好","無號誌","雙向禁止超車線","未繪設快慢車道分隔線","有",56,"未使用",121.791214,24.630026,"宜蘭縣","冬山鄉"
"撞路樹、電桿","2019",11,25,1,"晴","夜間(或隧道、地下道、涵洞)有照明",50,"直路","路肩、路緣","柏油","乾燥","良好","無號誌","行車分向線","未繪設快慢車道分隔線","有",22,"不明",120.342786,23.087978,"臺南市","新市區"
"其他","2019",11,25,6,"晴","日間自然光線",50,"彎曲路及附近","路肩、路緣","柏油","乾燥","良好","無號誌","雙向禁止超車線","未繪設快慢車道分隔線","有",45,"不明",120.538286,23.680799,"雲林縣","斗六市"
"其他","2019",11,25,6,"晴","日間自然光線",50,"彎曲路及附近","路肩、路緣","柏油","乾燥","良好","無號誌","雙向禁止超車線","未繪設快慢車道分隔線","有",82,"不明",120.538286,23.680799,"雲林縣","斗六市"
"側撞","2019",11,25,12,"晴","日間自然光線",50,"四岔路","交叉路口內","柏油","乾燥","良好","正常","雙向禁止超車線","未繪設快慢車道分隔線","有",61,"未使用",120.223633,22.895747,"高雄市","湖內區"
"側撞","2019",11,25,12,"晴","日間自然光線",50,"四岔路","交叉路口內","柏油","乾燥","良好","正常","雙向禁止超車線","未繪設快慢車道分隔線","有",57,"未使用",120.223633,22.895747,"高雄市","湖內區"
"穿越道路中","2019",11,25,13,"晴","日間自然光線",60,"四岔路","交叉路口內","柏油","乾燥","良好","無號誌","無","未繪設快慢車道分隔線","無",24,"未使用",120.259631,23.127684,"臺南市","安定區"
"穿越道路中","2019",11,25,13,"晴","日間自然光線",60,"四岔路","交叉路口內","柏油","乾燥","良好","無號誌","無","未繪設快慢車道分隔線","無",83,"非汽(機)車駕駛人",120.259631,23.127684,"臺南市","安定區"
"穿越道路中","2019",11,25,14,"雨","日間自然光線",50,"四岔路","交叉路口內","柏油","濕潤","良好","無號誌","單向禁止超車線","未繪設快慢車道分隔線","有",63,"未使用",121.524896,25.123031,"臺北市","北投區"
"穿越道路中","2019",11,25,14,"雨","日間自然光線",50,"四岔路","交叉路口內","柏油","濕潤","良好","無號誌","單向禁止超車線","未繪設快慢車道分隔線","有",69,"非汽(機)車駕駛人",121.524896,25.123031,"臺北市","北投區"
"側撞","2019",11,25,17,"雨","夜間(或隧道、地下道、涵洞)有照明",50,"直路","一般車道(未劃分快慢車道)","柏油","濕潤","不良","無號誌","雙向禁止超車線","未繪設快慢車道分隔線","有",22,"未使用",121.263002,25.008245,"桃園市","蘆竹區"
"側撞","2019",11,25,17,"雨","夜間(或隧道、地下道、涵洞)有照明",50,"直路","一般車道(未劃分快慢車道)","柏油","濕潤","不良","無號誌","雙向禁止超車線","未繪設快慢車道分隔線","有",34,"未使用",121.263002,25.008245,"桃園市","蘆竹區"
"穿越道路中","2019",11,26,1,"陰","夜間(或隧道、地下道、涵洞)有照明",50,"直路","一般車道(未劃分快慢車道)","柏油","乾燥","良好","無號誌","雙向禁止超車線","未繪設快慢車道分隔線","有",24,"不明",121.481315,25.136643,"臺北市","北投區"
"穿越道路中","2019",11,26,1,"陰","夜間(或隧道、地下道、涵洞)有照明",50,"直路","一般車道(未劃分快慢車道)","柏油","乾燥","良好","無號誌","雙向禁止超車線","未繪設快慢車道分隔線","有",61,"非汽(機)車駕駛人",121.481315,25.136643,"臺北市","北投區"
"對撞","2019",11,26,15,"晴","日間自然光線",50,"直路","一般車道(未劃分快慢車道)","柏油","乾燥","良好","無號誌","行車分向線","未繪設快慢車道分隔線","有",51,"不明",121.424255,25.027994,"新北市","新莊區"
"對撞","2019",11,26,15,"晴","日間自然光線",50,"直路","一般車道(未劃分快慢車道)","柏油","乾燥","良好","無號誌","行車分向線","未繪設快慢車道分隔線","有",54,"不明",121.424255,25.027994,"新北市","新莊區"
"對撞","2019",11,26,15,"晴","日間自然光線",50,"直路","一般車道(未劃分快慢車道)","柏油","乾燥","良好","無號誌","行車分向線","未繪設快慢車道分隔線","有",39,"未使用",121.424255,25.027994,"新北市","新莊區"
"對撞","2019",11,26,15,"晴","日間自然光線",50,"直路","一般車道(未劃分快慢車道)","柏油","乾燥","良好","無號誌","行車分向線","未繪設快慢車道分隔線","有",37,"未使用",121.424255,25.027994,"新北市","新莊區"
"對撞","2019",11,26,15,"晴","日間自然光線",50,"直路","一般車道(未劃分快慢車道)","柏油","乾燥","良好","無號誌","行車分向線","未繪設快慢車道分隔線","有",37,"未使用",121.424255,25.027994,"新北市","新莊區"
"撞路樹、電桿","2019",11,26,15,"晴","日間自然光線",70,"直路","路肩、路緣","柏油","乾燥","良好","無號誌","雙向禁止超車線","未繪設快慢車道分隔線","有",26,"不明",120.91171,22.377786,"臺東縣","大武鄉"
"撞路樹、電桿","2019",11,26,15,"晴","日間自然光線",70,"直路","路肩、路緣","柏油","乾燥","良好","無號誌","雙向禁止超車線","未繪設快慢車道分隔線","有",36,"非汽(機)車駕駛人",120.91171,22.377786,"臺東縣","大武鄉"
"穿越道路中","2019",11,26,17,"晴","夜間(或隧道、地下道、涵洞)有照明",50,"四岔路","交叉路口內","柏油","乾燥","良好","正常","雙向禁止超車線","未繪設快慢車道分隔線","有",18,"未使用",121.492424,24.990619,"新北市","中和區"
"穿越道路中","2019",11,26,17,"晴","夜間(或隧道、地下道、涵洞)有照明",50,"四岔路","交叉路口內","柏油","乾燥","良好","正常","雙向禁止超車線","未繪設快慢車道分隔線","有",13,"非汽(機)車駕駛人",121.492424,24.990619,"新北市","中和區"
"側撞","2019",11,26,17,"晴","夜間(或隧道、地下道、涵洞)有照明",40,"三岔路","交叉路口內","柏油","乾燥","良好","無號誌","無","未繪設快慢車道分隔線","無",66,"未使用",120.628165,24.119257,"臺中市","南屯區"
"側撞","2019",11,26,17,"晴","夜間(或隧道、地下道、涵洞)有照明",40,"三岔路","交叉路口內","柏油","乾燥","良好","無號誌","無","未繪設快慢車道分隔線","無",51,"未使用",120.628165,24.119257,"臺中市","南屯區"
"側撞","2019",11,26,19,"晴","夜間(或隧道、地下道、涵洞)有照明",50,"直路","一般車道(未劃分快慢車道)","柏油","乾燥","良好","無號誌","雙向禁止超車線","未繪設快慢車道分隔線","有",40,"未使用",120.217636,23.006524,"臺南市","北區"
"側撞","2019",11,26,19,"晴","夜間(或隧道、地下道、涵洞)有照明",50,"直路","一般車道(未劃分快慢車道)","柏油","乾燥","良好","無號誌","雙向禁止超車線","未繪設快慢車道分隔線","有",64,"未使用",120.217636,23.006524,"臺南市","北區"
"路口交岔撞","2019",11,27,12,"晴","日間自然光線",30,"四岔路","交叉路口內","柏油","乾燥","良好","無號誌","無","未繪設快慢車道分隔線","無",42,"未使用",120.134283,23.237553,"臺南市","北門區"
"路口交岔撞","2019",11,27,12,"晴","日間自然光線",30,"四岔路","交叉路口內","柏油","乾燥","良好","無號誌","無","未繪設快慢車道分隔線","無",80,"非汽(機)車駕駛人",120.134283,23.237553,"臺南市","北門區"
"側撞","2019",11,27,18,"晴","夜間(或隧道、地下道、涵洞)有照明",40,"四岔路","交叉口附近","柏油","乾燥","良好","無號誌","雙向禁止超車線","未繪設快慢車道分隔線","有",36,"未使用",120.603047,22.699106,"屏東縣","瑪家鄉"
"側撞","2019",11,27,18,"晴","夜間(或隧道、地下道、涵洞)有照明",40,"四岔路","交叉口附近","柏油","乾燥","良好","無號誌","雙向禁止超車線","未繪設快慢車道分隔線","有",18,"未使用",120.603047,22.699106,"屏東縣","瑪家鄉"
"撞路樹、電桿","2019",11,27,21,"晴","夜間(或隧道、地下道、涵洞)有照明",60,"彎曲路及附近","路肩、路緣","柏油","乾燥","良好","無號誌","雙向禁止超車線","未繪設快慢車道分隔線","有",49,"不明",120.876892,24.582136,"苗栗縣","頭屋鄉"
"追撞","2019",11,28,3,"晴","夜間(或隧道、地下道、涵洞)有照明",50,"四岔路","交叉路口內","柏油","乾燥","不良","正常","無","未繪設快慢車道分隔線","無",26,"不明",121.138162,25.055251,"桃園市","觀音區"
"追撞","2019",11,28,3,"晴","夜間(或隧道、地下道、涵洞)有照明",50,"四岔路","交叉路口內","柏油","乾燥","不良","正常","無","未繪設快慢車道分隔線","無",69,"不明",121.138162,25.055251,"桃園市","觀音區"
"追撞","2019",11,28,3,"晴","夜間(或隧道、地下道、涵洞)有照明",50,"四岔路","交叉路口內","柏油","乾燥","不良","正常","無","未繪設快慢車道分隔線","無",62,"非汽(機)車駕駛人",121.138162,25.055251,"桃園市","觀音區"
"追撞","2019",11,28,3,"晴","夜間(或隧道、地下道、涵洞)有照明",50,"四岔路","交叉路口內","柏油","乾燥","不良","正常","無","未繪設快慢車道分隔線","無",26,"未使用",121.138162,25.055251,"桃園市","觀音區"
"穿越道路中","2019",11,28,9,"晴","日間自然光線",50,"三岔路","快車道","柏油","乾燥","良好","無號誌","中央分向島","快慢車道分隔線","無",29,"未使用",120.679977,24.163213,"臺中市","北區"
"穿越道路中","2019",11,28,9,"晴","日間自然光線",50,"三岔路","快車道","柏油","乾燥","良好","無號誌","中央分向島","快慢車道分隔線","無",83,"非汽(機)車駕駛人",120.679977,24.163213,"臺中市","北區"
"撞護欄(樁)","2019",11,29,2,"晴","夜間(或隧道、地下道、涵洞)有照明",50,"直路","路肩、路緣","柏油","乾燥","良好","無號誌","行車分向線","未繪設快慢車道分隔線","有",24,"不明",120.296876,23.331038,"臺南市","新營區"
"路口交岔撞","2019",11,29,4,"晴","夜間(或隧道、地下道、涵洞)有照明",50,"四岔路","交叉路口內","柏油","乾燥","良好","正常","無","未繪設快慢車道分隔線","無",52,"未使用",120.529434,22.563796,"屏東縣","潮州鎮"
"路口交岔撞","2019",11,29,4,"晴","夜間(或隧道、地下道、涵洞)有照明",50,"四岔路","交叉路口內","柏油","乾燥","良好","正常","無","未繪設快慢車道分隔線","無",28,"未使用",120.529434,22.563796,"屏東縣","潮州鎮"
"穿越道路中","2019",11,29,5,"晴","晨或暮光",50,"直路","一般車道(未劃分快慢車道)","柏油","乾燥","良好","無號誌","雙向禁止超車線","未繪設快慢車道分隔線","有",52,"不明",121.310316,24.98466,"桃園市","桃園區"
"穿越道路中","2019",11,29,5,"晴","晨或暮光",50,"直路","一般車道(未劃分快慢車道)","柏油","乾燥","良好","無號誌","雙向禁止超車線","未繪設快慢車道分隔線","有",86,"非汽(機)車駕駛人",121.310316,24.98466,"桃園市","桃園區"
"側撞","2019",11,29,15,"晴","日間自然光線",50,"四岔路","交叉路口內","柏油","乾燥","良好","正常","無","未繪設快慢車道分隔線","無",59,"未使用",120.39203,22.63616,"高雄市","大寮區"
"側撞","2019",11,29,15,"晴","日間自然光線",50,"四岔路","交叉路口內","柏油","乾燥","良好","正常","無","未繪設快慢車道分隔線","無",72,"非汽(機)車駕駛人",120.39203,22.63616,"高雄市","大寮區"
"其他","2019",11,29,18,"晴","夜間(或隧道、地下道、涵洞)有照明",40,"直路","一般車道(未劃分快慢車道)","柏油","乾燥","良好","無號誌","無","未繪設快慢車道分隔線","無",34,"未使用",120.407607,24.028792,"彰化縣","福興鄉"
"其他","2019",11,29,18,"晴","夜間(或隧道、地下道、涵洞)有照明",40,"直路","一般車道(未劃分快慢車道)","柏油","乾燥","良好","無號誌","無","未繪設快慢車道分隔線","無",59,"未使用",120.407607,24.028792,"彰化縣","福興鄉"
"撞交通島","2019",11,30,9,"晴","日間自然光線",50,"直路","一般車道(未劃分快慢車道)","柏油","乾燥","良好","正常","行車分向線","未繪設快慢車道分隔線","無",31,"未使用",121.532909,25.042292,"臺北市","大安區"
"撞交通島","2019",11,30,9,"晴","日間自然光線",50,"直路","一般車道(未劃分快慢車道)","柏油","乾燥","良好","正常","行車分向線","未繪設快慢車道分隔線","無",54,"未使用",121.532909,25.042292,"臺北市","大安區"
"撞護欄(樁)","2019",11,30,13,"晴","日間自然光線",40,"彎曲路及附近","一般車道(未劃分快慢車道)","柏油","乾燥","良好","無號誌","無","未繪設快慢車道分隔線","有",82,"未使用",121.331411,24.922228,"新北市","三峽區"
"撞路樹、電桿","2019",11,30,23,"陰","夜間(或隧道、地下道、涵洞)有照明",60,"直路","路肩、路緣","柏油","乾燥","良好","無號誌","雙向禁止超車線","未繪設快慢車道分隔線","有",51,"不明",120.546163,23.511221,"嘉義縣","竹崎鄉"
"撞路樹、電桿","2019",11,30,23,"陰","夜間(或隧道、地下道、涵洞)有照明",60,"直路","路肩、路緣","柏油","乾燥","良好","無號誌","雙向禁止超車線","未繪設快慢車道分隔線","有",49,"非汽(機)車駕駛人",120.546163,23.511221,"嘉義縣","竹崎鄉"
"撞護欄(樁)","2019",12,1,1,"晴","夜間(或隧道、地下道、涵洞)有照明",50,"三岔路","交叉口附近","柏油","乾燥","良好","無號誌","無","未繪設快慢車道分隔線","有",31,"不明",120.721931,23.892486,"南投縣","中寮鄉"
"撞護欄(樁)","2019",12,1,1,"晴","夜間(或隧道、地下道、涵洞)有照明",50,"三岔路","交叉口附近","柏油","乾燥","良好","無號誌","無","未繪設快慢車道分隔線","有",27,"不明",120.721931,23.892486,"南投縣","中寮鄉"
"路上翻車、摔倒","2019",12,1,3,"晴","夜間(或隧道、地下道、涵洞)有照明",50,"直路","一般車道(未劃分快慢車道)","柏油","乾燥","不良","無號誌","雙向禁止超車線","未繪設快慢車道分隔線","有",22,"未使用",121.613477,25.217844,"新北市","金山區"
"對向擦撞","2019",12,1,7,"晴","日間自然光線",60,"彎曲路及附近","其他","柏油","乾燥","良好","無號誌","雙向禁止超車線","快慢車道分隔線","有",18,"未使用",120.945122,24.618257,"苗栗縣","三灣鄉"
"對向擦撞","2019",12,1,7,"晴","日間自然光線",60,"彎曲路及附近","其他","柏油","乾燥","良好","無號誌","雙向禁止超車線","快慢車道分隔線","有",39,"未使用",120.945122,24.618257,"苗栗縣","三灣鄉"
"側撞","2019",12,1,10,"晴","日間自然光線",50,"三岔路","交叉路口內","柏油","乾燥","良好","無號誌","無","未繪設快慢車道分隔線","有",62,"未使用",121.37001,23.41676,"花蓮縣","玉里鎮"
"側撞","2019",12,1,10,"晴","日間自然光線",50,"三岔路","交叉路口內","柏油","乾燥","良好","無號誌","無","未繪設快慢車道分隔線","有",20,"未使用",121.37001,23.41676,"花蓮縣","玉里鎮"
"側撞","2019",12,1,10,"晴","日間自然光線",50,"三岔路","交叉路口內","柏油","乾燥","良好","無號誌","無","未繪設快慢車道分隔線","有",19,"非汽(機)車駕駛人",121.37001,23.41676,"花蓮縣","玉里鎮"
"撞護欄(樁)","2019",12,1,13,"晴","日間自然光線",40,"彎曲路及附近","一般車道(未劃分快慢車道)","柏油","乾燥","良好","無號誌","雙向禁止超車線","未繪設快慢車道分隔線","有",59,"未使用",121.544437,24.87525,"新北市","烏來區"
"對撞","2019",12,1,18,"晴","夜間(或隧道、地下道、涵洞)有照明",30,"直路","一般車道(未劃分快慢車道)","柏油","乾燥","良好","無號誌","無","未繪設快慢車道分隔線","無",43,"未使用",120.42642,22.692669,"高雄市","大樹區"
"對撞","2019",12,1,18,"晴","夜間(或隧道、地下道、涵洞)有照明",30,"直路","一般車道(未劃分快慢車道)","柏油","乾燥","良好","無號誌","無","未繪設快慢車道分隔線","無",33,"未使用",120.42642,22.692669,"高雄市","大樹區"
"同向擦撞","2019",12,2,1,"晴","夜間(或隧道、地下道、涵洞)無照明",110,"直路","快車道","柏油","乾燥","良好","無號誌","中央分向島","未繪設快慢車道分隔線","有",59,"未使用",120.379089,23.474405,"嘉義縣","太保市"
"同向擦撞","2019",12,2,1,"晴","夜間(或隧道、地下道、涵洞)無照明",110,"直路","快車道","柏油","乾燥","良好","無號誌","中央分向島","未繪設快慢車道分隔線","有",36,"未使用",120.379089,23.474405,"嘉義縣","太保市"
"同向擦撞","2019",12,2,1,"晴","夜間(或隧道、地下道、涵洞)無照明",110,"直路","快車道","柏油","乾燥","良好","無號誌","中央分向島","未繪設快慢車道分隔線","有",35,"未使用",120.379089,23.474405,"嘉義縣","太保市"
"同向擦撞","2019",12,2,1,"晴","夜間(或隧道、地下道、涵洞)無照明",110,"直路","快車道","柏油","乾燥","良好","無號誌","中央分向島","未繪設快慢車道分隔線","有",52,"未使用",120.379089,23.474405,"嘉義縣","太保市"
"路口交岔撞","2019",12,2,11,"晴","日間自然光線",50,"四岔路","交叉路口內","柏油","乾燥","良好","無號誌","雙向禁止超車線","未繪設快慢車道分隔線","有",25,"未使用",120.578933,23.962208,"彰化縣","員林市"
"路口交岔撞","2019",12,2,11,"晴","日間自然光線",50,"四岔路","交叉路口內","柏油","乾燥","良好","無號誌","雙向禁止超車線","未繪設快慢車道分隔線","有",75,"未使用",120.578933,23.962208,"彰化縣","員林市"
"其他","2019",12,2,22,"晴","夜間(或隧道、地下道、涵洞)有照明",40,"直路","人行道","柏油","乾燥","良好","無號誌","中央分向島","寛式快慢車道分隔島(50公分以上)","有",33,"不明",120.538199,24.255178,"臺中市","梧棲區"
"其他","2019",12,2,22,"晴","夜間(或隧道、地下道、涵洞)有照明",40,"直路","人行道","柏油","乾燥","良好","無號誌","中央分向島","寛式快慢車道分隔島(50公分以上)","有",38,"未使用",120.538199,24.255178,"臺中市","梧棲區"
"對向擦撞","2019",12,2,23,"晴","夜間(或隧道、地下道、涵洞)有照明",60,"四岔路","交叉路口內","柏油","乾燥","良好","正常","中央分向島","寛式快慢車道分隔島(50公分以上)","無",28,"不明",120.652888,24.160563,"臺中市","西屯區"
"對向擦撞","2019",12,2,23,"晴","夜間(或隧道、地下道、涵洞)有照明",60,"四岔路","交叉路口內","柏油","乾燥","良好","正常","中央分向島","寛式快慢車道分隔島(50公分以上)","無",21,"不明",120.652888,24.160563,"臺中市","西屯區"
"衝出路外","2019",12,3,6,"強風","夜間(或隧道、地下道、涵洞)有照明",50,"直路","其他","柏油","乾燥","良好","無號誌","雙向禁止超車線","未繪設快慢車道分隔線","有",54,"不明",120.68107,24.344333,"臺中市","外埔區"
"側撞","2019",12,3,11,"晴","日間自然光線",40,"三岔路","慢車道","柏油","乾燥","良好","無號誌","中央分向島","窄式快慢車道分隔島(無柵欄)","有",28,"未使用",120.633677,24.094809,"臺中市","烏日區"
"側撞","2019",12,3,11,"晴","日間自然光線",40,"三岔路","慢車道","柏油","乾燥","良好","無號誌","中央分向島","窄式快慢車道分隔島(無柵欄)","有",21,"未使用",120.633677,24.094809,"臺中市","烏日區"
"路上翻車、摔倒","2019",12,3,13,"晴","日間自然光線",50,"直路","一般車道(未劃分快慢車道)","柏油","乾燥","良好","無號誌","雙向禁止超車線","未繪設快慢車道分隔線","有",32,"未使用",120.49769,24.024653,"彰化縣","秀水鄉"
"其他","2019",12,3,21,"晴","夜間(或隧道、地下道、涵洞)有照明",40,"彎曲路及附近","一般車道(未劃分快慢車道)","柏油","乾燥","不良","無號誌","無","未繪設快慢車道分隔線","有",15,"未使用",120.758251,23.937264,"南投縣","中寮鄉"
"其他","2019",12,3,21,"晴","夜間(或隧道、地下道、涵洞)有照明",40,"彎曲路及附近","一般車道(未劃分快慢車道)","柏油","乾燥","不良","無號誌","無","未繪設快慢車道分隔線","有",61,"未使用",120.758251,23.937264,"南投縣","中寮鄉"
"路上翻車、摔倒","2019",12,4,4,"晴","夜間(或隧道、地下道、涵洞)有照明",40,"直路","一般車道(未劃分快慢車道)","柏油","乾燥","良好","無號誌","中央分向島","未繪設快慢車道分隔線","有",67,"不明",121.368971,25.054681,"桃園市","龜山區"
"路上翻車、摔倒","2019",12,4,4,"晴","夜間(或隧道、地下道、涵洞)有照明",40,"直路","一般車道(未劃分快慢車道)","柏油","乾燥","良好","無號誌","中央分向島","未繪設快慢車道分隔線","有",17,"未使用",121.368971,25.054681,"桃園市","龜山區"
"對向擦撞","2019",12,4,8,"晴","日間自然光線",50,"直路","一般車道(未劃分快慢車道)","柏油","乾燥","良好","無號誌","行車分向線","未繪設快慢車道分隔線","有",44,"未使用",120.355469,22.746955,"高雄市","大社區"
"對向擦撞","2019",12,4,8,"晴","日間自然光線",50,"直路","一般車道(未劃分快慢車道)","柏油","乾燥","良好","無號誌","行車分向線","未繪設快慢車道分隔線","有",51,"未使用",120.355469,22.746955,"高雄市","大社區"
"對向擦撞","2019",12,4,8,"晴","日間自然光線",50,"直路","一般車道(未劃分快慢車道)","柏油","乾燥","良好","無號誌","行車分向線","未繪設快慢車道分隔線","有",52,"未使用",120.355469,22.746955,"高雄市","大社區"
"衝出路外","2019",12,4,9,"陰","日間自然光線",40,"直路","一般車道(未劃分快慢車道)","柏油","乾燥","良好","無號誌","行車分向線","未繪設快慢車道分隔線","有",71,"未使用",121.774492,24.812224,"宜蘭縣","礁溪鄉"
"對撞","2019",12,4,9,"晴","日間自然光線",50,"彎曲路及附近","一般車道(未劃分快慢車道)","柏油","乾燥","良好","無號誌","雙向禁止超車線","未繪設快慢車道分隔線","有",27,"未使用",121.411824,25.060124,"新北市","泰山區"
"對撞","2019",12,4,9,"晴","日間自然光線",50,"彎曲路及附近","一般車道(未劃分快慢車道)","柏油","乾燥","良好","無號誌","雙向禁止超車線","未繪設快慢車道分隔線","有",40,"未使用",121.411824,25.060124,"新北市","泰山區"
"側撞","2019",12,4,17,"雨","夜間(或隧道、地下道、涵洞)有照明",30,"多岔路","交叉路口內","柏油","濕潤","不良","無號誌","無","未繪設快慢車道分隔線","有",47,"未使用",120.291123,22.715069,"高雄市","楠梓區"
"側撞","2019",12,4,17,"雨","夜間(或隧道、地下道、涵洞)有照明",30,"多岔路","交叉路口內","柏油","濕潤","不良","無號誌","無","未繪設快慢車道分隔線","有",39,"未使用",120.291123,22.715069,"高雄市","楠梓區"
"撞路樹、電桿","2019",12,4,21,"陰","日間自然光線",50,"直路","路肩、路緣","柏油","濕潤","良好","無號誌","行車分向線","未繪設快慢車道分隔線","有",38,"不明",120.573639,22.571729,"屏東縣","萬巒鄉"
"撞路樹、電桿","2019",12,4,21,"陰","日間自然光線",50,"直路","路肩、路緣","柏油","濕潤","良好","無號誌","行車分向線","未繪設快慢車道分隔線","有",39,"非汽(機)車駕駛人",120.573639,22.571729,"屏東縣","萬巒鄉"
"穿越道路中","2019",12,5,0,"晴","夜間(或隧道、地下道、涵洞)有照明",50,"四岔路","交叉口附近","柏油","乾燥","良好","正常","無","未繪設快慢車道分隔線","無",49,"",120.33139,22.653312,"高雄市","三民區"
"穿越道路中","2019",12,5,0,"晴","夜間(或隧道、地下道、涵洞)有照明",50,"四岔路","交叉口附近","柏油","乾燥","良好","正常","無","未繪設快慢車道分隔線","無",48,"未使用",120.33139,22.653312,"高雄市","三民區"
"穿越道路中","2019",12,5,0,"晴","夜間(或隧道、地下道、涵洞)有照明",50,"四岔路","交叉口附近","柏油","乾燥","良好","正常","無","未繪設快慢車道分隔線","無",62,"未使用",120.33139,22.653312,"高雄市","三民區"
"穿越道路中","2019",12,5,0,"晴","夜間(或隧道、地下道、涵洞)有照明",50,"四岔路","交叉口附近","柏油","乾燥","良好","正常","無","未繪設快慢車道分隔線","無",68,"非汽(機)車駕駛人",120.33139,22.653312,"高雄市","三民區"