"事故類型及型態子類別名稱","發生年度","發生月份","發生日期","發生時間","天候名稱","光線名稱","速限.第1當事者","道路型態子類別名稱","事故位置子類別名稱","路面狀況.路面鋪裝名稱","路面狀況.路面狀態名稱","道路障礙.視距品質名稱","號誌.號誌動作名稱","車道劃分設施.分向設施大類別名稱","車道劃分設施.分道設施.快慢車道間名稱","車道劃分設施.分道設施.路面邊線名稱","當事者事故發生時年齡","行動電話或電腦或其他相類功能裝置名稱","經度","緯度","縣市","鄉鎮"
"其他","2019",12,5,7,"雨","日間自然光線",40,"四岔路","交叉路口內","柏油","濕潤","良好","正常","中央分向島","窄式快慢車道分隔島(附柵欄)","有",42,"未使用",120.534553,24.250728,"臺中市","梧棲區"
"其他","2019",12,5,7,"雨","日間自然光線",40,"四岔路","交叉路口內","柏油","濕潤","良好","正常","中央分向島","窄式快慢車道分隔島(附柵欄)","有",19,"未使用",120.534553,24.250728,"臺中市","梧棲區"
"側撞","2019",12,5,11,"晴","日間自然光線",50,"四岔路","交叉路口內","柏油","乾燥","良好","正常","雙向禁止超車線","未繪設快慢車道分隔線","無",21,"未使用",120.263753,23.231992,"臺南市","下營區"
"側撞","2019",12,5,11,"晴","日間自然光線",50,"四岔路","交叉路口內","柏油","乾燥","良好","正常","雙向禁止超車線","未繪設快慢車道分隔線","無",94,"非汽(機)車駕駛人",120.263753,23.231992,"臺南市","下營區"
"撞路樹、電桿","2019",12,5,18,"雨","夜間(或隧道、地下道、涵洞)無照明",50,"直路","一般車道(未劃分快慢車道)","柏油","濕潤","良好","無號誌","無","未繪設快慢車道分隔線","有",35,"未使用",120.867049,23.929142,"南投縣","國姓鄉"
"穿越道路中","2019",12,5,19,"雨","夜間(或隧道、地下道、涵洞)有照明",50,"直路","快車道","柏油","濕潤","良好","無號誌","雙向禁止超車線","快慢車道分隔線","有",31,"未使用",121.799355,24.685293,"宜蘭縣","五結鄉"
"穿越道路中","2019",12,5,19,"雨","夜間(或隧道、地下道、涵洞)有照明",50,"直路","快車道","柏油","濕潤","良好","無號誌","雙向禁止超車線","快慢車道分隔線","有",61,"未使用",121.799355,24.685293,"宜蘭縣","五結鄉"
"穿越道路中","2019",12,5,19,"雨","夜間(或隧道、地下道、涵洞)有照明",50,"直路","快車道","柏油","濕潤","良好","無號誌","雙向禁止超車線","快慢車道分隔線","有",46,"未使用",121.799355,24.685293,"宜蘭縣","五結鄉"
"同向通行中","2019",12,5,20,"雨","夜間(或隧道、地下道、涵洞)有照明",40,"直路","一般車道(未劃分快慢車道)","柏油","濕潤","良好","無號誌","行車分向線","未繪設快慢車道分隔線","有",45,"不明",120.581135,23.901538,"彰化縣","社頭鄉"
"同向通行中","2019",12,5,20,"雨","夜間(或隧道、地下道、涵洞)有照明",40,"直路","一般車道(未劃分快慢車道)","柏油","濕潤","良好","無號誌","行車分向線","未繪設快慢車道分隔線","有",71,"未使用",120.581135,23.901538,"彰化縣","社頭鄉"
"其他","2019",12,6,5,"雨","夜間(或隧道、地下道、涵洞)有照明",50,"直路","一般車道(未劃分快慢車道)","柏油","濕潤","良好","無號誌","行車分向線","未繪設快慢車道分隔線","有",63,"未使用",120.435959,24.038602,"彰化縣","福興鄉"
"其他","2019",12,6,5,"雨","夜間(或隧道、地下道、涵洞)有照明",50,"直路","一般車道(未劃分快慢車道)","柏油","濕潤","良好","無號誌","行車分向線","未繪設快慢車道分隔線","有",48,"非汽(機)車駕駛人",120.435959,24.038602,"彰化縣","福興鄉"
"其他","2019",12,6,5,"雨","夜間(或隧道、地下道、涵洞)有照明",50,"直路","一般車道(未劃分快慢車道)","柏油","濕潤","良好","無號誌","行車分向線","未繪設快慢車道分隔線","有",61,"未使用",120.435959,24.038602,"彰化縣","福興鄉"
"其他","2019",12,6,6,"雨","晨或暮光",60,"直路","一般車道(未劃分快慢車道)","柏油","濕潤","良好","無號誌","行車分向線","未繪設快慢車道分隔線","有",61,"不明",120.578619,23.928786,"彰化縣","社頭鄉"
"其他","2019",12,6,6,"雨","晨或暮光",60,"直路","一般車道(未劃分快慢車道)","柏油","濕潤","良好","無號誌","行車分向線","未繪設快慢車道分隔線","有",36,"不明",120.578619,23.928786,"彰化縣","社頭鄉"
"其他","2019",12,6,6,"雨","晨或暮光",60,"直路","一般車道(未劃分快慢車道)","柏油","濕潤","良好","無號誌","行車分向線","未繪設快慢車道分隔線","有",50,"不明",120.578619,23.928786,"彰化縣","社頭鄉"
"路上翻車、摔倒","2019",12,6,7,"雨","日間自然光線",40,"直路","慢車道","柏油","濕潤","良好","無號誌","中央分向島","寛式快慢車道分隔島(50公分以上)","無",22,"未使用",120.593545,24.157505,"臺中市","南屯區"
"同向擦撞","2019",12,6,18,"雨","夜間(或隧道、地下道、涵洞)有照明",50,"直路","一般車道(未劃分快慢車道)","柏油","濕潤","良好","無號誌","雙向禁止超車線","未繪設快慢車道分隔線","無",19,"未使用",121.244378,24.97802,"桃園市","中壢區"
"同向擦撞","2019",12,6,18,"雨","夜間(或隧道、地下道、涵洞)有照明",50,"直路","一般車道(未劃分快慢車道)","柏油","濕潤","良好","無號誌","雙向禁止超車線","未繪設快慢車道分隔線","無",65,"未使用",121.244378,24.97802,"桃園市","中壢區"
"穿越道路中","2019",12,6,18,"雨","夜間(或隧道、地下道、涵洞)有照明",60,"直路","一般車道(未劃分快慢車道)","柏油","濕潤","良好","正常","行車分向線","未繪設快慢車道分隔線","有",40,"未使用",120.884225,24.645441,"苗栗縣","頭份市"
"穿越道路中","2019",12,6,18,"雨","夜間(或隧道、地下道、涵洞)有照明",60,"直路","一般車道(未劃分快慢車道)","柏油","濕潤","良好","正常","行車分向線","未繪設快慢車道分隔線","有",65,"非汽(機)車駕駛人",120.884225,24.645441,"苗栗縣","頭份市"
"穿越道路中","2019",12,6,18,"雨","夜間(或隧道、地下道、涵洞)有照明",50,"直路","快車道","柏油","濕潤","良好","無號誌","雙向禁止超車線","快慢車道分隔線","有",25,"未使用",120.3397,22.88164,"高雄市","阿蓮區"
"穿越道路中","2019",12,6,18,"雨","夜間(或隧道、地下道、涵洞)有照明",50,"直路","快車道","柏油","濕潤","良好","無號誌","雙向禁止超車線","快慢車道分隔線","有",53,"非汽(機)車駕駛人",120.3397,22.88164,"高雄市","阿蓮區"
"穿越道路中","2019",12,6,18,"雨","夜間(或隧道、地下道、涵洞)有照明",50,"直路","快車道","柏油","濕潤","良好","無號誌","雙向禁止超車線","快慢車道分隔線","有",32,"未使用",120.3397,22.88164,"高雄市","阿蓮區"
"側撞","2019",12,7,16,"陰","晨或暮光",50,"直路","一般車道(未劃分快慢車道)","柏油","乾燥","良好","無號誌","中央分向島","未繪設快慢車道分隔線","有",76,"未使用",121.003648,24.826868,"新竹縣","竹北市"
"側撞","2019",12,7,16,"陰","晨或暮光",50,"直路","一般車道(未劃分快慢車道)","柏油","乾燥","良好","無號誌","中央分向島","未繪設快慢車道分隔線","有",76,"未使用",121.003648,24.826868,"新竹縣","竹北市"
"側撞","2019",12,7,16,"陰","晨或暮光",50,"直路","一般車道(未劃分快慢車道)","柏油","乾燥","良好","無號誌","中央分向島","未繪設快慢車道分隔線","有",31,"未使用",121.003648,24.826868,"新竹縣","竹北市"
"側撞","2019",12,7,16,"陰","晨或暮光",50,"直路","一般車道(未劃分快慢車道)","柏油","乾燥","良好","無號誌","中央分向島","未繪設快慢車道分隔線","有",43,"未使用",121.003648,24.826868,"新竹縣","竹北市"
"側撞","2019",12,7,16,"陰","晨或暮光",50,"直路","一般車道(未劃分快慢車道)","柏油","乾燥","良好","無號誌","中央分向島","未繪設快慢車道分隔線","有",64,"未使用",121.003648,24.826868,"新竹縣","竹北市"
"衝出路外","2019",12,7,16,"霧或煙","晨或暮光",30,"彎曲路及附近","一般車道(未劃分快慢車道)","柏油","乾燥","良好","無號誌","雙向禁止超車線","未繪設快慢車道分隔線","有",23,"未使用",121.144689,24.026132,"南投縣","仁愛鄉"
"衝出路外","2019",12,7,16,"霧或煙","晨或暮光",30,"彎曲路及附近","一般車道(未劃分快慢車道)","柏油","乾燥","良好","無號誌","雙向禁止超車線","未繪設快慢車道分隔線","有",31,"非汽(機)車駕駛人",121.144689,24.026132,"南投縣","仁愛鄉"
"衝出路外","2019",12,7,16,"霧或煙","晨或暮光",30,"彎曲路及附近","一般車道(未劃分快慢車道)","柏油","乾燥","良好","無號誌","雙向禁止超車線","未繪設快慢車道分隔線","有",6,"非汽(機)車駕駛人",121.144689,24.026132,"南投縣","仁愛鄉"
"撞護欄(樁)","2019",12,7,16,"陰","日間自然光線",50,"彎曲路及附近","快車道","柏油","乾燥","良好","無號誌","中央分向島","未繪設快慢車道分隔線","有",19,"未使用",120.391865,22.948028,"臺南市","龍崎區"
"其他","2019",12,7,20,"晴","日間自然光線",50,"直路","一般車道(未劃分快慢車道)","柏油","乾燥","良好","無號誌","行車分向線","未繪設快慢車道分隔線","有",16,"不明",120.530128,23.855013,"彰化縣","北斗鎮"
"其他","2019",12,7,20,"晴","日間自然光線",50,"直路","一般車道(未劃分快慢車道)","柏油","乾燥","良好","無號誌","行車分向線","未繪設快慢車道分隔線","有",29,"不明",120.530128,23.855013,"彰化縣","北斗鎮"
"衝出路外","2019",12,7,22,"晴","夜間(或隧道、地下道、涵洞)有照明",40,"直路","一般車道(未劃分快慢車道)","柏油","乾燥","良好","無號誌","無","未繪設快慢車道分隔線","有",42,"不明",118.310336,24.416608,"金門縣","金城鎮"
"撞路樹、電桿","2019",12,8,0,"晴","夜間(或隧道、地下道、涵洞)有照明",60,"直路","路肩、路緣","柏油","乾燥","良好","無號誌","中央分向島","快慢車道分隔線","有",109,"",120.30152,22.62716,"高雄市","鳥松區"
"撞路樹、電桿","2019",12,8,0,"晴","夜間(或隧道、地下道、涵洞)有照明",60,"直路","路肩、路緣","柏油","乾燥","良好","無號誌","中央分向島","快慢車道分隔線","有",41,"不明",120.30152,22.62716,"高雄市","鳥松區"
"撞路樹、電桿","2019",12,8,0,"晴","夜間(或隧道、地下道、涵洞)有照明",60,"直路","路肩、路緣","柏油","乾燥","良好","無號誌","中央分向島","快慢車道分隔線","有",37,"不明",120.30152,22.62716,"高雄市","鳥松區"
"同向擦撞","2019",12,8,9,"晴","日間自然光線",50,"直路","一般車道(未劃分快慢車道)","柏油","乾燥","良好","無號誌","行車分向線","未繪設快慢車道分隔線","有",54,"未使用",120.556586,22.983837,"高雄市","杉林區"
"同向擦撞","2019",12,8,9,"晴","日間自然光線",50,"直路","一般車道(未劃分快慢車道)","柏油","乾燥","良好","無號誌","行車分向線","未繪設快慢車道分隔線","有",68,"未使用",120.556586,22.983837,"高雄市","杉林區"
"撞橋樑、建築物","2019",12,8,15,"晴","日間自然光線",50,"彎曲路及附近","一般車道(未劃分快慢車道)","柏油","乾燥","良好","無號誌","雙向禁止超車線","未繪設快慢車道分隔線","無",38,"未使用",120.17992,22.949267,"臺南市","南區"
"同向通行中","2019",12,8,17,"晴","夜間(或隧道、地下道、涵洞)有照明",50,"直路","慢車道","柏油","乾燥","良好","無號誌","中央分向島","快慢車道分隔線","有",34,"不明",120.216532,23.462801,"嘉義縣","東石鄉"
"同向通行中","2019",12,8,17,"晴","夜間(或隧道、地下道、涵洞)有照明",50,"直路","慢車道","柏油","乾燥","良好","無號誌","中央分向島","快慢車道分隔線","有",82,"未使用",120.216532,23.462801,"嘉義縣","東石鄉"
"同向通行中","2019",12,8,17,"晴","夜間(或隧道、地下道、涵洞)有照明",50,"直路","慢車道","柏油","乾燥","良好","無號誌","中央分向島","快慢車道分隔線","有",76,"非汽(機)車駕駛人",120.216532,23.462801,"嘉義縣","東石鄉"
"追撞","2019",12,8,17,"晴","夜間(或隧道、地下道、涵洞)有照明",50,"直路","路肩、路緣","柏油","乾燥","良好","無號誌","雙向禁止超車線","未繪設快慢車道分隔線","有",83,"未使用",121.041065,24.920146,"新竹縣","湖口鄉"
"追撞","2019",12,8,17,"晴","夜間(或隧道、地下道、涵洞)有照明",50,"直路","路肩、路緣","柏油","乾燥","良好","無號誌","雙向禁止超車線","未繪設快慢車道分隔線","有",50,"未使用",121.041065,24.920146,"新竹縣","湖口鄉"
"撞號誌、標誌桿","2019",12,9,6,"晴","日間自然光線",50,"四岔路","路肩、路緣","柏油","乾燥","良好","正常","行車分向線","未繪設快慢車道分隔線","有",22,"未使用",120.832901,24.608577,"苗栗縣","造橋鄉"
"路上翻車、摔倒","2019",12,9,17,"晴","夜間(或隧道、地下道、涵洞)有照明",40,"彎曲路及附近","一般車道(未劃分快慢車道)","柏油","乾燥","良好","無號誌","中央分向島","未繪設快慢車道分隔線","有",39,"未使用",121.184973,24.89294,"桃園市","龍潭區"
"追撞","2019",12,9,17,"晴","夜間(或隧道、地下道、涵洞)有照明",50,"直路","一般車道(未劃分快慢車道)","柏油","乾燥","良好","無號誌","行車分向線","未繪設快慢車道分隔線","有",49,"不明",120.199923,23.454277,"嘉義縣","東石鄉"
"追撞","2019",12,9,17,"晴","夜間(或隧道、地下道、涵洞)有照明",50,"直路","一般車道(未劃分快慢車道)","柏油","乾燥","良好","無號誌","行車分向線","未繪設快慢車道分隔線","有",81,"非汽(機)車駕駛人",120.199923,23.454277,"嘉義縣","東石鄉"
"追撞","2019",12,10,3,"晴","夜間(或隧道、地下道、涵洞)有照明",90,"直路","快車道","柏油","乾燥","良好","無號誌","中央分向島","未繪設快慢車道分隔線","有",39,"未使用",121.33984,25.064182,"桃園市","蘆竹區"
"追撞","2019",12,10,3,"晴","夜間(或隧道、地下道、涵洞)有照明",90,"直路","快車道","柏油","乾燥","良好","無號誌","中央分向島","未繪設快慢車道分隔線","有",49,"未使用",121.33984,25.064182,"桃園市","蘆竹區"
"追撞","2019",12,10,3,"晴","夜間(或隧道、地下道、涵洞)有照明",90,"直路","快車道","柏油","乾燥","良好","無號誌","中央分向島","未繪設快慢車道分隔線","有",37,"非汽(機)車駕駛人",121.33984,25.064182,"桃園市","蘆竹區"
"追撞","2019",12,10,3,"晴","夜間(或隧道、地下道、涵洞)有照明",90,"直路","快車道","柏油","乾燥","良好","無號誌","中央分向島","未繪設快慢車道分隔線","有",1,"非汽(機)車駕駛人",121.33984,25.064182,"桃園市","蘆竹區"
"側撞","2019",12,10,7,"晴","日間自然光線",50,"四岔路","交叉路口內","柏油","乾燥","良好","正常","雙向禁止超車線","未繪設快慢車道分隔線","有",63,"未使用",120.477906,22.675283,"屏東縣","屏東市"
"側撞","2019",12,10,7,"晴","日間自然光線",50,"四岔路","交叉路口內","柏油","乾燥","良好","正常","雙向禁止超車線","未繪設快慢車道分隔線","有",23,"未使用",120.477906,22.675283,"屏東縣","屏東市"
"側撞","2019",12,10,7,"晴","日間自然光線",50,"四岔路","交叉路口內","柏油","乾燥","良好","正常","雙向禁止超車線","未繪設快慢車道分隔線","有",12,"非汽(機)車駕駛人",120.477906,22.675283,"屏東縣","屏東市"
"側撞","2019",12,10,11,"晴","日間自然光線",40,"四岔路","交叉路口內","柏油","乾燥","良好","正常","無","未繪設快慢車道分隔線","無",19,"未使用",120.644238,24.194833,"臺中市","西屯區"
"側撞","2019",12,10,11,"晴","日間自然光線",40,"四岔路","交叉路口內","柏油","乾燥","良好","正常","無","未繪設快慢車道分隔線","無",22,"未使用",120.644238,24.194833,"臺中市","西屯區"
"撞號誌、標誌桿","2019",12,10,13,"晴","日間自然光線",60,"直路","路肩、路緣","柏油","乾燥","良好","無號誌","雙向禁止超車線","未繪設快慢車道分隔線","有",69,"不明",120.917217,24.53026,"苗栗縣","獅潭鄉"
"穿越道路中","2019",12,10,19,"晴","夜間(或隧道、地下道、涵洞)有照明",50,"三岔路","交叉口附近","柏油","乾燥","良好","無號誌","雙向禁止超車線","未繪設快慢車道分隔線","無",54,"非汽(機)車駕駛人",121.543368,24.998925,"臺北市","文山區"
"穿越道路中","2019",12,10,19,"晴","夜間(或隧道、地下道、涵洞)有照明",50,"三岔路","交叉口附近","柏油","乾燥","良好","無號誌","雙向禁止超車線","未繪設快慢車道分隔線","無",24,"未使用",121.543368,24.998925,"臺北市","文山區"
"其他","2019",12,11,1,"晴","夜間(或隧道、地下道、涵洞)無照明",40,"直路","一般車道(未劃分快慢車道)","柏油","乾燥","良好","無號誌","行車分向線","未繪設快慢車道分隔線","有",29,"未使用",120.56984,23.937647,"彰化縣","員林市"
"其他","2019",12,11,1,"晴","夜間(或隧道、地下道、涵洞)無照明",40,"直路","一般車道(未劃分快慢車道)","柏油","乾燥","良好","無號誌","行車分向線","未繪設快慢車道分隔線","有",20,"未使用",120.56984,23.937647,"彰化縣","員林市"
"追撞","2019",12,11,2,"晴","夜間(或隧道、地下道、涵洞)無照明",90,"直路","快車道","柏油","乾燥","良好","無號誌","中央分向島","未繪設快慢車道分隔線","有",57,"未使用",121.064183,24.876976,"新竹縣","湖口鄉"
"追撞","2019",12,11,2,"晴","夜間(或隧道、地下道、涵洞)無照明",90,"直路","快車道","柏油","乾燥","良好","無號誌","中央分向島","未繪設快慢車道分隔線","有",43,"未使用",121.064183,24.876976,"新竹縣","湖口鄉"
"追撞","2019",12,11,2,"晴","夜間(或隧道、地下道、涵洞)無照明",90,"直路","快車道","柏油","乾燥","良好","無號誌","中央分向島","未繪設快慢車道分隔線","有",57,"未使用",121.064183,24.876976,"新竹縣","湖口鄉"
"追撞","2019",12,11,4,"晴","夜間(或隧道、地下道、涵洞)無照明",90,"直路","快車道","柏油","乾燥","良好","無號誌","中央分向島","未繪設快慢車道分隔線","有",55,"未使用",121.062921,24.876472,"新竹縣","湖口鄉"
"追撞","2019",12,11,4,"晴","夜間(或隧道、地下道、涵洞)無照明",90,"直路","快車道","柏油","乾燥","良好","無號誌","中央分向島","未繪設快慢車道分隔線","有",60,"未使用",121.062921,24.876472,"新竹縣","湖口鄉"
"追撞","2019",12,11,4,"晴","夜間(或隧道、地下道、涵洞)無照明",90,"直路","快車道","柏油","乾燥","良好","無號誌","中央分向島","未繪設快慢車道分隔線","有",27,"未使用",121.062921,24.876472,"新竹縣","湖口鄉"
"追撞","2019",12,11,4,"晴","夜間(或隧道、地下道、涵洞)無照明",90,"直路","快車道","柏油","乾燥","良好","無號誌","中央分向島","未繪設快慢車道分隔線","有",42,"未使用",121.062921,24.876472,"新竹縣","湖口鄉"
"追撞","2019",12,11,4,"晴","夜間(或隧道、地下道、涵洞)無照明",90,"直路","快車道","柏油","乾燥","良好","無號誌","中央分向島","未繪設快慢車道分隔線","有",31,"未使用",121.062921,24.876472,"新竹縣","湖口鄉"
"撞護欄(樁)","2019",12,11,8,"晴","日間自然光線",40,"坡路","機車優先道","柏油","乾燥","良好","無號誌","中央分向島","快慢車道分隔線","有",21,"未使用",120.723172,24.573261,"苗栗縣","後龍鎮"
"路口交岔撞","2019",12,11,8,"晴","日間自然光線",60,"四岔路","交叉路口內","柏油","乾燥","良好","正常","無","未繪設快慢車道分隔線","無",26,"未使用",121.569779,23.968968,"花蓮縣","吉安鄉"
"路口交岔撞","2019",12,11,8,"晴","日間自然光線",60,"四岔路","交叉路口內","柏油","乾燥","良好","正常","無","未繪設快慢車道分隔線","無",80,"未使用",121.569779,23.968968,"花蓮縣","吉安鄉"
"路口交岔撞","2019",12,11,8,"晴","日間自然光線",60,"四岔路","交叉路口內","柏油","乾燥","良好","正常","無","未繪設快慢車道分隔線","無",68,"未使用",121.569779,23.968968,"花蓮縣","吉安鄉"
"路口交岔撞","2019",12,11,9,"晴","日間自然光線",60,"四岔路","交叉路口內","柏油","乾燥","良好","正常","無","未繪設快慢車道分隔線","無",73,"未使用",120.232981,22.87834,"高雄市","湖內區"
"路口交岔撞","2019",12,11,9,"晴","日間自然光線",60,"四岔路","交叉路口內","柏油","乾燥","良好","正常","無","未繪設快慢車道分隔線","無",43,"未使用",120.232981,22.87834,"高雄市","湖內區"
"撞護欄(樁)","2019",12,11,9,"晴","日間自然光線",50,"三岔路","交叉路口內","柏油","乾燥","良好","無號誌","無","未繪設快慢車道分隔線","有",88,"未使用",121.814161,24.707045,"宜蘭縣","五結鄉"
"穿越道路中","2019",12,11,12,"晴","日間自然光線",50,"直路","一般車道(未劃分快慢車道)","柏油","乾燥","良好","無號誌","雙向禁止超車線","未繪設快慢車道分隔線","無",20,"未使用",121.540385,24.974234,"新北市","新店區"
"穿越道路中","2019",12,11,12,"晴","日間自然光線",50,"直路","一般車道(未劃分快慢車道)","柏油","乾燥","良好","無號誌","雙向禁止超車線","未繪設快慢車道分隔線","無",67,"未使用",121.540385,24.974234,"新北市","新店區"
"對向擦撞","2019",12,11,12,"晴","日間自然光線",30,"四岔路","交叉口附近","柏油","乾燥","良好","無號誌","無","未繪設快慢車道分隔線","無",75,"未使用",120.368364,22.631692,"高雄市","鳳山區"
"對向擦撞","2019",12,11,12,"晴","日間自然光線",30,"四岔路","交叉口附近","柏油","乾燥","良好","無號誌","無","未繪設快慢車道分隔線","無",39,"未使用",120.368364,22.631692,"高雄市","鳳山區"
"同向擦撞","2019",12,11,15,"晴","日間自然光線",40,"彎曲路及附近","一般車道(未劃分快慢車道)","柏油","乾燥","良好","無號誌","雙向禁止超車線","未繪設快慢車道分隔線","有",63,"未使用",121.304538,24.828126,"桃園市","大溪區"
"同向擦撞","2019",12,11,15,"晴","日間自然光線",40,"彎曲路及附近","一般車道(未劃分快慢車道)","柏油","乾燥","良好","無號誌","雙向禁止超車線","未繪設快慢車道分隔線","有",36,"未使用",121.304538,24.828126,"桃園市","大溪區"
"衝出路外","2019",12,11,18,"晴","夜間(或隧道、地下道、涵洞)無照明",30,"彎曲路及附近","一般車道(未劃分快慢車道)","柏油","乾燥","不良","無號誌","雙向禁止超車線","未繪設快慢車道分隔線","有",56,"未使用",120.614223,23.434335,"嘉義縣","番路鄉"
"衝出路外","2019",12,11,18,"晴","夜間(或隧道、地下道、涵洞)無照明",30,"彎曲路及附近","一般車道(未劃分快慢車道)","柏油","乾燥","不良","無號誌","雙向禁止超車線","未繪設快慢車道分隔線","有",30,"非汽(機)車駕駛人",120.614223,23.434335,"嘉義縣","番路鄉"
"其他","2019",12,11,22,"晴","夜間(或隧道、地下道、涵洞)有照明",50,"直路","慢車道","柏油","乾燥","良好","無號誌","中央分向島","快慢車道分隔線","有",30,"未使用",120.533496,24.087923,"彰化縣","彰化市"
"其他","2019",12,11,22,"晴","夜間(或隧道、地下道、涵洞)有照明",50,"直路","慢車道","柏油","乾燥","良好","無號誌","中央分向島","快慢車道分隔線","有",39,"未使用",120.533496,24.087923,"彰化縣","彰化市"
"撞橋樑、建築物","2019",12,11,23,"晴","夜間(或隧道、地下道、涵洞)有照明",40,"彎曲路及附近","路肩、路緣","柏油","乾燥","不良","正常","雙向禁止超車線","快慢車道分隔線","有",55,"不明",120.420724,23.527482,"嘉義縣","民雄鄉"
"路口交岔撞","2019",12,12,7,"晴","日間自然光線",40,"四岔路","交叉路口內","柏油","乾燥","良好","無號誌","無","未繪設快慢車道分隔線","無",80,"未使用",121.115063,24.974752,"桃園市","新屋區"
"路口交岔撞","2019",12,12,7,"晴","日間自然光線",40,"四岔路","交叉路口內","柏油","乾燥","良好","無號誌","無","未繪設快慢車道分隔線","無",56,"未使用",121.115063,24.974752,"桃園市","新屋區"
"追撞","2019",12,12,8,"晴","日間自然光線",60,"直路","機車優先道","柏油","乾燥","良好","無號誌","中央分向島","寛式快慢車道分隔島(50公分以上)","有",25,"未使用",120.947231,24.794592,"新竹市","香山區"
"追撞","2019",12,12,8,"晴","日間自然光線",60,"直路","機車優先道","柏油","乾燥","良好","無號誌","中央分向島","寛式快慢車道分隔島(50公分以上)","有",25,"不明",120.947231,24.794592,"新竹市","香山區"
"側撞","2019",12,12,10,"晴","日間自然光線",50,"四岔路","交叉口附近","柏油","乾燥","良好","正常","雙向禁止超車線","未繪設快慢車道分隔線","有",60,"未使用",120.482877,23.957863,"彰化縣","溪湖鎮"
"側撞","2019",12,12,10,"晴","日間自然光線",50,"四岔路","交叉口附近","柏油","乾燥","良好","正常","雙向禁止超車線","未繪設快慢車道分隔線","有",48,"未使用",120.482877,23.957863,"彰化縣","溪湖鎮"
"側撞","2019",12,12,11,"晴","日間自然光線",50,"四岔路","交叉口附近","柏油","乾燥","良好","正常","雙向禁止超車線","快慢車道分隔線","有",32,"未使用",120.922302,24.68792,"苗栗縣","頭份市"
"側撞","2019",12,12,11,"晴","日間自然光線",50,"四岔路","交叉口附近","柏油","乾燥","良好","正常","雙向禁止超車線","快慢車道分隔線","有",33,"未使用",120.922302,24.68792,"苗栗縣","頭份市"
"路口交岔撞","2019",12,12,12,"晴","日間自然光線",50,"四岔路","交叉路口內","柏油","乾燥","良好","正常","雙向禁止超車線","未繪設快慢車道分隔線","有",47,"未使用",120.510046,24.046539,"彰化縣","秀水鄉"
"路口交岔撞","2019",12,12,12,"晴","日間自然光線",50,"四岔路","交叉路口內","柏油","乾燥","良好","正常","雙向禁止超車線","未繪設快慢車道分隔線","有",18,"未使用",120.510046,24.046539,"彰化縣","秀水鄉"
"路口交岔撞","2019",12,12,12,"晴","日間自然光線",50,"四岔路","交叉路口內","柏油","乾燥","良好","正常","雙向禁止超車線","未繪設快慢車道分隔線","有",25,"未使用",120.510046,24.046539,"彰化縣","秀水鄉"
"其他","2019",12,12,23,"晴","夜間(或隧道、地下道、涵洞)有照明",40,"直路","一般車道(未劃分快慢車道)","柏油","乾燥","良好","無號誌","雙向禁止超車線","未繪設快慢車道分隔線","有",22,"未使用",121.536437,25.105304,"臺北市","士林區"
"其他","2019",12,12,23,"晴","夜間(或隧道、地下道、涵洞)有照明",40,"直路","一般車道(未劃分快慢車道)","柏油","乾燥","良好","無號誌","雙向禁止超車線","未繪設快慢車道分隔線","有",19,"未使用",121.536437,25.105304,"臺北市","士林區"
"撞路樹、電桿","2019",12,13,3,"晴","夜間(或隧道、地下道、涵洞)無照明",40,"直路","一般車道(未劃分快慢車道)","柏油","乾燥","良好","無號誌","無","未繪設快慢車道分隔線","有",19,"不明",120.921863,24.041622,"南投縣","埔里鎮"
"側撞","2019",12,13,7,"晴","日間自然光線",30,"四岔路","交叉路口內","柏油","乾燥","良好","無號誌","無","未繪設快慢車道分隔線","無",86,"未使用",120.965664,24.852158,"新竹縣","竹北市"
"側撞","2019",12,13,7,"晴","日間自然光線",30,"四岔路","交叉路口內","柏油","乾燥","良好","無號誌","無","未繪設快慢車道分隔線","無",24,"未使用",120.965664,24.852158,"新竹縣","竹北市"
"路口交岔撞","2019",12,13,10,"晴","日間自然光線",30,"四岔路","交叉口附近","柏油","乾燥","良好","無號誌","無","未繪設快慢車道分隔線","有",76,"不明",120.426706,23.781654,"雲林縣","二崙鄉"
"路口交岔撞","2019",12,13,10,"晴","日間自然光線",30,"四岔路","交叉口附近","柏油","乾燥","良好","無號誌","無","未繪設快慢車道分隔線","有",66,"不明",120.426706,23.781654,"雲林縣","二崙鄉"
"其他","2019",12,13,19,"陰","夜間(或隧道、地下道、涵洞)有照明",50,"直路","一般車道(未劃分快慢車道)","柏油","乾燥","不良","無號誌","中央分向島","未繪設快慢車道分隔線","有",30,"未使用",121.840621,24.878176,"宜蘭縣","頭城鎮"
"其他","2019",12,13,19,"陰","夜間(或隧道、地下道、涵洞)有照明",50,"直路","一般車道(未劃分快慢車道)","柏油","乾燥","不良","無號誌","中央分向島","未繪設快慢車道分隔線","有",76,"非汽(機)車駕駛人",121.840621,24.878176,"宜蘭縣","頭城鎮"
"路口交岔撞","2019",12,13,20,"晴","夜間(或隧道、地下道、涵洞)有照明",50,"四岔路","交叉路口內","柏油","乾燥","良好","正常","雙向禁止超車線","快慢車道分隔線","有",34,"未使用",120.737366,21.957984,"屏東縣","恆春鎮"
"路口交岔撞","2019",12,13,20,"晴","夜間(或隧道、地下道、涵洞)有照明",50,"四岔路","交叉路口內","柏油","乾燥","良好","正常","雙向禁止超車線","快慢車道分隔線","有",18,"未使用",120.737366,21.957984,"屏東縣","恆春鎮"