"事故類型及型態子類別名稱","發生年度","發生月份","發生日期","發生時間","天候名稱","光線名稱","速限.第1當事者","道路型態子類別名稱","事故位置子類別名稱","路面狀況.路面鋪裝名稱","路面狀況.路面狀態名稱","道路障礙.視距品質名稱","號誌.號誌動作名稱","車道劃分設施.分向設施大類別名稱","車道劃分設施.分道設施.快慢車道間名稱","車道劃分設施.分道設施.路面邊線名稱","當事者事故發生時年齡","行動電話或電腦或其他相類功能裝置名稱","經度","緯度","縣市","鄉鎮"
"路口交岔撞","2019",12,21,17,"晴","日間自然光線",40,"四岔路","交叉路口內","柏油","乾燥","良好","無號誌","無","未繪設快慢車道分隔線","無",35,"未使用",120.532173,24.217778,"臺中市","龍井區"
"路口交岔撞","2019",12,21,17,"晴","日間自然光線",40,"四岔路","交叉路口內","柏油","乾燥","良好","無號誌","無","未繪設快慢車道分隔線","無",21,"未使用",120.532173,24.217778,"臺中市","龍井區"
"路口交岔撞","2019",12,21,20,"陰","夜間(或隧道、地下道、涵洞)有照明",50,"四岔路","交叉路口內","柏油","乾燥","良好","無號誌","雙向禁止超車線","未繪設快慢車道分隔線","有",19,"未使用",121.799972,24.83488,"宜蘭縣","頭城鎮"
"路口交岔撞","2019",12,21,20,"陰","夜間(或隧道、地下道、涵洞)有照明",50,"四岔路","交叉路口內","柏油","乾燥","良好","無號誌","雙向禁止超車線","未繪設快慢車道分隔線","有",30,"未使用",121.799972,24.83488,"宜蘭縣","頭城鎮"
"衝出路外","2019",12,21,23,"晴","夜間(或隧道、地下道、涵洞)無照明",50,"直路","路肩、路緣","柏油","乾燥","良好","無號誌","行車分向線","快慢車道分隔線","有",64,"未使用",120.121672,23.216253,"臺南市","將軍區"
"撞路樹、電桿","2019",12,22,9,"晴","日間自然光線",50,"彎曲路及附近","路肩、路緣","柏油","乾燥","不良","無號誌","雙向禁止超車線","快慢車道分隔線","有",20,"不明",120.298434,23.509579,"嘉義縣","六腳鄉"
"撞路樹、電桿","2019",12,22,9,"晴","日間自然光線",50,"彎曲路及附近","路肩、路緣","柏油","乾燥","不良","無號誌","雙向禁止超車線","快慢車道分隔線","有",9,"非汽(機)車駕駛人",120.298434,23.509579,"嘉義縣","六腳鄉"
"路口交岔撞","2019",12,22,10,"晴","日間自然光線",40,"四岔路","交叉路口內","柏油","乾燥","良好","無動作","無","未繪設快慢車道分隔線","無",61,"未使用",120.302772,23.079082,"臺南市","新市區"
"路口交岔撞","2019",12,22,10,"晴","日間自然光線",40,"四岔路","交叉路口內","柏油","乾燥","良好","無動作","無","未繪設快慢車道分隔線","無",82,"非汽(機)車駕駛人",120.302772,23.079082,"臺南市","新市區"
"追撞","2019",12,22,13,"晴","日間自然光線",40,"直路","慢車道","柏油","乾燥","良好","無號誌","中央分向島","未繪設快慢車道分隔線","有",24,"未使用",120.438675,22.593076,"高雄市","大寮區"
"追撞","2019",12,22,13,"晴","日間自然光線",40,"直路","慢車道","柏油","乾燥","良好","無號誌","中央分向島","未繪設快慢車道分隔線","有",58,"非汽(機)車駕駛人",120.438675,22.593076,"高雄市","大寮區"
"路上翻車、摔倒","2019",12,22,22,"晴","夜間(或隧道、地下道、涵洞)有照明",30,"直路","一般車道(未劃分快慢車道)","柏油","乾燥","良好","無號誌","無","未繪設快慢車道分隔線","有",23,"不明",120.34924,23.930883,"彰化縣","芳苑鄉"
"追撞","2019",12,23,8,"晴","日間自然光線",40,"直路","機車專用道","柏油","乾燥","良好","無號誌","中央分向島","未繪設快慢車道分隔線","無",25,"未使用",120.301579,22.68252,"高雄市","左營區"
"追撞","2019",12,23,8,"晴","日間自然光線",40,"直路","機車專用道","柏油","乾燥","良好","無號誌","中央分向島","未繪設快慢車道分隔線","無",68,"未使用",120.301579,22.68252,"高雄市","左營區"
"側撞","2019",12,23,8,"晴","日間自然光線",50,"四岔路","交叉路口內","柏油","乾燥","良好","無號誌","無","未繪設快慢車道分隔線","無",63,"未使用",120.361987,22.63544,"高雄市","鳳山區"
"側撞","2019",12,23,8,"晴","日間自然光線",50,"四岔路","交叉路口內","柏油","乾燥","良好","無號誌","無","未繪設快慢車道分隔線","無",83,"未使用",120.361987,22.63544,"高雄市","鳳山區"
"同向通行中","2019",12,23,16,"晴","日間自然光線",60,"直路","路肩、路緣","柏油","乾燥","良好","無號誌","行車分向線","未繪設快慢車道分隔線","有",59,"未使用",120.372176,23.259262,"臺南市","柳營區"
"同向通行中","2019",12,23,16,"晴","日間自然光線",60,"直路","路肩、路緣","柏油","乾燥","良好","無號誌","行車分向線","未繪設快慢車道分隔線","有",82,"非汽(機)車駕駛人",120.372176,23.259262,"臺南市","柳營區"
"穿越道路中","2019",12,23,17,"晴","夜間(或隧道、地下道、涵洞)有照明",40,"直路","一般車道(未劃分快慢車道)","柏油","乾燥","不良","無號誌","雙向禁止超車線","未繪設快慢車道分隔線","有",65,"不明",121.094225,24.974312,"桃園市","新屋區"
"穿越道路中","2019",12,23,17,"晴","夜間(或隧道、地下道、涵洞)有照明",40,"直路","一般車道(未劃分快慢車道)","柏油","乾燥","不良","無號誌","雙向禁止超車線","未繪設快慢車道分隔線","有",66,"不明",121.094225,24.974312,"桃園市","新屋區"
"穿越道路中","2019",12,23,17,"晴","夜間(或隧道、地下道、涵洞)有照明",50,"四岔路","交叉路口內","柏油","乾燥","良好","正常","中央分向島","快慢車道分隔線","無",34,"未使用",121.476277,25.034205,"新北市","板橋區"
"穿越道路中","2019",12,23,17,"晴","夜間(或隧道、地下道、涵洞)有照明",50,"四岔路","交叉路口內","柏油","乾燥","良好","正常","中央分向島","快慢車道分隔線","無",67,"非汽(機)車駕駛人",121.476277,25.034205,"新北市","板橋區"
"追撞","2019",12,23,21,"晴","夜間(或隧道、地下道、涵洞)無照明",110,"直路","快車道","柏油","乾燥","良好","無號誌","中央分向島","未繪設快慢車道分隔線","有",22,"不明",120.248027,23.00294,"臺南市","永康區"
"追撞","2019",12,23,21,"晴","夜間(或隧道、地下道、涵洞)無照明",110,"直路","快車道","柏油","乾燥","良好","無號誌","中央分向島","未繪設快慢車道分隔線","有",49,"未使用",120.248027,23.00294,"臺南市","永康區"
"同向通行中","2019",12,24,7,"晴","日間自然光線",50,"三岔路","交叉口附近","柏油","乾燥","良好","無號誌","雙向禁止超車線","未繪設快慢車道分隔線","有",80,"非汽(機)車駕駛人",120.515521,24.063668,"彰化縣","彰化市"
"同向通行中","2019",12,24,7,"晴","日間自然光線",50,"三岔路","交叉口附近","柏油","乾燥","良好","無號誌","雙向禁止超車線","未繪設快慢車道分隔線","有",39,"未使用",120.515521,24.063668,"彰化縣","彰化市"
"衝出路外","2019",12,24,12,"晴","夜間(或隧道、地下道、涵洞)無照明",30,"直路","路肩、路緣","柏油","乾燥","良好","無號誌","無","未繪設快慢車道分隔線","無",84,"不明",120.19931,23.335091,"嘉義縣","義竹鄉"
"其他","2019",12,24,13,"晴","日間自然光線",60,"直路","一般車道(未劃分快慢車道)","柏油","乾燥","良好","無號誌","雙向禁止超車線","未繪設快慢車道分隔線","有",43,"不明",120.828206,22.075155,"屏東縣","滿州鄉"
"其他","2019",12,24,13,"晴","日間自然光線",60,"直路","一般車道(未劃分快慢車道)","柏油","乾燥","良好","無號誌","雙向禁止超車線","未繪設快慢車道分隔線","有",70,"未使用",120.828206,22.075155,"屏東縣","滿州鄉"
"穿越道路中","2019",12,24,16,"晴","日間自然光線",50,"直路","一般車道(未劃分快慢車道)","柏油","乾燥","良好","無號誌","行車分向線","未繪設快慢車道分隔線","有",109,"",120.310602,22.826556,"高雄市","岡山區"
"穿越道路中","2019",12,24,16,"晴","日間自然光線",50,"直路","一般車道(未劃分快慢車道)","柏油","乾燥","良好","無號誌","行車分向線","未繪設快慢車道分隔線","有",28,"未使用",120.310602,22.826556,"高雄市","岡山區"
"穿越道路中","2019",12,24,16,"晴","日間自然光線",50,"直路","一般車道(未劃分快慢車道)","柏油","乾燥","良好","無號誌","行車分向線","未繪設快慢車道分隔線","有",80,"非汽(機)車駕駛人",120.310602,22.826556,"高雄市","岡山區"
"側撞","2019",12,24,18,"晴","夜間(或隧道、地下道、涵洞)有照明",60,"直路","慢車道","柏油","乾燥","良好","無號誌","中央分向島","快慢車道分隔線","有",22,"未使用",120.679423,23.993919,"南投縣","草屯鎮"
"側撞","2019",12,24,18,"晴","夜間(或隧道、地下道、涵洞)有照明",60,"直路","慢車道","柏油","乾燥","良好","無號誌","中央分向島","快慢車道分隔線","有",69,"未使用",120.679423,23.993919,"南投縣","草屯鎮"
"側撞","2019",12,24,18,"晴","夜間(或隧道、地下道、涵洞)有照明",60,"直路","慢車道","柏油","乾燥","良好","無號誌","中央分向島","快慢車道分隔線","有",22,"未使用",120.679423,23.993919,"南投縣","草屯鎮"
"對撞","2019",12,24,22,"晴","夜間(或隧道、地下道、涵洞)無照明",110,"直路","快車道","柏油","乾燥","良好","無號誌","中央分向島","未繪設快慢車道分隔線","有",65,"不明",120.70864,24.32292,"臺中市","后里區"
"對撞","2019",12,24,22,"晴","夜間(或隧道、地下道、涵洞)無照明",110,"直路","快車道","柏油","乾燥","良好","無號誌","中央分向島","未繪設快慢車道分隔線","有",41,"未使用",120.70864,24.32292,"臺中市","后里區"
"對撞","2019",12,24,22,"晴","夜間(或隧道、地下道、涵洞)無照明",110,"直路","快車道","柏油","乾燥","良好","無號誌","中央分向島","未繪設快慢車道分隔線","有",45,"未使用",120.70864,24.32292,"臺中市","后里區"
"同向通行中","2019",12,24,22,"晴","夜間(或隧道、地下道、涵洞)有照明",50,"直路","一般車道(未劃分快慢車道)","柏油","乾燥","不良","無號誌","雙向禁止超車線","未繪設快慢車道分隔線","有",81,"非汽(機)車駕駛人",120.428877,23.711458,"雲林縣","虎尾鎮"
"同向通行中","2019",12,24,22,"晴","夜間(或隧道、地下道、涵洞)有照明",50,"直路","一般車道(未劃分快慢車道)","柏油","乾燥","不良","無號誌","雙向禁止超車線","未繪設快慢車道分隔線","有",53,"未使用",120.428877,23.711458,"雲林縣","虎尾鎮"
"穿越道路中","2019",12,25,6,"陰","日間自然光線",50,"直路","一般車道(未劃分快慢車道)","柏油","乾燥","良好","無號誌","雙向禁止超車線","快慢車道分隔線","有",22,"未使用",121.140492,24.808773,"新竹縣","關西鎮"
"穿越道路中","2019",12,25,6,"陰","日間自然光線",50,"直路","一般車道(未劃分快慢車道)","柏油","乾燥","良好","無號誌","雙向禁止超車線","快慢車道分隔線","有",81,"未使用",121.140492,24.808773,"新竹縣","關西鎮"
"穿越道路中","2019",12,25,6,"陰","日間自然光線",50,"直路","一般車道(未劃分快慢車道)","柏油","乾燥","良好","無號誌","雙向禁止超車線","快慢車道分隔線","有",76,"未使用",121.140492,24.808773,"新竹縣","關西鎮"
"同向擦撞","2019",12,25,12,"晴","日間自然光線",90,"直路","快車道","柏油","乾燥","良好","無號誌","中央分向島","未繪設快慢車道分隔線","有",53,"未使用",121.275712,25.020746,"桃園市","桃園區"
"同向擦撞","2019",12,25,12,"晴","日間自然光線",90,"直路","快車道","柏油","乾燥","良好","無號誌","中央分向島","未繪設快慢車道分隔線","有",40,"不明",121.275712,25.020746,"桃園市","桃園區"
"同向擦撞","2019",12,25,12,"晴","日間自然光線",90,"直路","快車道","柏油","乾燥","良好","無號誌","中央分向島","未繪設快慢車道分隔線","有",31,"非汽(機)車駕駛人",121.275712,25.020746,"桃園市","桃園區"
"同向擦撞","2019",12,25,12,"晴","日間自然光線",90,"直路","快車道","柏油","乾燥","良好","無號誌","中央分向島","未繪設快慢車道分隔線","有",34,"未使用",121.275712,25.020746,"桃園市","桃園區"
"同向擦撞","2019",12,25,12,"晴","日間自然光線",90,"直路","快車道","柏油","乾燥","良好","無號誌","中央分向島","未繪設快慢車道分隔線","有",46,"未使用",121.275712,25.020746,"桃園市","桃園區"
"同向擦撞","2019",12,25,12,"晴","日間自然光線",90,"直路","快車道","柏油","乾燥","良好","無號誌","中央分向島","未繪設快慢車道分隔線","有",45,"未使用",121.275712,25.020746,"桃園市","桃園區"
"穿越道路中","2019",12,25,12,"晴","日間自然光線",50,"直路","一般車道(未劃分快慢車道)","柏油","乾燥","良好","無號誌","雙向禁止超車線","未繪設快慢車道分隔線","有",68,"未使用",119.657454,23.584318,"澎湖縣","湖西鄉"
"穿越道路中","2019",12,25,12,"晴","日間自然光線",50,"直路","一般車道(未劃分快慢車道)","柏油","乾燥","良好","無號誌","雙向禁止超車線","未繪設快慢車道分隔線","有",86,"非汽(機)車駕駛人",119.657454,23.584318,"澎湖縣","湖西鄉"
"側撞","2019",12,25,18,"晴","日間自然光線",50,"三岔路","交叉路口內","柏油","乾燥","良好","無號誌","行車分向線","未繪設快慢車道分隔線","有",44,"不明",120.561941,23.915202,"彰化縣","永靖鄉"
"側撞","2019",12,25,18,"晴","日間自然光線",50,"三岔路","交叉路口內","柏油","乾燥","良好","無號誌","行車分向線","未繪設快慢車道分隔線","有",34,"未使用",120.561941,23.915202,"彰化縣","永靖鄉"
"其他","2019",12,25,22,"晴","日間自然光線",50,"多岔路","一般車道(未劃分快慢車道)","柏油","乾燥","良好","正常","雙向禁止超車線","未繪設快慢車道分隔線","無",40,"不明",120.720496,24.262128,"臺中市","豐原區"
"其他","2019",12,25,22,"晴","日間自然光線",50,"多岔路","一般車道(未劃分快慢車道)","柏油","乾燥","良好","正常","雙向禁止超車線","未繪設快慢車道分隔線","無",57,"不明",120.720496,24.262128,"臺中市","豐原區"
"側撞","2019",12,26,13,"晴","日間自然光線",50,"直路","快車道","柏油","乾燥","良好","無號誌","雙向禁止超車線","快慢車道分隔線","無",64,"不明",120.711182,24.149802,"臺中市","太平區"
"側撞","2019",12,26,13,"晴","日間自然光線",50,"直路","快車道","柏油","乾燥","良好","無號誌","雙向禁止超車線","快慢車道分隔線","無",30,"未使用",120.711182,24.149802,"臺中市","太平區"
"側撞","2019",12,26,13,"晴","日間自然光線",50,"直路","快車道","柏油","乾燥","良好","無號誌","雙向禁止超車線","快慢車道分隔線","無",21,"未使用",120.711182,24.149802,"臺中市","太平區"
"同向擦撞","2019",12,26,18,"晴","夜間(或隧道、地下道、涵洞)有照明",50,"直路","一般車道(未劃分快慢車道)","柏油","乾燥","良好","無號誌","行車分向線","未繪設快慢車道分隔線","有",70,"未使用",120.526457,22.511383,"屏東縣","潮州鎮"
"同向擦撞","2019",12,26,18,"晴","夜間(或隧道、地下道、涵洞)有照明",50,"直路","一般車道(未劃分快慢車道)","柏油","乾燥","良好","無號誌","行車分向線","未繪設快慢車道分隔線","有",70,"未使用",120.526457,22.511383,"屏東縣","潮州鎮"
"衝過(或撞壞)遮斷器","2019",12,26,22,"陰","夜間(或隧道、地下道、涵洞)有照明",15,"有遮斷器","其他","其他鋪裝","乾燥","良好","正常","無","未繪設快慢車道分隔線","無",44,"未使用",121.419861,24.981561,"新北市","樹林區"
"衝過(或撞壞)遮斷器","2019",12,26,22,"陰","夜間(或隧道、地下道、涵洞)有照明",15,"有遮斷器","其他","其他鋪裝","乾燥","良好","正常","無","未繪設快慢車道分隔線","無",40,"不明",121.419861,24.981561,"新北市","樹林區"
"側撞","2019",12,26,22,"晴","夜間(或隧道、地下道、涵洞)有照明",50,"三岔路","交叉路口內","柏油","乾燥","良好","正常","雙向禁止超車線","未繪設快慢車道分隔線","無",37,"未使用",120.309894,23.298502,"臺南市","新營區"
"側撞","2019",12,26,22,"晴","夜間(或隧道、地下道、涵洞)有照明",50,"三岔路","交叉路口內","柏油","乾燥","良好","正常","雙向禁止超車線","未繪設快慢車道分隔線","無",19,"未使用",120.309894,23.298502,"臺南市","新營區"
"追撞","2019",12,27,5,"晴","夜間(或隧道、地下道、涵洞)有照明",60,"直路","一般車道(未劃分快慢車道)","柏油","乾燥","良好","無號誌","中央分向島","未繪設快慢車道分隔線","有",70,"不明",120.410042,22.5742,"高雄市","大寮區"
"追撞","2019",12,27,5,"晴","夜間(或隧道、地下道、涵洞)有照明",60,"直路","一般車道(未劃分快慢車道)","柏油","乾燥","良好","無號誌","中央分向島","未繪設快慢車道分隔線","有",50,"未使用",120.410042,22.5742,"高雄市","大寮區"
"側撞","2019",12,27,15,"晴","日間自然光線",50,"多岔路","交叉路口內","柏油","乾燥","良好","正常","無","未繪設快慢車道分隔線","無",74,"未使用",121.306345,24.99688,"桃園市","桃園區"
"側撞","2019",12,27,15,"晴","日間自然光線",50,"多岔路","交叉路口內","柏油","乾燥","良好","正常","無","未繪設快慢車道分隔線","無",34,"未使用",121.306345,24.99688,"桃園市","桃園區"
"側撞","2019",12,27,16,"陰","日間自然光線",50,"三岔路","交叉口附近","柏油","乾燥","良好","正常","雙向禁止超車線","未繪設快慢車道分隔線","有",74,"未使用",120.251473,22.991274,"臺南市","仁德區"
"側撞","2019",12,27,16,"陰","日間自然光線",50,"三岔路","交叉口附近","柏油","乾燥","良好","正常","雙向禁止超車線","未繪設快慢車道分隔線","有",68,"未使用",120.251473,22.991274,"臺南市","仁德區"
"追撞","2019",12,28,4,"晴","日間自然光線",50,"直路","慢車道","柏油","乾燥","良好","正常","中央分向島","快慢車道分隔線","有",19,"未使用",120.51933,22.655293,"屏東縣","麟洛鄉"
"追撞","2019",12,28,4,"晴","日間自然光線",50,"直路","慢車道","柏油","乾燥","良好","正常","中央分向島","快慢車道分隔線","有",38,"未使用",120.51933,22.655293,"屏東縣","麟洛鄉"
"穿越道路中","2019",12,28,5,"晴","夜間(或隧道、地下道、涵洞)有照明",50,"直路","一般車道(未劃分快慢車道)","柏油","乾燥","良好","正常","雙向禁止超車線","未繪設快慢車道分隔線","有",43,"未使用",120.538021,23.696908,"雲林縣","斗六市"
"穿越道路中","2019",12,28,5,"晴","夜間(或隧道、地下道、涵洞)有照明",50,"直路","一般車道(未劃分快慢車道)","柏油","乾燥","良好","正常","雙向禁止超車線","未繪設快慢車道分隔線","有",82,"非汽(機)車駕駛人",120.538021,23.696908,"雲林縣","斗六市"
"其他","2019",12,28,6,"晴","日間自然光線",50,"多岔路","交叉口附近","柏油","乾燥","良好","正常","中央分向島","快慢車道分隔線","有",20,"未使用",121.523205,25.082174,"臺北市","士林區"
"其他","2019",12,28,6,"晴","日間自然光線",50,"多岔路","交叉口附近","柏油","乾燥","良好","正常","中央分向島","快慢車道分隔線","有",64,"未使用",121.523205,25.082174,"臺北市","士林區"
"對向擦撞","2019",12,28,7,"晴","日間自然光線",30,"彎曲路及附近","一般車道(未劃分快慢車道)","柏油","乾燥","不良","無號誌","無","未繪設快慢車道分隔線","無",75,"不明",120.426296,23.415344,"嘉義縣","水上鄉"
"對向擦撞","2019",12,28,7,"晴","日間自然光線",30,"彎曲路及附近","一般車道(未劃分快慢車道)","柏油","乾燥","不良","無號誌","無","未繪設快慢車道分隔線","無",60,"未使用",120.426296,23.415344,"嘉義縣","水上鄉"
"路上翻車、摔倒","2019",12,28,13,"晴","日間自然光線",40,"直路","一般車道(未劃分快慢車道)","柏油","乾燥","良好","無號誌","雙向禁止超車線","快慢車道分隔線","有",39,"未使用",120.819057,24.062013,"南投縣","國姓鄉"
"其他","2019",12,28,15,"晴","日間自然光線",60,"三岔路","交叉路口內","柏油","乾燥","良好","正常","雙向禁止超車線","快慢車道分隔線","有",59,"非汽(機)車駕駛人",120.47999,23.968805,"彰化縣","溪湖鎮"
"其他","2019",12,28,15,"晴","日間自然光線",60,"三岔路","交叉路口內","柏油","乾燥","良好","正常","雙向禁止超車線","快慢車道分隔線","有",60,"未使用",120.47999,23.968805,"彰化縣","溪湖鎮"
"其他","2019",12,28,17,"晴","夜間(或隧道、地下道、涵洞)有照明",30,"直路","一般車道(未劃分快慢車道)","柏油","乾燥","良好","無號誌","雙向禁止超車線","未繪設快慢車道分隔線","有",36,"不明",121.299841,24.889294,"桃園市","大溪區"
"其他","2019",12,28,17,"晴","夜間(或隧道、地下道、涵洞)有照明",30,"直路","一般車道(未劃分快慢車道)","柏油","乾燥","良好","無號誌","雙向禁止超車線","未繪設快慢車道分隔線","有",56,"不明",121.299841,24.889294,"桃園市","大溪區"
"撞路樹、電桿","2019",12,28,18,"晴","夜間(或隧道、地下道、涵洞)有照明",60,"直路","路肩、路緣","柏油","乾燥","良好","無號誌","中央分向島","快慢車道分隔線","有",108,"",120.4128,22.61444,"高雄市","大寮區"
"撞路樹、電桿","2019",12,28,18,"晴","夜間(或隧道、地下道、涵洞)有照明",60,"直路","路肩、路緣","柏油","乾燥","良好","無號誌","中央分向島","快慢車道分隔線","有",43,"未使用",120.4128,22.61444,"高雄市","大寮區"
"穿越道路中","2019",12,29,6,"雨","晨或暮光",50,"直路","一般車道(未劃分快慢車道)","柏油","濕潤","良好","無號誌","雙向禁止超車線","未繪設快慢車道分隔線","有",26,"未使用",120.340946,23.965619,"彰化縣","芳苑鄉"
"穿越道路中","2019",12,29,6,"雨","晨或暮光",50,"直路","一般車道(未劃分快慢車道)","柏油","濕潤","良好","無號誌","雙向禁止超車線","未繪設快慢車道分隔線","有",90,"非汽(機)車駕駛人",120.340946,23.965619,"彰化縣","芳苑鄉"
"路上翻車、摔倒","2019",12,29,7,"雨","日間自然光線",50,"直路","路肩、路緣","柏油","濕潤","良好","無號誌","無","未繪設快慢車道分隔線","有",20,"未使用",121.242686,24.923805,"桃園市","平鎮區"
"撞路樹、電桿","2019",12,29,9,"雨","日間自然光線",50,"直路","路肩、路緣","柏油","濕潤","良好","無號誌","中央分向島","快慢車道分隔線","有",69,"不明",120.260325,23.465423,"嘉義縣","朴子市"
"追撞","2019",12,29,20,"晴","夜間(或隧道、地下道、涵洞)有照明",50,"直路","慢車道","柏油","濕潤","良好","無號誌","行車分向線","快慢車道分隔線","有",52,"不明",120.378302,23.650817,"雲林縣","元長鄉"
"追撞","2019",12,29,20,"晴","夜間(或隧道、地下道、涵洞)有照明",50,"直路","慢車道","柏油","濕潤","良好","無號誌","行車分向線","快慢車道分隔線","有",48,"不明",120.378302,23.650817,"雲林縣","元長鄉"
"對向擦撞","2019",12,29,21,"雨","夜間(或隧道、地下道、涵洞)無照明",60,"三岔路","交叉口附近","柏油","濕潤","良好","無號誌","雙向禁止超車線","快慢車道分隔線","有",50,"未使用",121.133104,22.948114,"臺東縣","鹿野鄉"
"對向擦撞","2019",12,29,21,"雨","夜間(或隧道、地下道、涵洞)無照明",60,"三岔路","交叉口附近","柏油","濕潤","良好","無號誌","雙向禁止超車線","快慢車道分隔線","有",43,"未使用",121.133104,22.948114,"臺東縣","鹿野鄉"
"對向擦撞","2019",12,29,21,"雨","夜間(或隧道、地下道、涵洞)無照明",60,"三岔路","交叉口附近","柏油","濕潤","良好","無號誌","雙向禁止超車線","快慢車道分隔線","有",60,"未使用",121.133104,22.948114,"臺東縣","鹿野鄉"
"穿越道路中","2019",12,30,5,"雨","夜間(或隧道、地下道、涵洞)有照明",50,"直路","快車道","柏油","濕潤","良好","無號誌","中央分向島","未繪設快慢車道分隔線","有",40,"未使用",121.053396,24.826425,"新竹縣","新埔鎮"
"穿越道路中","2019",12,30,5,"雨","夜間(或隧道、地下道、涵洞)有照明",50,"直路","快車道","柏油","濕潤","良好","無號誌","中央分向島","未繪設快慢車道分隔線","有",78,"未使用",121.053396,24.826425,"新竹縣","新埔鎮"
"穿越道路中","2019",12,30,5,"雨","夜間(或隧道、地下道、涵洞)有照明",50,"三岔路","交叉路口內","柏油","濕潤","良好","正常","雙向禁止超車線","未繪設快慢車道分隔線","無",63,"未使用",121.517555,25.002025,"新北市","永和區"
"穿越道路中","2019",12,30,5,"雨","夜間(或隧道、地下道、涵洞)有照明",50,"三岔路","交叉路口內","柏油","濕潤","良好","正常","雙向禁止超車線","未繪設快慢車道分隔線","無",85,"非汽(機)車駕駛人",121.517555,25.002025,"新北市","永和區"
"路口交岔撞","2019",12,30,7,"雨","日間自然光線",40,"多岔路","交叉路口內","柏油","濕潤","良好","正常","無","未繪設快慢車道分隔線","無",65,"不明",120.521839,23.854344,"彰化縣","溪州鄉"
"路口交岔撞","2019",12,30,7,"雨","日間自然光線",40,"多岔路","交叉路口內","柏油","濕潤","良好","正常","無","未繪設快慢車道分隔線","無",38,"不明",120.521839,23.854344,"彰化縣","溪州鄉"
"撞護欄(樁)","2019",12,30,15,"晴","日間自然光線",50,"高架道路","交通島(含槽化線)","柏油","乾燥","良好","無號誌","中央分向島","寛式快慢車道分隔島(50公分以上)","有",23,"不明",120.30515,22.56324,"高雄市","旗津區"
"穿越道路中","2019",12,30,21,"雨","夜間(或隧道、地下道、涵洞)有照明",50,"四岔路","交叉口附近","柏油","濕潤","良好","正常","雙向禁止超車線","未繪設快慢車道分隔線","無",33,"不明",120.986871,24.80364,"新竹市","東區"
"穿越道路中","2019",12,30,21,"雨","夜間(或隧道、地下道、涵洞)有照明",50,"四岔路","交叉口附近","柏油","濕潤","良好","正常","雙向禁止超車線","未繪設快慢車道分隔線","無",87,"非汽(機)車駕駛人",120.986871,24.80364,"新竹市","東區"
"同向通行中","2019",12,31,3,"雨","夜間(或隧道、地下道、涵洞)有照明",50,"直路","一般車道(未劃分快慢車道)","柏油","濕潤","良好","無號誌","中央分向島","未繪設快慢車道分隔線","有",19,"未使用",121.514519,24.992575,"新北市","中和區"
"同向通行中","2019",12,31,3,"雨","夜間(或隧道、地下道、涵洞)有照明",50,"直路","一般車道(未劃分快慢車道)","柏油","濕潤","良好","無號誌","中央分向島","未繪設快慢車道分隔線","有",51,"未使用",121.514519,24.992575,"新北市","中和區"
"同向通行中","2019",12,31,3,"雨","夜間(或隧道、地下道、涵洞)有照明",50,"直路","一般車道(未劃分快慢車道)","柏油","濕潤","良好","無號誌","中央分向島","未繪設快慢車道分隔線","有",18,"未使用",121.514519,24.992575,"新北市","中和區"
"同向通行中","2019",12,31,3,"雨","夜間(或隧道、地下道、涵洞)有照明",50,"直路","一般車道(未劃分快慢車道)","柏油","濕潤","良好","無號誌","中央分向島","未繪設快慢車道分隔線","有",61,"未使用",121.514519,24.992575,"新北市","中和區"
"追撞","2019",12,31,5,"雨","晨或暮光",70,"直路","快車道","柏油","濕潤","良好","無號誌","中央分向島","快慢車道分隔線","有",77,"不明",120.256692,23.302341,"臺南市","鹽水區"
"追撞","2019",12,31,5,"雨","晨或暮光",70,"直路","快車道","柏油","濕潤","良好","無號誌","中央分向島","快慢車道分隔線","有",59,"未使用",120.256692,23.302341,"臺南市","鹽水區"
"其他","2019",12,31,13,"晴","日間自然光線",50,"直路","路肩、路緣","柏油","乾燥","良好","無號誌","雙向禁止超車線","未繪設快慢車道分隔線","有",68,"未使用",120.224139,23.013776,"臺南市","北區"
"其他","2019",12,31,13,"晴","日間自然光線",50,"直路","路肩、路緣","柏油","乾燥","良好","無號誌","雙向禁止超車線","未繪設快慢車道分隔線","有",59,"未使用",120.224139,23.013776,"臺南市","北區"
"側撞","2019",12,31,18,"陰","夜間(或隧道、地下道、涵洞)有照明",60,"直路","快車道","柏油","乾燥","良好","無號誌","行車分向線","快慢車道分隔線","有",35,"未使用",120.22228,23.140823,"臺南市","西港區"
"側撞","2019",12,31,18,"陰","夜間(或隧道、地下道、涵洞)有照明",60,"直路","快車道","柏油","乾燥","良好","無號誌","行車分向線","快慢車道分隔線","有",63,"未使用",120.22228,23.140823,"臺南市","西港區"
"側撞","2019",12,31,18,"陰","夜間(或隧道、地下道、涵洞)有照明",60,"直路","快車道","柏油","乾燥","良好","無號誌","行車分向線","快慢車道分隔線","有",74,"非汽(機)車駕駛人",120.22228,23.140823,"臺南市","西港區"